
f7be ffdf ffdf ffdf ffdf ffdf ffdf ffdf f7be ffdf ffdf ffdf ffdf ffdf ffdf ffdf ffdf ffdf ffdf ffdf ffdf ffdf ffdf ffdf f7be f7be ffdf ffdf ffdf ffdf ffdf ffdf ffdf f7be ffdf ffdf ffdf ffdf ffdf ffdf f7be f7be ffdf ffdf f7be ffdf ffdf ffdf f7be f7be ffdf ffdf ffdf ffdf ffdf f7be f7be f7be ffdf ffdf ffdf ffdf ffdf ffdf f7de f7de ffdf ffdf ffdf ffdf ffdf ffdf f7be ffdf ffdf ffdf ffbf ffdf ffdf ffdf ffdf ffdf ffdf ffdf ffdf ffdf ffdf ffdf ffdf f7be ffdf ffdf ffdf ffdf ffdf ffdf f7be f7be ffdf ffdf ffdf ffdf ffdf ffdf f7be ffdf ffdf ffdf f7be ffdf ffdf ffdf f7be ffdf ffdf ffdf ffdf ffdf ffdf ffdf f7be f7be f7be ffdf ffdf ffdf ffdf ffdf ffdf ffdf ffdf ffdf ffdf ffdf ffdf ffdf ffdf ffdf ffdf ffdf ffdf ffdf ffdf ffdf f7de f7de f7de ffde ffde ffbe ffdf ffdf f7be f7df f7df ffdf ffbf ffbf ffdf ffdf efde efde f7fe efde f7de f7be ffde ffbe f7be f79e f79d f77d f75d f75d f75d f75d ef7d f79d f7be f7be f7be f7bf f7bf ffbf f7bf ffbf ffdf ffdf ffdf ffdf ffdf ffdf f7de f7de fffe ffde ffde ffde ffdf ffdf f7be f7be ffdf ffdf ffdf ffdf ffbf ffdf f7be f7be ffdf ffdf ffdf ffdf ffdf ffdf f7be f7be ffdf ffdf ffdf ffdf ffdf ffdf f7be f7be ffdf ffdf ffdf f7be ffdf ffdf f7be ffdf ffdf ffdf ffdf ffdf ffdf ffdf f7de f7de ffdf ffdf ffdf ffdf ffdf ffdf f7be ffdf ffdf ffdf ffdf ffbf ffdf ffdf ffdf ffdf ffdf ffdf ffdf ffdf ffdf ffdf f7be ffdf ffdf ffdf ffdf ffdf ffdf ffdf f7be ffdf ffdf ffdf ffdf ffdf ffdf ffdf f7be f7be ffdf ffdf ffdf ffdf ffdf ffdf f7df f7de f7df f7df ffdf ffdf ffdf ffdf f7be f7be ffdf ffdf ffdf ffdf ffdf ffdf f7be ffdf ffdf ffdf ffdf ffdf ffdf ffdf ffdf ffdf ffdf ffdf f7be ffdf ffdf ffdf 
ffdf ffdf ffdf ffdf ffdf ffdf ffdf ffdf ffdf ffdf ffdf ffdf ffdf ffdf ffdf f7be ffdf ffdf ffdf ffdf ffdf ffdf ffdf ffdf ffdf ffdf ffdf ffdf ffdf ffdf ffdf ffdf ffdf ffdf ffdf ffdf ffdf ffdf ffdf ffdf ffdf ffdf ffdf ffdf ffdf ffdf ffdf ffdf ffdf ffdf ffdf ffdf ffdf ffdf ffdf ffdf ffdf ffdf f7be f7be ffdf ffdf ffdf ffdf ffbf ffdf ffdf ffdf ffdf ffdf ffdf ffdf ffdf ffdf ffdf ffdf ffdf ffdf f7de f7df ffdf ffdf ffdf ffdf ffdf ffdf ffdf ffdf ffdf ffdf ffdf ffdf ffdf ffdf ffdf f7be ffdf ffdf ffdf ffdf ffdf ffdf ffdf ffdf ffdf ffdf ffdf ffdf ffdf ffdf ffdf ffdf ffdf ffdf ffdf f7be ffdf ffdf ffdf ffdf ffdf f7be ffdf ffdf ffdf ffdf f7be ffdf ffdf ffdf ffdf ffdf ffdf ffdf ffdf ffdf ffdf ffdf ffdf f7be ffdf ffdf f7be f7be ffdf ffdf ffbe ffdf ffdf ffdf ffdf ffdf ffdf ffdf ffdf ffdf f7df f7df f7be ffbe f7bd f79d ef3b e699 d616 acd1 9c30 9c30 8b8d 834c 7aea 6a47 6206 7ac9 938c 936c 8b2b a42f ac4f b4b1 cd75 de38 e6da ef3b f79d f7bd f7bd ffde f7de ffdf ffdf ffbf ffbf ffbf ffdf ffdf ffdf ffdf ffdf ffdf ffdf ffdf ffdf ffdf ffdf f7df ffdf ffdf ffdf ffdf ffdf ffdf ffdf ffdf ffdf ffdf ffdf ffdf ffdf ffdf ffdf f7be ffdf ffdf ffdf ffdf ffdf ffdf ffdf ffdf ffdf ffdf ffdf ffdf ffdf ffdf ffdf ffdf ffdf ffdf ffdf ffdf ffdf ffdf ffdf f7be ffdf ffdf ffdf ffdf ffdf ffdf ffdf ffdf f7df f7df ffdf ffdf ffdf ffdf ffdf ffdf ffdf ffdf ffdf ffdf ffdf ffdf ffdf ffdf f7be f7be ffdf ffdf ffdf ffdf ffdf ffdf ffdf ffdf ffdf ffdf ffdf ffdf ffdf ffdf ffdf ffdf ffdf ffdf ffdf ffdf ffdf ffdf ffdf ffdf ffdf f7be ffdf ffdf ffdf ffdf ffdf ffdf ffdf ffdf ffdf ffdf ffdf ffdf ffdf ffdf ffdf ffdf ffdf ffdf ffdf ffdf ffdf f7be 
ffdf ffdf ffdf ffdf ffdf ffdf ffdf ffdf ffdf ffdf ffdf ffdf ffdf ffdf ffdf ffdf ffdf ffdf ffdf ffdf ffdf ffdf ffdf ffdf ffdf ffdf ffdf ffdf ffdf ffdf ffdf ffdf ffdf ffdf ffdf ffdf ffdf ffdf ffdf ffdf ffdf ffdf ffdf ffdf ffdf ffdf ffdf ffdf ffdf ffdf ffdf ffdf ffdf ffdf ffdf ffdf ffdf ffdf ffdf ffdf ffdf ffdf ffdf ffdf ffdf ffdf ffdf ffdf ffdf ffdf ffdf ffdf ffdf ffdf ffdf ffdf ffdf ffdf ffdf ffdf ffdf ffdf ffdf ffdf ffdf ffdf ffdf f7be ffdf ffdf ffdf ffdf ffdf ffdf ffdf ffdf ffdf ffdf ffdf ffdf ffdf ffdf ffdf ffdf ffdf ffdf ffdf ffdf ffdf ffdf ffdf ffdf ffdf ffdf ffdf ffdf ffdf ffdf ffdf f7be ffdf ffdf ffdf ffdf ffdf ffdf ffdf ffdf ffdf ffdf f7be ffdf ffdf ffdf ffdf ffdf ffdf ffdf ffdf ffdf ffdf ffdf ffdf ffdf ffbf ffdf f7be ffdf ffdf ffdf ffdf ffdf f7df f7de f7ff ffde ffde ff9d e6fb d5f7 ac91 832b 6247 51c5 59e5 4942 51a4 4943 4922 4943 51c4 6246 72c8 6226 51c4 8309 7aa8 82e9 6226 6206 7a68 82c9 a3ce b450 cd94 cd95 de58 eeda f75c f77d ffbe ffdf ffde ffde ffde ffff ffdf ffdf ffdf ffdf ffdf ffdf f7de ffdf ffdf ffdf ffdf ffdf ffdf ffdf ffdf ffdf ffdf ffdf ffdf ffdf ffdf ffdf f7be f7be ffdf f7be ffdf ffdf ffdf ffdf ffdf ffdf ffdf ffdf ffdf f7be ffdf ffdf ffdf ffdf ffdf ffdf ffdf ffdf ffdf ffdf ffdf ffdf ffdf ffdf ffdf ffdf ffdf ffdf ffdf ffdf ffdf ffdf f7be ffdf ffdf ffdf ffdf ffdf ffdf ffdf ffdf ffdf ffdf ffdf ffdf ffdf ffdf ffdf ffdf f7be f7be ffdf ffdf ffdf ffdf ffdf ffdf ffdf ffdf ffdf ffdf ffdf ffdf ffdf ffdf ffdf ffdf ffdf ffdf ffdf ffdf ffdf ffdf ffdf ffdf ffdf ffdf ffdf ffdf ffdf ffdf ffdf ffdf ffdf ffdf ffdf ffdf ffdf ffdf ffdf ffdf ffdf ffdf ffdf ffdf ffdf ffdf f7be 
ffdf ffdf ffdf ffdf ffdf f7be f7be ffdf ffdf ffdf ffdf ffdf ffdf ffdf ffdf ffdf ffdf ffdf ffdf ffdf ffdf ffdf ffdf ffdf ffdf f7be f7be ffdf f7be ffdf ffdf ffdf ffdf ffdf ffdf ffdf ffdf ffdf ffdf ffdf f7be ffdf ffdf ffdf ffdf ffdf f7be ffdf ffdf ffdf ffdf ffdf ffdf ffdf ffdf ffdf ffdf ffdf ffdf ffdf ffdf ffdf ffdf ffdf ffdf ffdf ffdf ffdf ffdf f7be ffdf ffdf ffdf ffdf ffdf ffdf ffdf ffdf ffdf ffdf ffdf ffdf ffdf ffdf ffdf ffdf ffdf ffdf ffdf ffdf ffdf ffdf ffdf ffdf ffdf ffdf ffdf ffdf ffdf ffdf ffdf ffdf ffdf ffdf ffdf ffdf ffdf ffdf ffdf ffdf f7be ffdf ffdf ffdf ffdf ffdf ffdf ffdf ffdf ffdf ffdf ffdf f7be ffdf ffdf ffdf ffdf ffdf ffdf ffdf ffdf ffdf ffdf f7be ffdf ffdf ffdf ffdf ffdf ffdf ffdf ffdf ffdf ffdf ffdf ffdf f7df f7df ffdf ffdf ffdf f7df f7df ffde ffbd e6b9 bd33 8b6c 6227 59a5 59c5 59a5 59c5 59c4 59e5 6246 6a47 72c8 6a88 936b 934b 9b6b 9b6b 934b 8b2a 8b29 7ac8 72a7 6247 5a06 51c4 3922 3921 4143 51c5 72a9 93cd a42f bd33 cdd6 e6b9 ef3c f79d f7be ffdf ffdf ffdf ffdf ffdf ffdf ffde ffde ffde ffde ffdf ffdf ffdf ffdf ffdf ffdf ffdf ffdf ffdf ffdf ffdf ffdf ffdf ffdf ffdf ffdf ffdf ffdf ffdf ffdf ffdf ffdf ffdf ffdf ffdf ffdf ffdf ffdf ffdf ffdf ffdf f7be ffdf ffdf ffdf ffdf ffdf ffdf ffdf ffdf ffdf ffdf ffdf ffdf ffdf ffdf ffdf ffdf ffdf ffdf ffdf f7be ffdf ffdf ffdf ffdf ffdf ffdf ffdf ffdf ffdf ffdf ffdf ffdf ffdf ffdf ffdf ffdf ffdf ffdf ffdf ffdf ffdf ffdf ffdf ffdf ffdf ffdf ffdf ffdf ffdf ffdf ffdf ffdf ffdf f7df ffdf ffdf ffdf ffdf ffdf f7be ffdf ffdf ffdf ffdf ffdf ffdf ffdf ffbf ffdf ffdf ffdf ffdf ffdf ffdf ffdf ffdf ffdf ffdf ffdf ffdf ffdf ffdf ffdf ffdf 
ffdf ffdf ffdf ffdf ffdf f7be ffdf ffdf ffdf ffdf ffdf ffdf ffdf ffdf ffdf ffdf ffdf ffdf ffdf ffdf ffdf ffdf ffdf ffdf ffdf ffdf ffdf ffdf ffdf ffdf ffdf ffdf ffdf ffdf ffdf ffdf ffdf ffdf ffdf ffdf ffdf f7be ffdf ffdf ffdf ffdf ffdf ffdf ffdf ffdf ffdf ffdf ffdf ffdf ffdf ffdf ffdf ffdf ffdf ffdf ffdf ffdf ffdf ffdf ffdf ffdf ffdf ffdf ffdf ffdf f7be ffdf ffdf f7be ffdf ffdf ffdf ffdf ffdf ffdf ffdf ffdf ffdf ffdf ffdf ffdf ffdf ffdf ffdf ffdf ffdf ffdf ffdf ffdf ffdf ffdf ffdf ffdf ffdf ffdf ffdf ffdf ffdf ffdf ffdf ffdf ffdf ffdf ffdf ffdf ffdf ffdf ffdf ffdf ffdf ffdf ffdf ffdf ffdf ffdf ffdf ffdf ffdf ffdf ffdf ffdf ffdf ffdf ffdf ffdf ffdf ffdf ffdf f7be ffdf ffdf ffdf ffdf ffdf ffdf ffdf ffdf ffdf ffdf ffde ffbe f7be ffdf ffdf ffdf ffdf ffbf ff9e cdd6 834c 6a68 7ae9 6226 6225 5a05 59c4 6205 6246 5a05 59e5 59e5 51e5 51a4 59c5 59e6 61e5 6206 6246 6246 6225 6a25 6a46 7267 7246 6a06 7247 7267 59c5 59c5 51a5 4143 38e2 3902 59e6 8b6c 93ad ac70 d617 eefb f79d f7be ffde f7df ffdf f7be ffdf ffdf ffde ffde ffdf f7de ffdf ffdf ffdf ffdf ffdf ffdf ffdf ffdf ffdf f7be ffdf ffdf ffdf ffdf ffdf ffdf ffdf ffdf ffdf ffdf ffdf f7be ffdf ffdf ffdf ffdf ffdf ffdf ffdf ffdf ffdf ffdf ffdf ffdf ffdf ffdf ffdf ffdf ffdf ffdf ffdf ffdf ffdf ffdf ffdf ffdf f7be f7be ffdf ffdf ffdf ffdf ffdf ffdf ffdf ffdf ffdf ffdf ffdf ffdf ffdf ffdf ffdf ffdf ffdf ffdf ffdf ffdf ffdf ffdf ffdf ffdf ffdf ffdf ffdf ffdf ffdf ffdf ffdf ffdf ffdf ffdf ffdf ffdf ffdf ffdf ffdf ffdf ffdf ffdf ffdf ffdf ffdf ffdf ffdf ffdf ffdf f7df ffdf ffdf ffdf ffdf ffdf ffdf ffdf ffdf ffdf ffdf ffdf ffdf ffdf ffdf ffdf ffdf 
f7be ffdf ffdf ffdf ffdf ffdf ffdf ffdf ffdf ffdf ffdf ffdf ffdf ffdf ffdf ffdf ffdf ffdf ffdf ffdf ffdf ffdf ffdf ffdf ffdf ffdf ffdf ffdf ffdf ffdf ffdf ffdf ffdf ffdf ffdf ffdf ffdf ffdf ffdf ffdf ffdf ffdf ffdf ffdf ffdf f7be f7be ffdf ffdf ffdf ffdf ffdf ffdf ffdf ffdf ffdf ffdf ffdf ffdf ffdf ffdf ffdf ffdf ffdf ffdf ffdf ffdf ffdf ffdf ffdf ffdf ffdf ffdf ffdf ffdf ffdf ffdf ffdf ffdf ffdf f7be ffdf ffdf ffdf ffdf ffdf ffdf ffdf ffdf ffdf ffdf ffdf ffdf ffdf ffdf ffdf ffdf ffdf ffdf ffdf ffdf ffdf ffdf ffdf ffdf ffdf ffdf ffdf ffdf ffdf ffdf ffdf ffdf ffdf ffdf ffdf ffdf ffdf ffdf ffdf ffdf ffdf ffdf ffdf ffdf ffdf ffdf ffdf ffdf ffdf ffdf ffdf ffdf ffdf ffdf ffdf ffdf ffdf ffdf ffdf ffdf ffdf ffdf ffbf ffbf ffdf ffdf ffde ffde ffbe f75d b554 6ac9 6247 5a06 51a4 59e6 4984 51a5 4984 49a5 4984 49a4 49a4 51e6 4985 4964 4164 4143 3923 3102 3102 3102 3902 3923 4984 49a4 4963 4963 51a5 51a4 59c5 6226 7267 82e8 72a7 7ac8 6a46 51c4 4122 38e2 4964 72a9 a42f c595 eeda ef5c ffdf ffdf ffdf ffdf ffdf f7df ffdf ffde ffdf ffdf ffdf ffdf ffdf ffdf ffdf ffdf f7be ffdf ffdf ffdf ffdf f7be ffdf ffdf ffdf ffdf ffdf f7be ffdf ffdf ffdf ffdf ffdf ffdf ffdf ffdf ffdf ffdf ffdf ffdf ffdf ffdf ffdf ffdf ffdf ffdf ffdf ffdf ffdf ffdf ffdf ffdf ffdf ffdf ffdf ffdf ffdf ffdf ffdf ffdf ffdf ffdf ffdf ffdf ffdf ffdf ffdf ffdf ffdf ffdf ffdf ffdf ffdf ffdf ffdf ffdf ffdf ffdf ffdf ffdf ffdf ffdf ffdf ffdf ffdf ffdf ffdf ffdf ffdf ffdf ffdf ffdf ffdf ffdf ffdf ffdf ffdf ffdf ffdf ffdf ffdf ffdf ffdf ffdf ffdf ffdf ffdf ffdf ffdf ffdf ffdf ffdf ffdf ffdf ffdf f7be ffdf ffdf ffdf ffdf ffdf ffdf ffdf 
ffdf ffdf ffdf ffdf f7be f7be ffdf ffdf ffdf ffdf ffdf ffdf f7be ffdf f7be ffdf ffdf ffdf ffdf ffdf ffdf ffdf ffdf ffdf f7be ffdf f7be ffdf ffdf ffdf f7be ffdf ffdf ffdf ffdf ffdf ffdf ffdf ffdf ffdf ffdf f7be f7be f7be f7be f7be ffdf ffdf ffdf ffdf ffdf ffdf ffdf ffdf ffdf ffdf ffdf ffdf f7be f7be ffdf f7be ffdf ffdf f7de f7df ffdf ffdf ffdf ffdf ffdf ffdf ffdf ffdf f7be f7be ffdf ffdf ffbf ffdf ffdf ffdf ffdf ffdf ffdf ffdf ffdf ffdf ffdf ffdf ffdf ffdf ffdf ffdf ffdf ffdf ffdf ffdf ffdf ffdf ffdf ffdf ffdf ffdf ffdf ffdf ffdf ffdf ffdf ffdf ffdf ffdf ffdf ffdf ffdf ffdf ffdf ffdf ffdf ffdf ffdf ffdf ffdf ffdf ffdf ffdf ffdf ffdf ffdf ffdf ffdf ffdf ffdf ffdf ffdf ffdf ffdf ffdf ffdf ffdf ffdf ffdf ffdf ffdf f7df f7df ffdf ffdf ef3c b512 6a88 51a4 51a4 5a06 4184 51e5 4184 4184 4185 3944 4164 4164 4164 4143 4164 3943 3943 3123 3123 3123 3103 3102 28e2 3102 28e2 28c2 28e2 28a1 20a1 28a1 28c2 30e2 28a1 28a1 30c1 3902 4942 6205 7287 7287 72a8 51a5 2881 3081 51a6 7acb 93ae d617 ff5d ffbe ffdf f7df f7df f7df f7df ffdf ffdf ffdf ffdf ffdf ffdf f7be ffdf ffdf ffdf ffdf ffdf ffdf f7be ffdf ffdf ffdf ffdf ffdf ffdf ffdf ffdf ffdf ffdf ffdf ffdf ffdf ffdf ffdf ffdf f7be ffdf ffdf ffdf ffdf f7df f7df ffdf ffdf ffdf ffdf ffdf ffdf ffdf ffdf ffdf ffdf ffdf ffdf ffbf ffdf ffdf ffdf ffdf ffdf ffdf ffdf ffdf ffdf ffdf ffdf ffdf ffdf ffdf ffdf ffdf ffdf ffdf ffdf ffdf ffdf ffdf ffdf ffdf ffdf ffdf ffdf ffdf ffdf ffdf ffdf ffdf ffdf ffdf ffdf ffdf ffdf ffdf ffdf ffdf ffdf ffdf ffdf ffdf ffdf ffdf ffdf ffdf ffdf ffdf ffdf ffdf ffdf ffdf f7be ffdf ffdf ffdf ffdf ffdf ffdf ffdf ffdf ffdf ffdf 
ffdf ffdf ffdf ffdf ffdf f7be f79e ef7d ef5d e73c ef5d ef7d ef5d e73c e73c f79e ffdf ffdf ffdf ffdf f7be f7be ffdf f7be f79e ef7d e73c e73c ef5d ef7d f79e ffdf ffdf ffdf ffdf ffdf ffdf ffdf ffdf ffdf ffdf f7be ef7d ef5d e73c e73c ef7d f79e ffdf ffdf ffdf ffdf f7be ffdf ffdf ffdf ffdf ffdf f79e ef7d ef5d e73c e73c ef5d ef7d ef5d e71c ef5d f79e ffdf ffdf ffdf ffdf ffdf ffdf ffdf ffdf f7df f7df f7df ffdf ffdf ffdf ffdf ffdf ffdf ffdf ffdf ffdf ffdf ffdf ffdf ffdf ffdf f7be ffdf ffdf ffdf ffdf f7be ffdf ffdf ffdf ffdf ffdf ffdf ffdf ffdf ffdf ffdf ffdf ffdf ffdf ffdf ffdf ffdf ffdf ffdf ffdf ffdf ffdf ffdf ffdf ffdf ffdf ffdf ffdf ffdf ffdf ffdf ffdf ffdf ffdf ffdf ffdf ffdf ffdf ffdf ffdf ffdf ffdf ffdf ffdf ffbf ffde ffbe f73c a491 6aa8 5a26 4164 49c5 51e5 49c5 49a5 3102 4184 41a4 3964 3964 4164 4165 3924 3944 3944 3944 28e3 3103 3123 28e2 28e2 28e2 28e2 2903 28c1 20a1 28c2 28c2 28c2 28c2 20a1 20c2 28c2 20a2 20a1 2081 28a1 28c1 38e2 4143 51a4 6226 7aa8 7288 4963 2880 3902 51c5 93ce d617 ff7d ffbe ffdf f7df f7df ffdf ffdf f7de ffdf ffdf ffdf ffdf ffdf f7be ffdf ffdf ffdf ffdf ffdf ffdf ffdf ffdf f7be ffdf ffdf ffdf f7be ffdf ffdf ffdf ffdf ffdf ffdf ffdf f7be ffdf ffdf ffdf ffdf ffdf ffdf ffdf ffbf ffbf ffdf ffdf ffdf ffdf ffdf ffdf ffdf ffdf ffdf f7df ffdf f7df ffdf ffdf ffdf ffdf ffdf ffdf ffdf ffdf ffdf ffdf ffdf ffdf ffdf ffdf ffdf ffdf ffdf ffdf ffdf ffdf ffdf ffdf ffdf ffdf ffdf ffdf ffdf ffdf ffdf ffdf ffdf ffdf ffdf ffdf ffbf ffdf ffdf ffdf ffdf ffdf ffdf ffdf ffdf ffdf ffdf f7df f7df ffdf ffdf ffdf f7be ffdf ffdf ffdf ffdf ffdf ffdf ffdf f7be f7be ffdf ffdf ffdf ffdf 
f7be f7be ffdf ffdf ffdf f7be f79e ef5d ffdf ffff f7be ef7d ef7d f7be ffff ef7d f79e ffdf ffdf ffdf ffdf ffdf ffdf ffdf f7be e73c ffff ffff f7be ef7d f7be ffdf f7be ffdf ffdf ffdf ffdf ffdf ffdf ffdf f7be f79e ef7d f7be ffff ffdf ef5d f7be f7be f7de ffdf ffdf ffdf ffdf ffdf ffdf f7be f7be f7be ef7d f79e ffff ffff ef5d ef7d f79e ffdf ffdf ef5d ffdf ffdf ffdf f7be ffdf ffdf ffdf ffdf ffdf ffdf ffdf f7be f7df ffdf ffdf ffdf ffdf ffdf ffdf f7be f7be ffdf ffdf ffdf ffdf ffdf ffbf f7be f7be ffdf ffdf ffdf f7be ffdf ffdf f7be ffdf ffdf ffdf ffdf ffdf ffdf ffff ffdf ffdf ffdf ffdf ffdf ffdf ffdf ffdf f7be f7be ffdf ffdf ffdf ffdf ffdf ffff f7de f7de f7de f7de ffde ffdf ffdf ffdf f7bf f7bf f7df ffdf ffdf ffbf ffbf ffdf f75b bd94 6287 5a26 6226 4143 49c5 49e5 3964 3964 4185 49c5 41a5 4164 41a5 49c5 3963 3163 3122 3964 3122 3102 3123 28e2 28c2 3923 4185 4184 49a5 49c5 51e6 5206 4184 3963 3122 3102 28e2 28a2 28c2 20a1 2081 20a1 28a2 28c2 20a1 2060 2880 30c1 30e1 4983 6246 6a67 49a4 30a1 30e2 4144 8bce de99 f77d ffdf ffdf ffdf ffdf ffdf f7de f7be f7de f7de ffde ffde ffdf ffdf ffbe ffbf ffdf ffbf ffbf ffdf ffdf ffdf f7be f7df ffdf ffdf ffdf ffdf ffdf ffdf f7be ffdf ffdf ffdf ffdf ffdf ffdf ffdf f7be ffdf ffdf ffdf ffdf ffdf ffdf ffdf ffdf f7be ffdf ffdf ffdf ffdf ffdf ffdf f7be ffdf ffdf ffdf ffdf ffdf ffdf ffdf ffdf ffdf ffdf ffdf ffdf ffdf ffdf ffdf f7be f7be ffdf ffdf ffdf ffdf ffdf ffdf ffdf f7be ffdf ffdf ffdf ffdf ffdf ffdf f7be f7be ffdf ffdf ffdf ffdf ffdf ffdf f7be f7be ffdf ffdf ffdf ffdf ffdf ffdf f7de f7de f7df ffdf ffdf ffdf ffdf ffdf f7de f7de ffdf ffdf ffbe ffdf ffdf ffdf 
ffdf ffdf ffdf ffdf ffdf ffdf f7be e73c ffff ffff ef7d ef7d f79e e73c f79e ef7d f79e ffdf ffdf ffdf ffdf ffdf ffdf ffdf f7be e73c ffdf ffff f7be ef5d f7be f7be ffdf ffdf ffdf ffdf ffdf ffdf ffdf ffdf ffdf ffdf ef5d f79e ffff ffdf e73c f7be ffbe ffbf ffdf ffdf ffdf ffdf ffdf ffdf f7be ffdf ffdf ef7d ef7d ffff ffff e73c f79e ef7d e73c ffdf ef5d ffdf ffdf ffdf ffdf ffdf ffdf ffdf ffdf ffdf ffdf ffdf ffdf ffdf ffdf ffdf ffdf ffdf ffdf f7be ffdf ffdf ffdf ffdf ffdf ffdf f7df f7df ffdf ffdf ffdf ffdf ffdf f7be ffdf ffdf ffdf ffdf ffdf ffdf ffdf ffdf ffdf ffdf ffdf ffdf ffdf ffdf ffdf ffdf ffdf ffdf ffdf ffdf ffdf ffdf f7be ffdf ffdf ffdf ffdf f7be ffdf ffdf ffdf ffdf ffdf ffde ffdf ffdf ffdf f7bf f7df ffde ffbe e699 838d 51e6 49a4 51e6 49c5 49c6 51e6 3964 41a4 5206 49e6 49e6 49a5 4184 49c5 4184 4185 3123 3964 3123 3944 3103 3943 3964 3943 3103 30e2 3943 3943 4164 3923 3943 3963 3943 3943 4164 3923 4164 3923 30e2 28c1 28a1 28a1 20a1 28c2 28c2 28a1 1860 2060 2080 30a1 4123 59e6 6206 51c5 3902 3102 49a6 a491 f73c ffbe f7bf ffdf f7df ffdf f7de f7be ffdf ffdf ffdf ffdf ffdf ffdf ffdf ffdf ffdf f7df ffdf ffde ffde f7be ffdf ffdf ffdf ffdf ffdf ffdf ffdf ffdf ffdf ffdf ffdf ffdf ffdf ffdf ffdf ffdf ffdf ffdf ffdf ffdf ffdf ffdf ffdf ffdf ffdf ffdf f7be ffdf ffdf ffdf ffdf ffdf ffdf ffdf ffdf ffdf ffdf ffdf ffdf ffdf ffdf ffdf ffdf ffdf ffdf ffdf ffdf ffdf ffdf ffdf ffdf ffdf ffdf ffdf ffdf ffdf ffdf ffdf ffdf ffdf ffdf ffdf ffdf ffbf ffbf ffdf ffdf ffdf ffdf ffdf ffdf ffdf ffdf ffdf ffdf ffdf ffdf ffdf ffdf ffdf ffdf ffdf ffdf ffdf ffdf ffdf ffdf ffdf ffdf ffdf ffdf ffdf ffbf ffdf ffdf 
ffdf ffdf ffdf ffdf f7be ffdf ffdf e73c ffff ffff f79e ef7d ffdf f7be ef5d ef7d f79e ffdf ffdf ffdf ffdf ffdf ffdf ffdf ffdf e73c ffdf ffff f7be ef7d ffdf ffdf ffdf ffdf ffdf ffdf ffdf ffdf ffdf ffdf ffdf ffdf ef5d f79e ffff ffdf e73c ffdf ffdf ffdf ffdf ffdf ffdf ffdf ffdf ffdf ffdf ffdf ffdf ef7d ef7d ffff ffff e73c ffdf ffdf ef5d f79e ef5d ffdf ffdf ffdf ffdf ffdf ffdf ffdf ffdf ffdf ffdf ffdf ffdf ffdf ffdf ffdf ffdf ffdf ffdf ffdf ffdf ffdf ffdf ffdf ffdf ffdf ffdf ffdf ffdf ffdf ffdf ffdf ffdf ffdf ffdf ffdf ffdf ffdf ffdf ffdf ffdf ffdf ffdf ffdf ffdf ffdf ffdf ffdf ffdf ffdf ffdf ffdf ffdf ffdf ffdf ffdf ffdf ffdf ffdf ffdf ffdf ffbf ffbf ffdf ffdf ffdf ffde ffde f7be f7be ffdf ffdf ffbe ef3c 942f 6268 51c5 3923 3903 4164 3964 3964 3943 3123 3923 3943 41a5 41a5 4184 5206 3964 3964 3143 3943 3944 49c5 3964 28e2 28e2 3102 3944 3944 4164 4164 3944 3923 3123 3964 4185 3944 3964 3123 3103 3102 3123 3944 28c2 20a1 28c1 28c2 28c1 30e2 28c1 28c1 28c1 28a1 2081 2040 2060 38e2 4984 6a68 4984 30c2 3103 5a48 cdf7 f77d ffde ffdf ffdf f7de ffdf ffdf ffdf ffdf ffdf f7be ffdf ffdf ffdf ffdf ffde ffdf ffde ffde ffbf ffdf ffdf ffdf ffdf ffdf ffdf ffdf ffdf ffdf ffdf ffdf ffdf ffdf ffdf ffdf ffdf ffdf ffdf ffdf ffdf ffdf ffdf ffdf ffdf ffdf ffdf ffdf ffdf ffdf ffdf ffdf ffdf ffdf ffdf ffdf ffdf ffdf ffdf ffdf ffdf ffdf ffdf ffdf ffdf ffdf ffdf ffdf ffdf ffdf ffdf ffdf ffdf ffdf ffdf ffdf ffdf ffdf ffdf ffdf ffdf ffdf ffdf ffdf ffbf ffbf ffdf ffdf ffdf ffdf ffdf ffdf ffdf ffdf ffdf ffdf ffdf ffdf ffdf ffdf ffdf ffdf ffdf ffdf ffdf ffdf ffdf f7be ffdf ffdf ffdf ffdf ffdf ffdf ffdf ffdf 
ffdf ffdf ffdf ffdf ffdf ffdf ffdf e73c ffff ffff f79e ef7d ffdf f7be ef5d ef7d f79e ffdf ffdf ffdf ffdf ffdf f7be ffdf ffdf e73c ffdf ffff f79e ef7d f7be ffdf ffdf ffdf ffdf ffdf f7be ffdf ffdf ffdf ffdf ffdf ef7d f79e ffff ffdf e73c ffdf ffdf ffdf ffdf ffdf ffdf ffdf ffdf ffdf ffdf ffdf ffdf f79e ef7d ffff ffff e73c ffdf ffdf f79e ef7d ef7d ffdf f7be ffdf ffdf ffdf ffdf ffdf ffdf ffdf ffdf ffdf ffdf ffdf ffdf ffdf ffdf ffdf ffdf ffdf ffdf ffdf ffdf ffdf ffdf ffdf ffdf ffdf ffdf ffdf ffdf ffdf ffdf f7be ffdf ffdf ffdf ffdf ffdf ffdf ffdf ffdf ffdf ffdf ffdf ffdf ffdf ffdf ffdf ffdf ffdf ffdf ffdf ffdf ffdf ffdf ffdf ffdf ffdf f7be f7df ffdf ffdf ffdf ffbf ffdf ffde f7de f7be f7bf f79e ff7d c575 6aa9 4984 4184 3923 20a1 28c2 3944 41a5 3943 3923 3923 41a5 4185 4164 3123 3964 3123 3143 2903 3964 3964 3964 20a1 28a1 3102 3923 3944 3964 3964 3964 4164 3964 4184 3943 3123 28c1 28a1 30e2 3102 3103 3102 28e2 28c1 30e2 30e2 3102 30e2 28c1 30e2 3902 3922 30e2 30c1 28a1 28a1 28a1 28a1 2060 30c2 59e6 6247 4985 3903 3103 836d e6fb ffbe ffdf ffdf ffbf ffbf ffbf ffbf ffdf ffdf ffdf ffdf ffdf ffdf ffdf ffdf ffdf ffdf ffdf ffdf ffdf ffdf ffdf ffdf ffdf ffdf ffdf ffdf ffdf ffdf ffdf ffdf ffdf ffdf ffdf ffdf ffdf ffdf ffdf ffdf ffdf ffdf ffdf ffdf ffdf ffdf ffdf ffdf ffdf ffdf ffdf ffdf ffdf ffdf ffdf ffdf ffdf ffdf ffdf ffdf ffdf ffdf ffdf ffdf ffdf ffdf ffdf ffdf ffdf ffdf ffdf ffdf ffdf ffdf ffdf ffdf ffdf ffdf ffdf ffdf ffdf ffdf ffdf ffdf ffdf ffdf ffdf ffdf ffdf ffdf ffdf ffdf ffdf ffdf ffdf ffdf ffdf ffdf ffdf ffdf ffdf ffdf ffdf ffdf ffdf ffdf ffdf ffdf ffdf ffdf ffdf ffdf ffdf ffdf 
ffdf ffdf f7be ffdf ffdf ffdf ffdf e73c ffff ffff f79e ef7d ffdf ffdf f79e f79e f7be ffdf ffdf ffdf ffdf ffdf ffdf ffdf ffdf e73c ffdf ffff f79e ef7d ffdf ffdf ffdf ffdf ffdf ffdf ffdf ffdf ffdf ffdf ffdf ffdf ef7d f79e ffff ffdf e73c ffdf ffdf ffdf ffdf ffdf ffdf ffdf ffdf ffdf ffdf ffdf ffdf f79e ef7d ffff ffff e73c ffdf ffdf f7be ef7d f79e ffdf ffdf ffdf ffdf ffdf ffdf ffdf ffdf ffdf ffdf ffdf ffdf ffdf ffdf ffdf ffdf ffdf ffdf ffdf ffdf ffdf ffdf ffdf ffdf ffdf ffdf ffdf ffdf ffdf ffdf ffdf ffdf ffdf ffdf ffdf ffdf ffdf ffdf ffdf ffdf ffdf ffdf ffdf ffdf ffdf ffdf ffdf ffdf ffdf ffdf ffdf ffdf ffdf ffdf ffdf ffdf ffdf ffdf ffdf ffdf ffdf f7be ffdf ffbf f7be ffde f7de ffde ffbe d658 838d 51a5 4122 3922 3923 3123 28c2 30e2 3923 4184 3944 3944 3123 3123 3144 3123 3123 28c2 2903 2903 3964 2903 28e3 28c2 2903 3964 41a5 3964 3964 41a5 3123 28e2 20c2 3123 3924 3923 5206 4184 4184 4184 4164 3943 30e2 3102 3102 28c2 28e2 28c2 28a1 28c1 30e2 30e2 30e2 3102 3902 30c2 30a1 30c1 28c1 28e2 28a1 2080 30c2 59c6 6a27 4123 30e2 49c6 cdd7 ff9e ffbf ffbf ffdf ffdf ffdf ffbf ffdf ffdf ffdf ffdf ffdf ffde ffde f7df ffdf ffdf ffdf ffdf ffdf ffdf ffdf ffdf ffdf ffdf ffdf ffdf ffdf ffdf ffdf ffdf ffdf ffdf ffdf ffdf ffdf ffdf ffdf ffdf ffdf ffdf ffdf ffdf ffdf ffdf ffdf ffdf ffdf ffdf ffdf ffdf ffdf ffdf ffdf ffdf ffdf ffdf ffdf ffdf ffdf ffdf ffdf ffdf ffdf ffdf ffdf ffdf ffdf ffdf ffdf ffdf ffdf ffdf ffdf ffdf ffdf ffdf ffdf ffdf ffdf ffdf ffdf ffdf ffdf ffdf ffdf ffdf ffdf ffdf ffdf ffdf ffdf ffdf ffdf ffdf ffdf ffdf ffdf ffdf ffdf ffdf ffdf ffdf ffdf ffdf ffdf ffdf ffdf ffdf ffdf ffdf ffdf 
ffdf ffdf ffdf ffdf ffdf ffdf ffdf e73c ffff ffff f79e ef7d ffdf ffdf f79e f79e f7be ffdf ffdf ffdf ffdf ffdf ffdf ffdf f7be e73c ffdf ffff f79e ef7d ffdf ffdf f7be ffdf f7be ffdf ffdf ffdf ffdf ffdf ffdf ffdf ef7d f7be ffff ffdf e73c ffdf ffdf ffdf ffdf ffdf ffdf ffdf ffdf ffdf ffdf ffdf ffdf f79e ef7d ffff ffff e73c f7be f7be ffdf f79e f79e ffdf ffdf ffdf ffdf ffdf ffdf ffdf ffdf ffdf ffdf ffdf ffdf ffdf ffdf ffdf ffdf ffdf ffdf ffdf ffdf ffdf ffdf ffdf ffdf ffdf ffdf ffdf ffdf ffdf ffdf ffdf ffdf ffdf ffdf ffdf ffdf ffdf ffdf ffdf ffdf ffdf ffdf ffdf ffdf ffdf ffdf ffdf ffdf ffdf ffdf ffdf ffdf ffdf ffdf ffdf ffdf ffdf ffdf ffdf ffde f7be f7df ffdf ffdf ffdf ffde ffbe e6fa a470 5a07 4123 30e2 3943 28e2 28c2 3103 20c2 3103 3123 3123 3103 28e2 28e2 28c2 2903 28e2 28e2 20a1 20c2 20c1 3944 3123 2903 3144 3124 3964 3964 3143 3103 3964 3984 3944 3944 3944 49c6 5206 5a27 49c6 4185 4164 4164 4184 3923 3123 3123 2903 20a2 1861 2081 2081 1861 1861 1861 20a1 28c2 30e2 3902 38e2 38e2 38e2 30c1 28a1 2081 1860 30e2 59e6 59c5 3902 38e2 7b8d f75d ffbf f7bf f7bf ffdf ffdf ffff ffdf ffdf ffdf ffdf ffde ffde ffdf ffdf ffdf ffdf ffdf ffdf ffdf ffdf ffdf ffdf ffdf ffdf ffdf ffdf ffdf ffdf ffdf ffdf ffdf ffdf ffdf ffdf ffdf ffdf ffdf ffdf ffdf ffdf ffdf ffdf ffdf ffdf ffdf ffdf ffdf ffdf ffdf ffdf ffdf ffdf ffdf ffdf ffdf ffdf ffdf ffdf ffdf ffdf ffdf ffdf ffdf ffdf ffdf ffdf ffdf ffdf ffdf ffdf ffdf f7be ffdf ffdf ffdf ffdf ffdf ffdf ffdf ffdf ffdf ffdf f7be f7be ffdf ffdf f7be ffdf ffdf ffdf ffdf ffdf ffdf ffdf ffdf ffdf ffdf ffdf ffdf ffdf ffdf ffdf ffdf ffdf ffdf ffdf ffdf ffdf ffdf ffdf 
ffdf ffdf ffdf ffdf ffdf ffdf ffdf e73c ffff ffff f79e ef7d f7be f7be f7be f7be ffdf ffdf ffdf ffdf ffdf ffdf ffdf ffdf ffdf e73c ffdf ffff f79e ef7d ffdf ffdf ffdf ffdf ffdf ffdf ffdf ffdf ffdf ffdf ffdf ffdf ef7d f79e ffff ffdf e73c ffdf ffdf ffdf ffdf ffdf ffdf ffdf ffdf ffdf ffdf ffdf ffdf f79e ef7d ffff ffff e73c f7be f7be f7be f7be f7be ffdf ffdf ffdf f7be ffdf ffdf ffdf ffdf ffdf ffdf ffdf ffdf f7df ffdf ffdf ffdf f7be ffdf ffdf f7be ffdf f7be f7be ffdf ffdf ffbf ffdf ffdf ffdf ffdf ffdf ffdf ffdf ffdf ffdf ffdf ffdf f7be ffdf ffdf ffdf ffdf ffdf ffdf ffdf ffdf ffdf ffdf ffdf ffdf ffdf ffdf ffdf ffdf ffdf ffdf ffdf ffdf ffdf ffbf ffbf ffdf ffde f7df ffbe f73c acb2 51c6 4143 3923 3943 3123 3102 28e2 2081 28e2 20c1 28e2 3103 2902 2903 28c2 28c2 20c2 20a1 20a2 20a1 20a1 20c2 3123 20c2 3964 3964 28e2 3103 3964 3123 3944 28e3 3123 3144 4185 3944 5206 5206 4184 4185 49e6 49c6 3964 3944 3943 30e2 3123 3944 3944 3943 4164 4164 3123 28e2 20a2 1881 1881 1880 1881 28a1 3103 30e2 38e2 4103 4143 30e2 28a1 2080 2881 4144 59e6 4984 30e2 51e7 d638 ffbe ffde f7df ffdf ffde ffdf ffdf ffdf ffdf ffde ffde ffde ffde ffdf ffdf ffdf ffdf ffdf ffdf ffdf ffdf ffdf ffdf ffdf ffdf ffdf ffdf ffdf ffdf ffdf ffdf ffdf ffdf ffdf ffdf ffdf ffdf ffdf ffdf ffdf ffdf ffdf ffdf ffdf ffdf ffdf ffdf ffdf ffdf ffdf ffdf ffdf f7be ffdf ffdf ffdf ffdf ffdf ffdf ffdf ffdf ffdf ffdf ffdf ffdf ffdf ffdf ffdf ffdf ffdf ffdf ffdf ffdf ffdf ffdf ffdf ffdf f7df f7df ffdf ffdf ffdf ffdf ffdf ffdf ffdf ffdf ffdf ffdf ffdf ffdf ffbf ffbf ffdf ffdf ffbf ffdf ffdf ffdf ffdf ffdf ffdf ffdf ffdf ffdf ffdf ffdf ffdf ffdf 
ffdf ffdf ffdf ffdf ffdf ffdf f7be e73c ffff ffff f79e ef7d f79e f79e f7be ffdf ffdf ffdf ffdf f7be ffdf ffdf ffdf ffdf ffdf ef5d ffdf ffff f79e ef7d ffdf ffdf ffdf ffdf ffdf ffdf ffdf ffdf ffdf ffdf ffdf ffdf ef7d f79e ffff ffdf e73c ffdf ffdf ffdf ffdf ffdf ffdf ffdf ffdf ffdf ffdf ffdf ffdf f79e ef9d ffff ffff e73c f7be f79e f79e f7be ffdf ffdf ffdf ffdf ffdf ffdf ffdf ffdf ffdf ffdf ffdf ffdf ffdf ffdf ffbf ffdf ffdf ffdf f7be ffdf ffdf f7be ffdf ffdf f7de ffdf f7de f7de ffdf ffdf ffdf ffdf ffdf ffdf ffdf ffdf ffdf ffdf ffdf ffdf ffdf ffdf ffdf ffdf ffdf ffdf ffdf ffdf ffdf ffdf ffdf ffdf ffdf ffdf ffdf ffdf ffdf ffdf ffdf ffdf ffdf ffdf ffdf ffbf ef1c b534 6269 4165 3944 3102 3102 3943 28e1 28e1 28e2 1880 20a1 28c2 28a1 28c2 28e2 20a1 28e2 20c2 20c1 20a1 18a1 18a1 20a2 2903 20e2 2903 3123 3944 3964 3123 2923 28e3 20c2 20a2 28e2 28e2 3964 49c5 3943 3943 4184 3964 3943 3923 49a5 3964 4164 4185 4184 3964 3944 4165 3944 3123 3123 20c2 20c1 20c2 20a1 2081 2081 2081 2081 28a1 28c1 28c1 30e1 3923 3903 30c2 30c1 28a1 3902 5184 59c6 4103 30c2 b514 ff9e ffdf ffde f7de ffdf ffdf ffdf ffdf f7de ffde ffde f7be ffdf ffdf ffdf ffdf ffdf ffdf ffdf ffdf ffdf ffdf ffdf ffdf ffdf ffdf ffdf f7df ffdf ffdf ffdf ffdf ffdf ffdf ffdf ffdf ffdf ffdf ffdf ffdf ffdf ffdf ffdf ffdf ffdf ffdf f7be f7be ffdf ffdf ffdf ffdf ffdf ffdf ffdf ffdf ffdf ffdf ffdf f7be ffdf ffdf ffdf ffdf ffdf ffdf f7be ffdf ffdf ffdf ffdf ffdf f7be ffdf ffdf ffdf ffdf ffdf ffbf ffdf ffdf ffdf ffdf ffdf ffdf ffdf ffdf ffdf f7df f7df f7df ffdf ffdf ffdf ffbf ffdf ffdf ffdf ffdf ffdf ffdf ffdf ffdf ffdf ffdf f7df f7df f7de 
ffdf ffdf ffdf ffdf ffdf ffdf f7be e73c ffdf ffdf f79e ef7d f79e f79e f7be ffdf f7de f7de ffdf ffdf ffdf ffdf ffdf ffdf f7be e73c ffdf ffff f79e ef7d ffdf ffdf f7be f7df ffdf f7df ffdf ffdf ffdf ffdf f7de f7de ef7d f79e ffff ffdf ef3d ffdf f7be f7df ffdf ffdf ffdf ffdf ffbf ffdf f7be f7de f7be f79e ef7d ffff ffff e73c ef9d ef7d ef9e f7df f7be ffdf ffdf ffdf ffdf f7be ffdf ffdf ffbe ffdf ffdf ffdf f7be f7be f7be ffdf ffdf ffdf ffdf ffdf f7be f7be ffdf ffdf ffdf ffdf ffdf ffdf f7be f7be ffdf ffdf ffdf ffdf ffdf ffdf f7be ffdf ffdf ffdf ffdf ffdf ffdf ffdf f7de f7de f7de ffdf ffde ffdf ffde ffdf f7be ffdf ffdf ffdf ffdf ffdf ffdf ffdf f7de f7de f7bd d678 b4f2 5a27 51a5 3923 30e2 20a1 30e2 3103 3123 28e2 28c2 20c2 1880 18a1 20c1 20e2 28e2 20a1 28e2 28c2 20a1 1881 1860 20a1 20c2 28e2 28e3 28e3 2903 3123 3964 3123 2902 1861 1881 20c2 20a2 3123 3964 3123 3103 3964 3944 3944 3984 41c5 5227 49e6 49c6 4185 41a5 3964 3944 3103 3123 3944 49a5 4164 2903 3123 20c1 18a0 1880 1860 1880 20a1 2081 28a1 20a1 28c1 30c1 38e2 30c1 30a1 30a1 38e2 3922 6226 51a4 38e2 8bae ff5d ffbf ffdf f7de f7be f7df f7df ffdf ffdf ffdf ffdf f7be f7be ffdf ffdf ffdf ffdf ffdf ffdf f7be f7be f7be ffdf ffdf ffdf ffdf ffdf f7df f7de ffdf ffdf ffdf ffdf ffdf ffdf f7be ffdf ffdf ffdf ffbf ffbf ffbf ffdf f7be f7de ffdf ffdf ffdf ffdf ffdf ffdf f7be f7de ffdf ffdf ffbf ffbf ffdf ffdf ffdf ffdf ffdf ffdf ffdf ffdf ffdf ffdf f7be f7be ffdf ffdf ffdf ffdf ffdf ffdf f7be f7be ffdf ffdf f7be f7be ffdf ffdf f7be f7be ffdf ffdf ffdf ffdf ffdf ffdf ffdf f7be ffdf ffdf ffdf ffdf ffdf ffdf ffdf ffdf ffdf ffdf ffdf ffdf ffdf ffdf 
ffdf ffdf ffdf ffdf ffdf ffdf f7be e73c ffff ffff f79e ef5d e73c ef7d f79e ffdf ffdf ffdf ffdf ffdf ffdf ffdf ffdf ffdf ffdf e73c ffdf ffff f79e ef7d ffdf ffdf ffdf ffdf f7df ffdf ffdf ffdf ffdf ffdf ffdf ffdf ef7d f79e ffff ffdf e73c ffdf ffdf ffdf ffdf ffdf ffdf ffdf ffdf ffdf ffdf ffdf f7be f79e ef7d ffff ffff e73c ef5d ef7d ef5d ffdf ffdf ffdf ffdf ffdf ffdf ffdf ffdf ffdf ffdf ffdf f7df ffdf ffdf ffdf ffdf ffdf ffdf ffdf ffdf ffdf ffdf ffdf ffdf ffdf ffdf ffdf ffdf ffdf ffdf ffdf ffdf ffdf ffdf ffdf ffdf ffdf ffdf ffdf ffdf ffdf ffdf ffdf ffdf ffdf ffdf ffdf ffde ffde ffdf ffdf f7df ffdf ffdf ffdf ffdf ffdf f7be ffbe ffdf ffdf ffbe e6db c5b6 93ee 6268 4964 3903 30e2 28e2 20a1 1881 20a1 28c2 20a1 20c2 20c2 20c1 18a1 2081 1881 20a1 28e2 28c2 1881 28e2 20a1 1881 1860 28e2 20c2 20a2 2903 3123 28e2 3123 3144 20a1 20c2 2081 2081 20a2 3944 3123 3143 3123 3944 3944 3944 41c6 4185 41a5 49c6 49e6 49e7 41a5 3944 3944 3123 3944 3964 3103 3924 4185 28e2 20a1 2081 2081 20a1 1860 1881 2081 20c1 20c1 20a1 28c1 3923 3943 3902 30a1 30a1 30e1 4143 59c5 59c6 4103 72ca ef1b ffbe ffdf ffdf ffdf ffdf ffdf f7bf f7be ffdf ffdf ffdf ffdf ffdf ffdf ffdf ffdf f7be ffdf ffdf ffdf ffdf ffdf ffdf ffdf ffdf ffdf ffdf ffdf ffdf ffdf ffdf ffdf ffdf ffdf ffdf ffdf ffdf ffdf ffdf f7df f7df ffdf ffdf ffdf ffdf ffdf ffdf ffdf ffdf ffdf ffdf ffdf ffdf ffdf ffdf ffdf ffdf ffdf ffdf ffdf ffdf f7be ffdf ffdf ffdf ffdf ffdf ffdf ffdf ffdf ffdf ffdf ffdf ffdf ffdf ffdf ffdf ffdf f7be ffdf ffdf ffdf ffdf ffdf ffdf ffdf ffdf ffdf f7be ffdf ffdf ffdf ffdf ffdf ffdf ffdf ffdf ffdf ffdf ffdf ffdf ffdf ffdf ffdf ffdf 
ffdf ffdf ffdf ffdf ffdf ffdf ffdf e73c ffff ffff ef7d e71c f79e ef7d f79e ffdf ffdf ffbf ffdf ffdf ffdf ffdf ffdf ffdf f7be e73c ffdf ffff f79e ef7d f7df ffdf ffdf ffdf ffdf ffdf ffdf ffdf ffdf ffdf ffdf ffdf ef7d f79e ffff ffdf e75c f7df ffdf ffdf ffdf ffdf ffdf ffdf ffdf ffdf ffdf ffdf ffdf f79e ef7d ffff ffff e71c e73c ffdf ef5d ffdf ffdf ffdf ffdf ffdf ffdf ffdf ffdf ffdf ffdf ffdf ffdf ffdf ffdf ffdf ffdf ffdf ffdf ffdf ffdf ffdf ffdf ffdf ffdf ffdf ffdf ffdf ffdf ffdf ffdf ffdf ffdf ffdf ffdf ffdf ffdf ffdf ffdf ffdf ffdf ffdf ffdf ffdf ffdf ffdf ffdf ffdf ffde ffde ffdf ffdf ffdf ffdf ffdf ffdf ffdf f7be ffdf ffdf ffdf ef5d d659 acd3 6228 6227 3102 28c1 20a1 20a1 28c2 28c2 20c1 1860 1860 20a1 1860 1881 20c1 1880 2081 1881 2081 28c2 3123 20c2 20a1 28e2 20c2 20c2 2081 20a1 1881 20a1 20a1 28e2 20a1 2903 20c2 20c2 20c2 20c2 28c3 4185 3103 28e2 2903 3123 3964 4185 49a6 49a6 41a5 41a5 3964 3123 3144 3144 3164 3964 3143 3123 3944 41a5 3944 3123 3964 3103 20a1 1880 1860 1881 1861 1860 1881 28c2 28a1 28a1 28a0 3902 4143 30c1 30e2 38e2 38e2 51a5 7288 4964 6269 ef1c ffbe ffdf ffdf ffdf ffdf ffdf ffde ffde ffdf ffdf ffdf ffdf ffdf f7be ffdf ffdf ffdf ffdf ffdf ffdf ffdf ffdf ffdf ffdf ffdf ffdf ffdf ffdf ffdf ffdf ffdf ffdf ffdf ffdf ffdf ffdf ffdf ffdf ffdf ffdf ffdf ffdf ffdf ffdf ffdf ffdf ffdf ffdf ffdf ffdf ffdf ffdf ffdf ffdf ffdf ffdf ffdf ffdf ffdf ffdf ffdf ffdf ffdf ffdf ffdf ffdf ffdf ffdf ffdf ffdf ffdf ffdf ffdf ffdf ffdf ffdf ffdf ffdf ffdf ffdf ffdf ffdf ffdf ffdf ffdf ffdf ffdf f7be ffdf ffdf ffdf ffdf ffdf ffdf ffdf ffdf ffdf ffdf ffdf ffdf ffdf ffdf ffdf ffdf 
ffdf ffdf ffdf ffdf ffdf ffdf ffdf e73c ffff ffff f79e e73c f79e ef7d f79e ffdf ffdf ffdf ffdf ffdf ffdf ffdf ffdf ffdf f7be e73c ffdf ffff f79e ef7d ffdf ffdf ffdf ffdf ffdf ffdf ffdf f7be ffdf ffdf ffdf ffdf ef7d f79e ffff ffdf e73c ffdf ffdf ffdf ffdf ffdf ffdf ffdf ffdf ffdf ffdf ffdf ffdf f79e ef7d ffff ffff e71c ef5d f7be e73c ffdf f7be ffdf ffdf ffdf ffdf ffdf ffdf ffdf ffdf ffdf ffdf ffdf ffdf ffdf ffdf ffdf ffdf ffdf ffdf ffdf ffdf ffdf ffdf ffdf ffdf ffdf ffdf ffdf ffdf ffdf ffdf ffdf ffdf ffdf ffdf ffdf ffdf ffdf ffdf ffdf ffdf ffdf ffdf ffdf ffdf ffdf ffde ffde ffde ffde ffdf ffbf ffdf ffdf ffdf ffdf ffdf ffbf ef3d cdf7 942f 6268 3924 20a1 2061 1861 1881 1060 20a2 1881 1881 1840 1860 1880 20c1 20a1 20c2 20a1 2081 20a1 1881 20a1 20a1 3144 2903 2903 3123 3103 28e2 20a1 20a1 1881 1861 1881 20c2 20e2 2903 20a1 20c2 28e3 3124 28e3 20c2 3103 2903 3964 3944 41a5 49c6 4185 4185 4185 3964 3143 3144 3123 2923 20c2 28e2 3103 3123 3124 3103 28e2 28c2 3103 3144 28e2 20a1 1860 1040 1040 1860 1040 20a1 2081 20a1 2081 28e2 4144 30e2 3902 38e2 38c2 51a4 7288 5184 6aa9 f73c ffbe ffbe ffbf ffde ffde ffde ffde ffdf ffdf ffdf ffdf ffdf ffdf ffdf ffdf ffdf ffdf ffdf ffdf ffdf ffdf ffdf ffdf ffdf ffdf ffdf ffdf ffdf ffdf ffdf ffdf ffdf ffdf ffdf ffdf ffdf ffdf ffdf ffdf ffdf ffdf ffdf ffdf ffdf ffdf ffdf ffdf ffdf f7be ffdf ffdf ffdf ffdf ffdf ffdf ffdf ffdf ffdf ffdf ffdf ffdf ffdf ffdf ffdf ffdf ffdf ffdf ffdf ffdf ffdf ffdf ffdf ffdf ffdf ffdf ffdf ffdf ffdf ffdf ffdf ffdf f7be ffdf ffdf ffdf ffdf ffdf ffdf ffdf ffdf ffdf ffdf ffdf ffdf ffdf ffdf ffdf ffdf ffdf ffdf ffdf ffdf ffdf 
ffdf ffdf ffdf ffdf ffdf ffdf ffdf e73c ffff ffff f79e ef5d e73c f79e f79e ffdf ffdf ffdf ffdf ffdf ffdf ffdf ffdf ffdf ffdf e73c ffdf ffff f79e ef7d ffdf f7be ffdf ffdf ffdf ffdf ffdf f7be ffdf ffdf ffdf ffdf ef7d f7be ffff ffdf e73c ffdf ffdf ffdf ffdf ffdf ffdf ffdf ffdf f7be ffdf ffdf ffdf f79e ef7d ffff ffff e71c ef5d ef7d ef5d ffdf ffdf ffdf ffdf ffdf ffdf ffdf ffdf ffdf f7be ffdf ffdf ffdf ffdf ffdf ffdf ffdf ffdf ffdf ffdf ffdf ffdf ffdf ffdf ffdf ffdf ffdf f7be f7be ffdf ffdf ffdf ffdf ffdf ffdf ffdf ffdf ffdf ffdf ffdf ffdf ffdf ffdf ffdf f7be ffdf ffdf ffdf ffdf ffde ffde ffdf ffdf ffdf ffdf ffdf f7be ffbe e6fb 9c51 5a48 30e3 28c2 2081 1861 1040 1040 1040 1860 2081 20a2 20a1 20a1 1881 1881 1861 20a1 1881 20a1 2081 20a1 20a2 20a2 20c2 2903 3123 28e2 2902 2903 28e2 20c1 20c1 28e2 18a1 1861 20a2 28e3 20c2 28e3 20c2 20c2 28e3 20a2 20a2 20c2 2903 2903 3144 4185 3965 3123 3124 3103 3124 3124 2924 20c2 28e3 2903 28e2 1881 20a1 20a1 20c2 28e2 2903 28c2 3123 3944 28e2 20a2 1861 1060 1881 1040 1040 1040 1860 20a1 20a1 28a1 3102 3902 30c1 30e2 38e2 4944 6a68 59e6 730b ff7d ffdf ffdf f7df f7df ffde ffde ffdf ffdf ffdf ffdf ffdf ffdf ffdf ffdf ffdf ffdf f7be ffdf ffdf ffdf f7be ffdf ffdf ffdf ffdf ffdf ffdf ffdf ffdf ffdf ffdf ffdf ffdf ffdf ffdf ffdf ffdf ffdf ffdf ffdf ffdf ffdf ffdf ffdf ffdf ffdf ffdf ffdf ffdf ffdf ffdf ffdf ffdf ffdf ffdf ffdf ffdf ffdf ffdf ffdf ffdf f7be ffdf ffdf ffdf ffdf ffdf ffdf ffdf ffdf ffdf ffdf ffdf ffdf ffdf f7be ffdf ffdf ffdf f7be ffdf f7be ffdf ffdf ffdf ffdf ffdf ffdf ffdf ffdf ffdf ffdf ffdf ffdf ffdf ffdf ffdf ffdf ffdf ffdf ffdf f7be 
ffdf ffdf ffdf ffdf ffdf ffdf ffdf e71c ffff ffff f79e ef7d ef7d ef7d f79e ffdf f7df ffdf ffdf ffdf ffdf ffdf ffdf ffdf ffdf e73c ffdf ffff f79e ef7d ffbf ffbf f7df f7df f7be ffdf ffdf ffdf ffdf f7be ffdf ffdf ef7d f7be ffff ffdf ef3c ffdf ffdf ffdf ffdf ffdf ffdf ffdf ffdf ffdf ffdf ffdf ffdf f79e ef7d ffff ffff e73c f7be f79e ef7d f7be ffdf ffdf ffdf ffdf ffdf ffdf ffdf ffdf ffdf ffdf ffdf ffdf ffdf ffdf ffdf ffdf ffdf ffdf ffdf ffdf ffdf ffdf ffdf ffdf ffdf ffdf ffdf f7be ffdf ffdf ffdf ffdf ffdf ffdf ffdf ffdf ffdf ffdf ffdf ffdf ffdf ffdf ffdf ffdf ffbf ffdf ffdf ffdf ffdf ffde ffdf ffdf f7df ffdf ffdf ffbe ce17 734c 4185 30e2 2081 2081 1860 1020 1840 1020 1860 1881 1860 20a1 1881 1861 1881 1881 1881 1860 1881 1881 1881 1860 1881 20c2 28e2 28e2 3123 3964 2902 28e2 3103 20c1 20a1 28e2 28e2 20c2 18a2 1881 1881 20c2 20c2 1861 1861 1882 20e3 20c3 2903 3144 3123 3965 3985 41a6 3965 3965 3144 2903 28e3 2903 2903 28e3 1881 2081 20a1 28c2 20a2 20c2 20c2 28c2 20a1 20a2 2903 3123 1881 1861 1061 1060 1060 1061 1040 1840 20a1 2081 28a1 30c1 30e2 30c1 30c2 38e2 4963 7288 59c5 93ce f77d ffbf f7df ffdf ffdf ffbf ffdf ffdf ffdf ffdf ffdf ffdf ffdf ffdf ffdf ffdf ffdf ffdf ffdf ffdf ffdf ffdf ffdf ffdf ffdf ffdf ffdf ffdf f7be ffdf ffdf ffdf ffdf ffdf ffdf ffdf ffdf ffdf ffdf ffdf ffdf ffdf ffdf ffdf ffdf ffdf ffdf ffdf ffdf ffdf ffdf ffdf ffdf ffdf ffdf ffdf ffdf ffdf ffdf ffdf ffdf ffdf ffdf ffdf ffdf ffdf ffdf ffdf ffdf f7be ffdf ffdf ffdf ffdf ffdf ffdf f7be ffdf ffdf ffdf ffdf ffdf ffdf ffdf ffdf ffdf ffdf ffdf ffdf ffdf ffdf ffdf ffdf ffdf ffdf ffdf ffdf ffdf ffdf ffdf ffdf ffdf 
ffdf ffdf ffdf ffdf ffdf ffdf f7be e73c ffff ffff f79e ef7d f79e f79e f7be ffdf ffdf ffdf ffdf ffdf ffdf ffdf ffdf ffdf ffdf e73c ffdf ffff f79e ef7d ffdf ffdf ffdf ffdf ffdf ffdf ffdf ffdf ffdf ffdf ffdf ffdf ef7d f79e ffff ffdf e73c ffdf ffdf ffdf ffdf ffdf ffdf ffdf ffdf ffdf ffdf ffdf f7be f79e ef7d ffff ffff e73c f7be f79e f79e ffdf ffdf ffdf ffdf ffdf ffdf ffdf ffdf ffdf ffdf ffdf ffbf ffdf ffdf ffdf ffdf ffdf ffdf ffdf ffdf ffdf ffdf f7be ffdf ffdf ffdf ffdf ffdf f7be ffdf ffdf ffdf ffdf ffdf ffdf ffdf ffdf ffdf ffdf ffdf ffdf ffdf ffdf ffdf ffdf ffdf ffdf ffdf ffdf ffdf ffde ffbf ffdf ffbf ffdf ff9e acf3 838d 49c6 28a1 2081 1060 1861 1040 1040 1061 1040 1881 1861 1860 1881 1881 1860 1860 1860 20a1 20a1 2081 2081 20c2 1861 1881 1881 20a1 28e2 3103 3123 3123 3103 28c2 3123 28e2 20a1 20e2 2903 20a2 1881 20a2 1861 1881 1881 1861 1040 1882 1861 1881 18a2 20a1 20c2 28e3 3965 3124 2903 3123 2903 2903 3123 3103 28c2 28e3 20a2 1861 1860 18a1 20a2 1861 1861 20a2 20c2 20a1 28c2 3123 28c2 1840 1840 1040 1041 1040 1040 1040 20a2 28a1 2081 28c1 28c1 28a0 30c1 30c1 4943 6a67 51c5 a470 ff9e ffdf ffdf ffdf ffdf ffdf ffdf ffdf ffdf ffdf ffdf ffdf ffdf f7be ffdf ffdf ffdf ffdf ffdf ffdf ffdf f7df ffdf ffdf ffdf ffdf ffdf ffdf ffdf ffdf ffdf ffdf ffdf ffdf ffdf ffdf ffdf ffdf ffdf ffdf ffdf ffdf ffdf ffdf ffdf ffdf ffbf ffdf ffdf ffdf ffdf ffdf ffdf ffdf ffdf f7be f7be ffdf ffdf ffdf ffdf ffdf ffdf ffdf ffdf ffdf ffdf ffdf ffdf ffdf ffdf ffdf ffdf ffdf ffdf ffdf ffdf ffdf ffdf ffdf ffdf ffdf ffdf ffdf ffdf ffdf ffdf ffdf ffdf ffdf ffdf ffdf ffdf ffdf ffdf ffdf ffdf ffdf ffdf ffdf ffdf 
ffdf ffdf ffdf ffdf ffdf ffdf f7be e73c ffff ffff f79e ef7d f7be f79e f7be f7be ffdf ffdf ffdf ffdf ffdf ffdf f7be f7be ffdf e73c ffdf ffff f7be ef7d f7de f7be ffdf ffdf ffbf ffdf ffdf ffdf ffdf ffdf ffdf ffdf ef7d f79e ffff ffdf e73c f7be ffdf ffdf ffdf ffdf ffdf ffdf ffdf ffdf ffdf ffdf f7be f79e ef7d ffff ffff e73c f7be ffbe f7be ffbe f7be ffdf ffdf ffdf ffdf ffdf ffdf ffdf f7df ffdf f7df ffdf ffdf ffdf ffdf ffdf ffdf ffdf ffdf ffdf ffdf ffdf ffdf f7be ffdf ffdf ffdf ffdf ffdf ffdf ffdf ffdf ffdf ffdf ffdf ffdf ffdf ffdf ffdf ffdf ffdf ffdf ffdf ffbf ffdf ffbf ffdf ffdf ffdf f7be f7df ffdf ffde ef3c 9c71 acb2 4144 28a1 1860 0820 1040 1861 0820 0820 0820 1040 18a1 20a1 1861 1881 2082 1881 1860 1840 1880 1860 1881 1881 28c2 28c2 20c2 20a2 2081 20c2 20a1 28c2 28e2 2902 28e2 28e2 3164 3123 1860 28c2 20a2 1861 1881 1061 1040 1061 1881 1041 1041 1041 1060 1040 1881 20c2 3165 3144 2903 3104 3164 3964 39a5 49e6 49e6 41c6 49c6 3123 20a1 20a1 1881 1040 1861 1881 1841 1840 28e3 30e3 20a1 3944 3123 1881 1841 1040 0820 1061 1040 1840 28a2 28c2 2081 2881 2881 2080 28a1 30e2 4963 6227 5a06 bd33 ffbe ffbf f7de ffde ffdf ffdf f7be ffdf ffdf ffdf ffdf f7be ffdf ffdf ffdf ffdf ffdf ffdf ffdf f7be ffbf ffdf ffbf ffbf ffdf ffdf ffdf ffdf ffdf ffdf ffdf ffdf ffdf ffdf ffdf ffdf ffdf ffdf ffbf ffbe ffdf ffdf f7df f7be ffdf ffdf ffdf ffdf ffdf ffdf f7df f7df ffdf ffdf f7be f7be ffdf ffdf ffdf ffdf ffdf ffdf ffdf ffdf ffdf ffdf ffdf ffdf ffdf ffdf ffdf ffdf ffdf ffdf ffdf ffdf ffdf ffdf ffdf ffdf ffdf ffdf ffdf ffdf ffdf ffdf ffdf ffdf ffdf ffdf ffdf ffdf ffdf ffdf ffdf ffdf ffdf ffdf ffdf ffdf 
f7de f7be f7df ffdf ffdf ffff ffdf e73c ffdf ffdf f79e ef7d ffbf ffbe ffbe f7be f7be f7be ffdf ffdf ffdf ffdf ffdf ffdf f7be e73c ffdf ffff f79e ef7d ffdf ffdf f7be f7be f7be ffdf ffdf ffdf ffdf ffdf f7be f7be ef7d f79e ffff ffdf e73c ffdf f7de f7de f7be f7be ffdf ffdf ffdf ffdf f7df f7be ffdf f79e ef7d ffff ffff e73c f7be f7be f7de f7be f7be ffdf ffdf ffdf f7be ffdf ffdf ffdf ffdf ffdf ffbf ffdf f7be ffdf ffdf ffdf ffdf ffdf ffdf ffdf f7be f7be ffdf ffdf ffdf ffdf ffdf ffdf f7df f7df ffdf ffdf ffdf ffdf ffdf ffdf f7be ffdf ffdf ffdf ffdf ffdf ffdf ffdf f7de f7de f7fe ffde f7df ffdf ffdf ffbf ef1b 93ef b533 41a5 28a2 1861 1020 1061 0840 1060 1060 1040 1061 1861 1861 1881 1881 1040 1060 1881 1861 1861 1861 1840 1040 1060 1880 20a1 28e2 3123 3103 3103 28c2 2081 20a1 28c2 20c2 20c2 28c2 3124 28e2 20a1 18a1 1861 1040 1041 1882 1061 1061 1882 1061 1081 1041 1041 1881 18a2 1881 18a1 18a1 20e2 2903 3945 3124 4185 51e6 49e6 5207 49c6 49c6 4185 3123 2903 18a1 1060 1881 1881 1861 2081 3123 28a2 28c2 3103 28c1 1881 1060 1020 1020 1040 1060 20a1 20a0 28c1 2080 2081 1860 28a1 30e2 38e2 6206 59e6 cdd7 ffbe ffdf ffff f7de f7de ffff f7df f7df f7bf ffdf ffdf f7be ffde ffdf ffdf ffdf ffbf ffdf ffdf f7be ffdf ffdf ffdf ffdf ffdf ffdf ffdf f7be ffdf ffdf ffdf ffdf ffdf ffdf ffdf f7be f7de ffdf ffdf ffdf ffdf ffdf ffdf f7de f7be ffdf ffdf ffbf ffbf ffdf ffdf f7df f7df ffdf ffdf ffdf ffdf ffdf ffdf f7be f7de ffdf ffdf ffdf ffbf ffdf ffdf ffdf ffdf ffdf ffdf ffdf ffdf ffdf ffdf f7be ffdf ffdf ffdf ffdf ffdf ffdf ffdf f7de f7de ffdf ffdf ffdf ffdf ffdf ffdf f7be ffdf ffdf ffdf ffbf ffbf ffdf ffdf 
ffdf ffdf ffdf ffdf ffdf ffdf f7be e73c ffff ffff f79e ef7d ffdf ffdf f7be f79e f7be ffdf ffdf ffdf ffdf ffdf ffdf f7be ffdf e73c ffdf ffff f79e ef7d ffdf ffdf f7be f79e f79e ffdf ffdf ffdf ffdf ffdf ffdf ffdf ef5d f79e ffff ffdf e73c ffdf ffdf f7be f79e f79e ffdf ffdf ffdf ffdf ffdf ffdf ffdf f79e ef7d ffff ffff e73c f7be ffdf f7be f79e f79e f7be ffdf ffdf ffdf ffdf ffdf ffdf ffdf ffdf ffdf f7df ffdf ffdf ffdf ffdf ffdf ffdf ffdf ffdf ffdf ffdf ffdf ffdf ffdf ffdf ffdf ffdf ffdf ffdf ffdf ffdf ffdf ffdf ffdf ffdf ffdf ffdf ffdf ffdf ffdf ffdf ffdf ffdf f7be ffde ffdf ffdf ffdf ffdf ffdf e71c bd55 d5f7 49c6 1861 20c2 1861 1040 0820 0820 1040 0820 1040 1861 1881 1881 1861 1840 1040 1040 1881 1861 1041 1841 1861 1060 1861 1880 1880 20a1 20c1 2902 2902 2902 28e2 20c2 28e2 20a1 1861 20a1 2903 20c2 20a1 28c2 20a2 1040 0820 1881 1882 1020 28e3 1061 1061 1081 0820 1061 0820 1061 18a2 20c2 18a2 1881 20a2 28e2 3123 41c5 49e6 49e6 41a5 4164 3964 3123 3123 2903 2903 20a1 1860 1861 1860 1860 28e2 3103 28c2 3944 3103 2081 1840 1040 1040 1020 1040 2081 20a1 28c1 2060 2081 1840 2881 30c1 4102 59e6 72c9 f73c ffbe f7df ffde ffde ffde ffdf ffdf ffdf ffdf ffdf f7df ffdf ffdf ffdf ffdf ffdf ffdf ffdf ffdf ffdf f7be ffdf ffdf ffdf ffdf ffdf ffdf ffdf ffdf ffdf ffdf ffdf ffdf ffdf ffdf ffdf ffdf f7df ffdf ffdf ffdf ffdf ffdf ffdf ffdf ffdf ffbf ffbf ffdf f7be ffdf ffdf ffdf f7df ffdf ffdf ffdf f7be ffdf ffdf ffdf ffdf ffdf ffdf ffdf ffdf ffdf ffdf ffdf ffdf ffdf ffdf ffdf ffdf ffdf ffdf ffdf ffdf ffdf ffdf ffdf ffdf ffbf ffbf ffdf ffdf ffdf ffdf ffdf ffdf ffdf ffdf ffdf ffdf ffdf ffdf ffdf ffdf 
ffdf ffdf ffdf ffdf ffdf ffdf f7be e73c ffff ffff f79e ef7d ffdf f7be f79e ef7d f79e ffdf ffdf ffdf ffdf ffdf ffdf ffdf f7be ef5d ffdf ffff f79e ef7d ffdf ffdf f79e f79e f79e ffdf ffdf ffdf ffdf ffdf ffdf ffdf ef7d f79e ffff ffdf e73c ffdf ffdf f79e f79e ef7d f7be ffdf ffdf ffdf ffdf ffdf ffdf f79e ef7d ffff ffff e73c f7be ffdf f7be ef7d ef7d f7be ffdf ffdf ffdf ffdf ffdf ffdf ffdf ffdf ffdf ffdf ffdf ffdf ffdf ffdf ffdf ffdf ffdf ffdf ffdf ffdf ffdf ffdf ffdf ffdf ffdf ffdf ffdf ffdf ffdf ffdf ffdf ffdf f7be ffdf ffdf ffdf ffdf ffdf ffdf ffdf ffdf ffdf ffbf ffdf ffdf ffdf ffde ffde f79e ce38 b534 3144 20a2 1020 1041 20c3 1041 1041 1020 1861 1040 2081 1841 1861 1861 1020 1040 1040 1040 1860 1841 1841 1840 1841 1861 1881 20a1 20a1 1881 20e2 28e2 20e2 28e2 28e2 28e2 28e2 28e2 18a1 1060 18a1 20c2 20c2 1881 28e3 2924 1041 1882 1882 1061 20c3 2904 1040 1082 0800 1061 0800 0820 1861 18a2 1061 1881 18a2 2903 3964 3985 3985 3944 4164 3985 4185 3144 3103 2902 20a1 2081 20a1 2081 1881 1860 1840 2081 28e3 2081 3944 3103 28c2 1861 1020 1020 1041 1040 1861 28e2 28c2 2060 2060 1840 2060 38e2 4123 59e6 93ce ff9e ffbf ffbe ffbf ffdf ffbe ffdf ffdf ffdf ffdf ffdf ffdf ffdf ffdf ffdf ffdf ffdf ffdf ffdf ffdf ffdf ffdf ffdf ffdf ffdf ffdf ffdf ffdf f7be ffdf ffdf ffdf ffdf ffdf ffdf ffdf ffdf ffdf ffdf ffdf ffdf ffdf ffdf ffdf ffdf ffdf ffdf ffdf ffdf ffdf ffdf ffdf ffdf ffdf ffdf ffdf ffdf ffdf ffdf ffdf f7be ffdf ffdf ffdf ffdf ffdf ffdf ffdf ffdf ffdf ffdf ffdf ffdf ffdf ffdf ffdf ffdf ffdf ffdf ffdf ffdf ffdf ffdf ffdf ffdf ffdf ffdf ffdf ffdf ffdf ffdf ffdf ffdf ffdf ffdf ffdf ffdf ffdf 
ffdf ffdf ffdf ffdf ffdf ffdf ffdf e73c ffff ffff f79e ef7d ffdf f7be ef5d ef7d ef7d ffdf ffdf ffdf ffdf ffdf ffdf ffdf ffdf e73c ffdf ffff f7be ef7d ffdf ffdf ef7d f79e ef7d ffdf ffdf ffdf ffdf ffdf ffdf ffdf ef7d f79e ffff ffdf e73c ffdf ffdf ef7d f79e ef7d ffdf ffdf ffdf f7be ffdf f7be f7be ef7d ef7d ffff ffff e73c f7be ffdf f7be ef7d ef7d f7be ffdf ffdf ffdf ffdf ffdf ffdf ffdf ffdf ffdf ffdf ffdf ffdf ffdf ffdf ffdf ffdf ffdf ffdf ffdf ffdf ffdf ffdf ffdf ffdf ffdf ffdf ffdf ffdf ffdf ffdf ffdf ffdf ffdf ffdf ffdf ffdf ffdf ffdf ffdf ffdf ffdf ffdf ffdf ffdf ffdf ffdf ffdf f79e e6fc a4d3 28e3 2081 1881 1881 1040 1861 1861 1041 1040 1881 1861 1861 2081 1841 1040 1841 1861 1841 1860 1840 1840 1840 1841 1840 1840 1861 20a1 28e2 28e2 28c2 28c2 20c2 20a1 28e3 28c2 20c2 28e2 20e2 18a1 1060 1881 18a2 20c3 20e3 2903 2904 1882 1861 18a2 1881 20e3 1862 1021 0800 0841 0820 1061 1041 1040 1061 18a2 2924 28e3 28e3 2903 3124 3123 2903 3144 3964 3144 3964 3964 3944 3944 28c2 20a1 1880 1881 20c2 1861 1840 28c2 2081 28c2 3903 28e2 1840 1020 1020 0800 1040 1860 28c2 28c2 2061 1840 1820 2881 38c2 4943 6227 b513 ffbe ffbf ffdf ffdf ffdf ffdf ffdf ffdf ffdf ffdf ffdf ffdf ffdf ffdf ffdf ffdf f7be ffdf ffdf ffdf ffdf ffdf ffdf ffdf ffdf ffdf ffdf ffdf ffdf ffdf ffdf ffdf ffdf ffdf ffdf ffdf ffdf ffdf ffdf ffdf ffdf f7be ffdf ffdf ffdf ffdf ffdf ffdf ffdf ffdf ffdf ffdf ffdf ffdf ffdf ffdf ffdf ffdf ffdf ffdf f7be ffdf ffdf ffdf ffdf ffdf ffdf ffdf ffdf ffdf ffdf ffdf ffdf ffdf ffdf ffdf ffdf ffdf ffdf ffdf ffdf ffdf ffdf ffdf ffdf ffdf ffdf ffdf ffdf ffdf ffdf ffdf ffdf ffdf ffdf ffdf ffdf 
ffdf ffdf ffdf ffdf ffdf ffdf ffdf e73c ffff ffff f79e ef7d ffdf f79e e73c f79e ef7d ffdf ffdf ffdf ffdf ffdf ffdf ffdf f7be e73c ffdf ffff f7be ef7d ffdf f7be e73c f79e ef7d ffdf ffdf ffdf ffdf ffdf ffdf ffdf ef7d f79e ffff ffdf e73c f7be f7be e73c f7be ef5d ffdf ffdf ffdf ffdf ffdf ffdf ffdf f79e ef7d ffff ffff e73c ffdf f7be ef5d f7be ef5d ffdf ffdf ffdf ffdf ffdf ffdf ffdf ffdf ffdf ffdf ffdf f7be ffdf ffdf ffdf ffdf ffdf ffdf ffdf ffdf ffdf ffdf ffdf ffdf ffdf ffdf ffdf ffdf ffdf ffdf ffdf ffdf ffdf ffdf ffdf ffdf ffdf ffdf ffdf ffdf ffdf ffdf ffdf ffdf ffdf ffdf ffbf ef7e de9a a4d3 20a2 28e3 1840 1040 1081 1041 1040 1861 1861 1861 1861 1881 1020 1020 0820 1020 1040 1040 1040 1061 1041 1041 1020 1020 1020 1020 1020 1020 1840 1860 20c2 30e2 3103 28e2 28c2 3123 3123 3144 3123 28e2 20c2 28e3 1882 1861 20c3 20c3 20c3 20e3 1882 1041 1041 18a2 20c3 0800 0820 0840 0820 0840 1881 2081 20a2 20c2 20a2 20c2 20c2 20c2 20a2 28e2 28e2 3144 41a5 3985 41a5 3985 3964 3143 3944 3103 28a1 20a1 20a1 20c2 2081 1840 28c2 2081 28c1 3923 30e2 1861 1020 1020 1020 1861 28c2 2081 2081 2061 1840 1840 2081 30c1 4943 5a27 cdd6 f77d ffdf f7be ffdf ffdf ffdf f7be ffdf ffdf ffdf ffdf ffdf ffdf ffdf ffdf f7be ffdf ffdf ffdf ffdf ffdf ffdf ffdf ffdf ffdf ffdf ffdf ffdf ffdf ffdf ffdf ffdf ffdf ffdf ffdf ffdf ffdf ffdf ffdf ffdf ffdf ffdf ffdf ffdf ffdf ffdf ffdf ffdf ffdf ffdf ffdf ffdf ffdf ffdf ffdf ffdf ffdf ffdf ffdf ffdf ffdf ffdf ffdf ffdf ffdf ffdf ffdf ffdf ffdf ffdf ffdf ffdf ffdf ffdf ffdf ffdf ffdf ffdf ffdf ffdf ffdf ffdf ffdf ffdf ffdf ffdf ffdf ffdf ffdf ffdf ffdf ffdf ffdf ffdf ffdf ffdf 
ffdf f7be ffdf ffdf ffdf ffdf f7be e71c ffff ffff f79e ef5d ef5d e73c f7be f79e ef7d ffdf ffdf f7be ffdf ffdf ffdf ffdf f7be e73c ffdf ffff f79e ef5d f79e e73c f7be f79e ef7d ffdf ffdf ffdf ffdf ffdf ffdf f7be ef5d f79e ffff ffdf e73c f79e e71c ef7d ffdf ef5d ffdf ffdf ffdf ffdf ffdf ffdf f7be ef7d ef7d ffff ffff e71c ef7d e75c ef5d ffff e73c ffdf ffdf f7be ffdf ffdf ffdf ffdf ffdf ffdf ffbf ffbf ffdf ffdf ffdf ffdf ffdf ffdf ffdf ffdf ffdf ffdf ffdf ffdf ffdf ffdf ffdf ffdf ffdf ffdf ffdf ffdf ffdf ffdf ffdf ffdf ffdf ffdf ffdf ffdf ffdf ffdf ffdf ffdf ffdf f7be ffbf f77e ce18 bd96 20c2 1880 18a1 1040 0820 0820 0800 1040 1041 1861 1020 1020 1020 0820 0800 1020 1061 1861 1861 1061 1041 1040 1020 1040 1041 1041 1040 1040 1041 1061 1041 0820 1020 1061 28e2 3144 28c2 20a1 28e2 3124 41a6 3965 20c3 20c2 20e3 1041 18a2 1881 1061 18a2 1882 0820 1041 1882 1041 0800 0820 0820 0820 1020 1841 2081 20a1 20c2 2903 3944 41a5 49e6 49e6 41a5 3984 3964 2903 28e2 3144 3964 3143 28e2 28e2 20c2 20a2 2081 1860 2081 28c2 2081 28e2 28c2 28c2 3903 30e3 20a1 1020 0820 1861 1040 2081 28c2 2081 2061 1840 1820 2080 3902 4123 7b2b ef1b f7be ffdf ffdf ffdf f7be ffdf ffdf ffdf f7de ffdf ffdf ffdf ffdf ffde ffde ffdf ffdf ffdf ffdf ffdf ffdf ffdf ffdf ffdf ffdf ffdf ffdf ffdf f7be ffdf ffdf ffdf ffdf ffdf ffdf ffdf ffdf ffdf ffdf ffdf ffdf ffdf ffdf ffdf ffdf ffdf ffdf ffdf ffdf ffdf ffdf ffdf ffdf ffdf ffdf ffdf ffdf ffdf ffdf ffdf ffdf ffdf ffdf f7be ffdf ffdf ffdf ffdf f7be f7be ffdf ffdf ffdf ffdf ffdf ffdf ffdf ffdf ffdf ffdf ffdf ffdf ffdf ffdf ffdf ffdf ffdf ffdf ffdf f7be ffdf ffdf ffdf ffdf ffdf 
ffdf ffdf ffdf ffdf ffdf f7be f79e ef5d f7be f7be f79e ef7d f79e f7be f7be f79e f79e ffdf ffdf ffdf ffdf ffdf ffdf f7be f7be ef5d f7be f7be f79e ef7d ef7d f79e f7be f79e f79e ffdf ffdf ffdf ffdf ffdf ffdf f7be ef7d f79e f7be f7be ef5d ef7d f79e f7be f7be ef7d ffdf ffdf ffdf ffdf ffdf f7be f7be ef7d ef7d f7be f7be ef7d ef9d f7be f7be f7be ef7d ffdf ffdf ffdf ffdf ffdf ffdf ffdf ffdf ffdf ffdf ffdf f7be ffdf ffdf ffdf ffdf ffdf ffdf ffdf ffdf ffdf ffdf ffdf ffdf ffdf ffdf ffdf ffdf ffdf ffdf ffdf ffdf ffdf ffdf ffdf ffdf ffdf ffdf ffdf ffdf ffdf ffdf ffdf ffdf ffdf ffbf debb b534 20c2 1881 1060 18a2 1020 0800 0800 1040 1861 1861 1020 1040 0800 1020 1840 2081 2081 1860 1840 1860 1020 1860 1860 1881 1861 1881 1040 1040 1040 1040 1041 1061 1061 1061 1040 0820 1040 2903 3103 3964 28e2 28e2 3944 3103 1861 1061 1882 0840 0820 1040 1040 1061 1041 0820 1041 1041 0800 0000 0800 0000 0821 1041 1041 1861 1861 2081 28c2 28e3 3964 49a5 41a5 5226 5227 5227 41a5 4185 3144 28e2 28e2 20a1 20a1 2081 2081 2081 1860 1860 20a1 20a1 30e3 28a1 2060 30e2 28c2 20a1 1040 1040 1861 20a1 2081 30e2 2081 1861 1020 1820 2061 30c1 51c6 acf2 f77d ffdf ffdf ffdf ffdf f7be ffde ffdf ffdf ffdf ffdf ffde ffde ffde ffde ffdf ffdf ffdf ffdf ffdf ffdf ffdf ffdf ffdf ffdf ffdf ffdf ffdf ffdf ffdf ffdf ffdf ffdf ffdf ffdf ffdf ffdf ffdf ffdf ffdf ffdf ffdf ffdf ffdf ffdf ffdf ffdf ffdf ffdf ffdf ffbf ffdf ffdf ffdf ffdf ffdf ffdf ffdf ffdf ffdf ffdf ffdf ffdf ffdf ffdf ffdf ffdf ffdf ffdf ffdf ffdf ffdf ffdf ffdf ffdf ffdf ffdf ffdf ffdf ffdf ffdf ffdf ffdf ffdf ffdf ffdf ffdf ffdf ffdf ffdf ffdf ffdf ffdf ffdf ffdf 
ffdf ffbf ffbf ffdf ffbf ffbe f79e ef7d ef7d ef7d ef7d ef7d ef7d ef7d ef5d ef9e ffdf ffdf ffdf ffdf f7be ffdf ffdf ffdf f7be f79e ef7d ef5d ef7d ef7d ef7d ef7d ef7d ef7d f7be ffdf ffdf ffdf ffdf ffdf ffdf f7be f79e ef7d ef7d ef7d ef7d ef7d ef7d ef5d ef7d f7be ffdf ffdf ffdf ffdf ffdf ffdf f7be f79e ef7d ef7d ef5d ef7d f79e ef7d ef5d ef7d f7be f7be f7be ffdf ffdf ffdf ffdf ffdf f7de f7df ffdf ffdf ffdf ffdf ffdf ffdf ffdf ffdf ffdf ffdf ffdf ffdf ffdf ffdf ffdf ffdf f7be f7be ffdf ffdf ffbf ffdf ffbe ffdf ffdf ffdf ffdf ffdf ffdf ffdf ffdf ffdf ffdf f7be ffdf ffdf ef1c ad14 3124 1860 1060 0840 1881 0800 0820 1041 1860 1040 1040 1840 1861 1861 2082 2082 1860 2081 1840 1040 1040 1020 1040 1040 1040 1060 18a1 20a2 28e3 20a2 1882 1881 18a2 1881 0840 18c2 20c3 1041 1020 1040 20c2 3985 20c2 20a2 20a2 1881 1020 0820 1061 1040 1020 1041 1881 1040 0820 0820 0820 0800 0800 0800 0820 1041 0821 0800 0800 0800 0820 1041 1861 20a2 28c2 3944 3123 3123 3964 2903 28e2 28e3 28c2 1860 1860 1881 1860 1860 1881 1881 1840 1860 2081 2081 3103 2081 2060 2881 28c2 2081 1860 1861 1841 20a2 2081 28c2 1860 1881 1820 2060 2061 30e2 6aa9 d617 ffbe f7bf ffdf ffdf ffde ffde ffdf ffdf ffdf ffdf ffde ffdf ffde ffde ffdf ffdf ffdf ffdf ffdf ffdf ffdf ffdf ffdf ffdf ffdf ffdf ffdf ffdf ffdf f7be ffdf ffdf ffdf ffdf ffdf ffdf f7df ffdf ffdf ffdf ffdf ffdf ffdf ffdf f7df ffdf ffdf ffdf ffbf ffdf ffdf ffdf f7df ffdf ffdf ffdf ffdf ffdf ffdf f7df f7de f7df ffdf ffdf ffdf ffdf ffdf ffdf ffdf ffdf ffdf ffdf ffdf ffdf ffdf ffdf ffdf ffdf ffdf ffdf ffdf ffbf ffdf ffdf ffdf ffdf ffdf ffdf ffdf ffdf ffdf ffdf f7df ffdf 
f7df f7df ffdf ffdf ffdf ffdf ffdf ffdf f7be f7be ffbf ffdf ffbf ffdf ffdf ffdf f7be ffdf ffdf ffdf ffdf ffdf ffdf ffdf ffdf ffdf ffdf ffdf ffdf ffdf ffdf ffdf f7be f7de f7df ffdf ffdf ffdf ffdf ffdf f7be f7be ffdf ffdf ffdf ffdf ffdf ffdf f7be f7be ffdf ffdf ffdf ffdf ffdf ffdf ffdf f7be ffdf ffdf ffdf ffdf ffdf ffdf ffdf f7be ffdf ffdf ffdf ffdf ffdf ffdf ffdf f7be ffdf ffdf f7be ffdf ffdf ffdf f7be ffdf ffdf ffdf ffdf ffdf ffdf ffdf f7be f7be ffdf ffdf ffdf ffdf ffdf ffdf f7be f7de f7de ffde f7df ffdf ffdf ffdf ffbe ffbe ffdf ffdf ffdf f7be ffdf ffff f7de f79d bd75 49e6 1860 1061 1041 1041 1020 0800 1840 2061 2061 2081 2081 2081 2081 1880 1881 1040 0820 0820 1040 1881 1020 0820 0820 0840 1040 1041 1020 1861 1040 1080 1881 1881 20a2 20a2 28e3 28e3 20c3 28e3 18a2 0840 0820 0820 1061 1881 1061 1060 0860 0820 0820 0820 1882 1041 0841 0820 0820 0820 1041 0800 1021 0841 0840 0000 0000 0820 0000 0800 0820 0820 0800 0820 1040 20a2 3144 3985 3124 3103 20e1 20c1 1880 1860 1860 1860 1860 2081 1060 1040 1860 1860 1841 2041 2882 30c3 20a1 1860 2080 28c1 28c1 1840 1860 2061 2081 2081 30c2 30c2 30e3 28a1 30c2 30c2 51e5 5206 deb9 ffde f7be ffdf ffdf ffdf f7bf ffbf ffdf ffdf ffbf ffbf ffdf ffdf ffdf f7de ffdf f7df ffdf ffdf ffdf ffdf ffdf ffdf ffdf ffdf ffdf ffdf ffdf ffdf f7be f7be ffdf ffdf ffdf ffdf ffdf ffdf f7be ffdf ffdf ffdf ffdf ffdf ffdf ffdf f7be f7be f7df ffdf f7be ffdf ffdf ffdf ffdf f7be ffdf ffdf ffbf ffdf ffdf ffdf ffdf ffdf ffdf ffdf ffdf ffdf ffdf ffdf f7be f7be ffdf ffdf ffdf ffdf ffdf ffdf f7be f7be ffdf ffdf ffdf ffdf ffdf ffdf f7be f7be ffdf ffdf ffdf ffdf ffdf ffdf 
ffdf ffdf ffdf ffdf ffdf ffdf ffdf ffdf ffdf ffdf ffdf ffdf ffdf ffdf ffdf f7be ffdf ffdf ffdf ffdf ffdf ffdf ffdf f7be ffdf ffdf ffdf ffdf ffdf ffdf ffdf ffdf ffbf ffbf ffdf ffdf ffdf ffdf ffdf ffdf ffdf ffdf ffdf ffdf ffdf ffdf ffdf ffdf ffdf ffdf ffdf ffdf ffdf ffdf ffdf ffdf ffdf ffdf ffdf ffdf ffdf ffdf ffdf ffdf ffdf ffdf ffdf ffdf ffdf ffdf ffdf ffdf ffdf ffdf ffdf ffdf ffdf ffdf ffdf ffdf ffdf ffdf ffdf ffdf ffdf ffdf ffdf ffdf ffdf ffdf ffdf ffdf ffdf ffdf ffdf ffdf f7be ffde ffdf ffdf ffdf ffdf ffdf ffdf ffdf ffdf ffdf ffdf ffdf ffdf ffdf ffdf f79e de7a 5a89 20a2 1881 1020 1041 1020 1040 1860 2081 1860 2081 2061 1840 1861 1881 1860 1840 1861 1861 1861 1881 18a2 20c2 20a2 1061 18a2 1061 0820 0800 0800 0820 0820 1040 18a2 20c2 20e3 20c2 2903 2924 2923 18a2 1061 0820 0000 0800 0800 1041 1041 0820 0820 0820 0820 0820 1021 0820 0820 0820 0820 1882 0820 0820 0820 0000 0000 0820 0800 0820 0800 0820 0800 0820 1061 1861 20a2 20c2 28c3 3124 3124 2903 2903 18a1 1861 1861 1040 1040 1881 1881 1881 1860 1860 1861 1840 1861 2081 28c2 2081 2060 2060 30c2 28a1 28a1 2081 2081 20a1 2081 2081 2040 2040 1840 2061 4143 4143 5a27 f73c ffbe ffdf ffdf ffdf ffdf ffbf ffdf f7de ffdf ffdf ffdf ffdf ffdf ffdf ffdf ffdf ffdf ffdf ffdf ffdf ffdf ffdf ffdf ffdf ffdf ffdf ffdf ffdf ffdf ffdf ffdf ffdf ffdf ffdf ffdf ffdf ffdf ffdf ffdf ffdf ffdf ffdf ffdf f7be ffbf ffdf ffdf ffdf ffdf ffdf ffdf ffdf ffdf ffdf f7be ffdf ffdf ffdf ffdf f7df ffdf ffdf ffdf ffdf ffdf ffdf ffdf ffdf ffdf ffdf ffdf ffdf ffdf ffdf ffdf ffdf ffdf ffdf ffdf ffdf ffdf ffdf ffdf ffdf f7be ffdf ffdf ffdf ffdf ffdf ffdf ffdf 
ffdf ffdf ffdf ffdf ffdf ffdf ffdf ffdf ffdf ffdf ffdf ffdf ffdf ffdf ffdf ffdf ffdf ffdf f7be ffdf ffdf ffdf f7be ffdf ffdf ffdf ffdf ffdf ffdf ffdf ffdf ffdf ffdf ffdf ffdf ffdf ffdf ffdf ffdf ffdf ffdf ffdf ffdf ffdf ffdf ffdf ffdf ffdf ffdf ffdf ffdf ffdf ffdf ffdf ffdf ffdf ffdf ffdf ffdf ffdf ffdf ffdf ffdf ffdf ffdf ffdf ffdf ffdf f7be ffdf ffdf ffdf ffdf ffdf ffdf ffdf ffdf ffdf ffdf ffdf ffdf ffdf ffdf ffdf ffdf ffdf ffdf ffdf ffdf ffdf ffdf ffdf ffdf ffdf ffdf ffdf ffdf ffdf ffdf ffdf ffde ffde ffdf ffdf ffdf ffdf ffde f7be ffde ffde ffdf ffdf ef3d 9451 28c2 1840 2081 1881 1840 1840 1860 20a1 2081 2081 2081 2081 2081 1861 1861 1040 1040 1861 1861 18a2 18a2 20a2 20c2 20c2 1881 1881 1881 20c3 18a2 1882 1061 1040 0820 0820 1881 2903 20e3 20e2 2924 28e3 20c2 1881 1040 0800 0800 0800 0800 0820 0820 0820 1041 1021 0820 0800 0820 0820 0820 0820 1041 0820 0840 0820 0800 0800 0800 0000 0800 0000 0000 0800 0000 0800 0820 1020 1882 28c3 20e2 2923 3964 41a5 3965 3103 20a2 1881 1861 1861 1860 2081 2081 1861 1860 1040 1860 1861 20a1 28c2 2081 2081 2060 28a1 28a1 2881 2081 1860 2061 2081 2081 2061 28a1 3903 28a1 30a2 3923 8bae ff9d ffdf f7de f7de ffde ffdf ffdf ffdf ffbf ffbf ffdf ffdf ffdf ffdf ffdf ffdf ffdf ffdf ffdf ffdf ffdf ffdf ffdf ffdf ffdf ffdf ffdf ffdf ffdf ffdf ffdf ffdf ffdf ffdf ffdf ffdf ffdf ffdf ffdf ffdf ffdf ffdf ffdf f7be ffdf ffdf ffdf ffdf ffdf ffdf ffdf ffdf ffdf ffdf ffdf ffdf ffdf ffdf ffdf ffdf ffdf ffdf ffdf ffdf ffdf ffdf ffdf ffdf ffdf ffdf ffdf ffdf ffdf ffdf ffdf ffdf ffdf f7be ffdf ffdf ffdf ffdf f7be ffdf ffdf ffdf ffdf ffdf ffdf ffdf ffdf ffdf 
ffdf ffdf ffdf ffdf ffdf ffdf ffdf ffdf ffdf ffdf ffdf ffdf ffdf ffdf ffdf ffdf ffdf ffdf ffdf ffdf ffdf f7be f7be ffdf ffdf ffdf ffdf ffdf ffdf ffdf ffdf ffdf ffdf ffdf ffdf ffdf ffdf ffdf ffdf ffdf ffdf ffdf ffdf ffdf ffdf ffdf ffdf ffdf ffdf ffdf ffdf ffdf ffdf ffdf ffdf ffdf ffdf ffdf ffdf ffdf ffdf ffdf ffdf ffdf ffdf ffdf ffdf ffdf ffdf ffdf ffdf ffdf ffdf ffdf ffdf ffdf ffdf ffdf ffdf ffdf ffdf ffdf f7be ffdf ffdf ffdf ffdf ffdf ffdf ffdf ffdf ffdf ffdf ffdf ffdf ffdf ffdf ffdf f7df ffdf ffde ffdf ffdf ffde ffdf ffdf ffdf ffdf ffde ffdf f7be f79e ce38 5a69 20a2 1860 1840 2081 2061 1860 2080 2060 1860 20a1 1881 1040 1040 1020 1041 1861 20c2 18a2 1061 1881 1882 18a2 20c2 20e3 28e4 3125 1082 0820 1041 1882 2103 20e3 1061 1061 0840 0820 1041 1061 1041 18a2 18a2 1041 1061 1061 0840 0820 0800 0000 0800 0820 0800 0820 0820 0800 0800 0800 0820 0800 0820 0841 0820 0820 0800 0800 0820 0000 0000 0000 0000 0000 0820 0820 0820 1040 1861 1881 20c2 2903 3144 3144 41a5 49e6 41c6 3964 3964 3103 28c2 2081 28c2 20a1 1881 1040 1020 1040 1861 20a1 30e3 2061 2060 2060 2081 28a1 28a1 2881 1840 2081 28a2 20a1 2081 49a5 2060 2861 2881 4984 9c30 ffbe f7be ffdf ffdf ffdf ffde ffdf ffdf ffdf ffdf ffdf ffdf ffdf ffdf ffdf ffdf ffdf f7be ffdf ffdf ffdf ffdf ffdf ffdf ffdf ffdf ffdf ffdf ffdf ffdf ffdf ffdf ffdf ffdf ffdf ffdf ffdf ffdf ffdf ffdf ffdf ffdf ffdf ffdf ffdf ffdf ffdf f7be ffdf f7be ffdf ffdf ffdf ffdf ffdf ffdf ffdf ffdf ffdf ffdf ffdf ffdf ffdf ffdf ffdf ffdf ffdf ffdf ffdf ffdf ffdf ffdf ffdf ffdf ffdf ffdf ffdf ffdf ffdf ffdf ffdf ffdf ffdf ffdf f7be ffdf ffdf ffdf ffdf f7be ffdf 
ffdf ffdf ffdf ffdf ffdf ffdf ffdf ffdf ffdf ffdf ffdf ffdf ffdf ffdf ffdf ffdf ffdf ffdf ffdf ffdf ffdf ffdf ffdf ffdf ffdf ffdf ffdf ffdf ffdf ffdf ffdf ffdf ffdf ffdf ffdf ffdf ffdf ffdf ffdf f7be ffdf ffdf ffdf ffdf ffdf ffdf ffdf ffdf ffdf ffdf ffdf ffdf ffdf ffdf ffdf ffdf ffdf ffdf ffdf ffdf ffdf ffdf ffdf ffdf ffdf ffdf ffdf ffdf ffdf ffdf ffdf ffdf ffdf ffdf ffdf ffdf ffdf ffdf ffdf ffdf ffdf ffdf ffdf ffdf ffdf ffdf ffdf ffdf ffdf ffdf ffdf ffdf ffdf ffdf ffdf ffdf ffdf ffdf ffde ffde ffdf ffdf ffde ffde ffdf ffdf ffdf ffdf ffde ffdf ffdf ef3c 9430 3103 1861 2081 2081 28a1 1860 2081 2060 1860 2081 1841 1020 1020 1040 1021 0820 1020 0820 0800 0800 0800 0800 0800 0820 1041 1061 1062 1061 0841 0820 0841 0840 0840 1061 1061 1041 18c3 0820 0800 0800 0800 1040 1882 1061 0820 1061 1061 0820 0800 0000 0820 0820 0820 0800 0800 0820 0800 0800 0800 0820 0840 0840 0800 0820 0820 0000 0000 0820 0000 0000 0000 0000 0820 0800 0800 1040 1061 20c2 2903 3123 30e3 3944 3944 41a5 49e6 49c6 49e6 4185 3123 28e2 28c2 20c1 20c2 20a1 2081 2061 1861 28a2 28a2 1840 1840 2060 28a1 2880 2081 28a1 2060 28a2 2061 28c2 3923 30c2 2861 2880 4144 4184 c5b5 ffbe f7be ffde ffde ffdf ffdf f7df ffdf ffdf ffdf ffdf ffdf ffdf ffdf ffdf ffdf ffdf ffdf ffdf ffdf ffdf ffdf ffdf ffdf f7df f7df ffdf ffdf ffdf ffdf ffdf ffdf ffdf ffdf ffdf ffdf ffdf ffdf ffdf ffdf ffdf ffdf f7be ffdf f7be ffdf ffdf ffdf f7be f7be ffdf ffdf ffdf ffdf ffdf ffdf f7be ffdf ffdf ffdf ffdf ffdf ffdf ffdf ffdf ffdf ffdf ffdf ffdf ffdf ffdf ffdf ffdf ffdf ffdf f7be ffdf ffdf ffdf ffdf ffdf ffdf ffdf ffdf ffdf ffdf ffdf ffdf ffdf f7be 
ffdf ffdf ffdf ffdf ffdf ffdf ffdf ffdf ffdf ffdf ffdf ffdf ffdf ffdf ffdf ffdf ffdf ffdf ffdf ffdf ffdf ffdf ffdf ffdf ffdf ffdf ffdf ffdf ffdf ffdf ffdf ffdf ffdf ffdf ffdf ffdf ffdf ffdf ffdf ffdf ffdf ffdf ffdf ffdf ffdf ffdf ffdf ffdf ffdf ffdf ffdf ffdf ffdf ffdf ffdf f7be ffdf ffdf ffdf ffdf ffdf f7be ffdf ffdf ffdf ffdf ffdf ffdf ffdf ffdf ffdf ffdf ffdf ffdf ffdf ffdf ffdf ffdf ffdf ffdf ffdf ffdf ffdf ffdf ffdf ffdf ffdf ffdf ffdf ffdf ffdf ffdf ffdf ffdf ffdf ffdf ffdf ffdf ffdf ffdf ffdf ffbf ffdf ffdf ffdf ffde ffdf ffdf ffdf ffbf ef5d d639 28c3 2081 2081 2081 2081 2081 28c1 1860 1881 1040 1040 0820 0820 0800 0800 0800 0800 0800 0800 0800 0800 0820 0820 0840 0840 0820 0820 0000 0000 0000 0820 0820 0820 0800 0820 1061 0841 1041 1041 0820 0000 0000 0000 0800 0820 1041 1061 0820 0820 0820 0000 0000 0820 0000 0820 0820 0800 0820 0820 0820 0820 1081 1061 1041 1061 0800 0820 0800 0000 0000 0000 0000 0000 0000 0800 0800 0820 1040 1861 18a1 3103 3944 3964 49c6 49c6 41a5 3964 3943 3923 30e2 28c1 28c1 2081 2081 2080 2081 2081 1860 2061 28c2 28c2 2061 1840 1840 2881 2881 2080 2060 2081 28c2 3944 28c2 28a1 30e2 3964 30e2 30c1 49a5 c595 ffbe ffde ffdf ffdf ffdf ffdf ffdf ffdf ffdf ffdf ffdf ffdf ffdf ffdf ffdf ffdf ffdf ffdf ffdf ffdf ffdf ffdf ffdf ffdf ffdf ffdf ffdf ffdf ffdf ffdf ffdf ffdf ffdf ffdf ffdf ffdf ffdf ffdf ffdf ffdf ffdf f7df ffdf ffdf ffdf ffdf ffdf ffdf f7be ffdf ffdf ffdf ffdf ffdf ffdf ffdf ffdf ffdf ffdf ffdf ffdf ffdf ffdf ffdf ffdf ffdf ffdf ffdf ffdf ffdf ffdf ffdf ffdf ffdf ffdf ffdf ffdf ffdf ffdf ffdf ffdf ffdf ffdf ffdf ffdf ffdf ffdf ffdf ffdf 
ffdf ffdf ffdf ffdf ffdf ffdf ffdf ffdf ffdf ffdf ffdf ffdf ffdf ffdf ffdf ffdf ffdf f7be ffdf ffdf ffdf ffdf ffdf ffdf ffdf ffdf ffdf ffdf ffdf ffdf ffdf ffdf f7df f7df ffdf ffdf ffdf ffdf ffdf ffdf ffdf ffdf ffdf f7be ffdf ffdf ffdf ffdf f7be ffdf ffdf ffdf ffdf ffdf ffdf ffdf ffdf ffdf ffdf ffdf ffdf ffdf ffdf ffdf ffdf ffdf ffdf ffdf ffdf ffdf ffdf ffdf ffdf ffdf ffdf ffdf ffdf ffdf ffdf ffdf ffdf ffdf ffdf ffdf ffdf ffdf ffdf ffdf ffdf ffdf ffdf ffdf ffdf ffdf ffdf ffdf f7df ffdf f7df f7df ffdf ffdf ffdf ffdf ffbe ffde ffdf ffdf ffdf ffbe deba 5a69 28a2 28a1 2081 2861 2881 28a1 2080 1860 1040 1020 0840 0820 0820 0000 0000 0820 0820 0000 0800 0820 0820 0820 1061 18a2 2103 3144 2103 2103 18c2 0820 0800 0000 0000 0800 0000 0000 0820 0000 0800 18a2 1061 0000 0800 0000 0820 0800 0820 0841 0820 0820 0820 0800 0000 0820 0820 0840 1021 0820 0820 1040 1040 1061 20e3 18a2 0820 1040 1041 0820 0820 0800 0000 0000 0000 0800 0800 0820 1040 1061 1881 20a2 28c2 3103 4185 4185 5227 49c5 4184 49a5 3964 3964 3944 3944 20a1 2081 1880 1860 2081 2081 2061 1860 2081 28c2 28a1 2081 2061 2081 28a1 28a1 28a1 3923 30e2 28c2 28c2 3903 4144 38e3 30c2 3903 6228 d5f7 ffde ffff f7df ffdf f7de ffdf ffdf ffdf ffdf f7be ffdf ffdf ffdf ffdf ffdf ffdf ffdf ffdf ffdf ffdf ffdf ffdf ffdf ffdf ffdf ffdf ffdf ffdf ffdf ffdf ffdf ffdf ffdf ffdf ffdf ffdf ffdf ffdf ffdf ffdf ffdf ffdf ffdf ffdf ffdf ffdf ffdf ffdf ffdf ffdf ffdf ffdf ffdf ffdf ffdf ffdf ffdf ffdf ffdf ffdf ffdf ffdf ffdf ffdf ffdf ffdf ffdf ffdf ffdf ffdf ffdf ffdf ffdf ffdf ffdf ffdf ffdf ffdf ffdf ffdf ffdf ffdf ffdf ffdf ffdf ffdf ffdf ffdf 
ffdf ffdf ffbf ffdf ffdf ffdf f7be f7be ffdf ffdf ffdf ffdf f7df f7df f7df f7df ffdf ffdf ffdf ffdf ffdf ffdf ffdf ffdf ffdf ffdf ffdf ffdf f7be ffdf f7be ffdf ffdf ffdf ffdf ffdf ffdf ffdf ffdf ffdf ffdf ffdf ffdf f7be f7df ffdf ffdf ffdf ffdf ffdf ffdf ffdf ffdf ffdf ffdf ffdf ffdf ffdf ffdf ffdf ffdf ffdf ffdf ffdf ffdf ffdf ffdf ffdf ffdf ffdf ffdf ffdf ffdf ffdf ffdf ffdf ffdf ffdf ffdf ffdf ffdf ffdf ffdf ffdf ffdf ffdf ffdf f7be ffdf ffdf ffdf ffdf ffdf ffdf ffdf f7be ffdf ffdf ffbf f7bf ffdf ffdf f7df f7df ffdf ffdf ffdf ffdf f7bf f77e 9430 28c2 20a1 2081 2881 28a1 2061 2061 1840 1020 1021 0800 0800 0800 0000 0820 0820 0000 0800 0800 0800 0800 1040 1040 1040 1040 1881 1061 1081 1061 1081 1081 0841 0820 0000 0800 0000 0000 0000 0820 0800 0800 18a2 0820 0000 0000 0000 0000 0000 0000 0820 0841 0821 0821 0800 0000 0820 0800 0820 1020 1020 1020 1040 1881 28e3 18a2 1020 20a2 28c3 1861 0800 0800 0000 0800 0800 0820 0800 0820 1020 1040 1060 1860 1861 20a2 28c2 3103 4185 3964 4185 3964 4185 28c2 2081 2081 28c2 30e2 3103 20a1 2060 1860 2061 1840 1840 2081 20a1 2080 2081 2061 2081 28a2 28c2 30e2 28a1 2081 30e3 30e2 30e3 28a1 2080 30c1 59c6 72a9 eeda ffbe ffdf ffdf ffdf ffde ffdf ffdf ffdf ffbf ffdf ffdf ffdf ffdf ffdf ffdf ffdf ffdf ffdf ffdf ffdf ffdf ffdf f7df ffdf ffdf ffdf ffdf ffdf ffdf ffdf ffdf ffdf ffdf ffdf ffdf ffdf ffdf ffdf ffdf ffdf ffdf ffdf ffdf ffdf ffdf ffdf ffdf ffdf ffdf ffdf ffdf ffdf f7df f7df f7df ffdf ffdf ffdf ffdf ffdf ffdf ffdf ffdf ffdf ffdf ffdf ffdf ffdf ffdf ffdf ffdf ffdf ffdf ffdf ffdf ffdf ffdf ffdf f7be ffdf ffdf ffdf ffdf ffdf ffdf ffdf ffdf 
f7df f7df ffdf f7df ffdf ffdf ffdf ffdf f7be f7be ffdf ffdf ffdf ffbf ffdf ffdf f7be f7be ffdf ffdf ffdf ffdf ffdf ffdf f7be f7be ffdf ffdf ffdf ffdf ffdf ffdf f7be ffdf ffdf ffdf ffdf ffdf ffdf ffdf f7be f7be ffdf ffdf ffdf f7be ffdf ffdf f7be f7be f7be ffdf ffdf ffdf ffdf ffdf f7be f7be ffdf ffdf ffdf ffdf ffdf ffdf f7be f7de ffdf ffdf ffdf ffdf ffdf ffdf f7be ffdf ffdf ffdf ffdf ffdf ffdf ffdf f7df ffdf ffdf ffdf ffdf f7be ffdf ffdf f7be f7be ffdf ffdf ffdf ffdf ffdf ffdf f7de f7de f7de f7de ffde ffdf ffdf ffdf ffbf ffdf ffbf ffdf ffbf d639 3945 2081 2080 2080 2081 1860 1861 1861 0820 0820 0800 0800 0800 0800 0800 0800 0820 0820 0000 0000 0820 0820 0820 0840 1882 1882 1061 1081 0840 0820 0000 0800 1041 0821 0000 0000 0000 0000 0800 0800 0820 0820 0000 0000 0820 0000 0000 0000 0800 0820 0000 0000 0840 0020 0820 0820 0800 0820 0800 1020 1881 1861 1061 1881 28e3 18a1 2922 39a5 3164 1881 1060 0820 0820 0820 0000 0000 0820 0820 0800 1020 1021 1882 1060 1880 1060 1881 1881 3124 4165 3944 3923 3123 30e2 30e2 30e2 28a1 2881 28a1 28c2 28e2 20a1 20a1 2080 2080 2081 20a1 2081 2081 2061 2881 28a1 28a1 28a2 28a1 2080 2080 20c1 2080 28a1 28a2 72a9 6227 7b2b eefb ffbe ffbf ffbf ffbf ffdf ffdf ffdf f7df f7df f7df f7df ffdf ffdf ffdf f7be f7de ffdf ffdf ffdf ffdf ffdf ffdf f7de f7df f7df f7df ffdf ffdf ffdf ffdf f7de f7df ffdf ffdf ffdf ffdf ffdf ffdf ffdf ffdf ffdf ffdf ffdf ffdf ffdf ffdf f7be ffdf ffdf ffdf ffdf ffdf ffdf ffdf f7df f7df ffdf ffdf ffdf ffdf ffdf ffdf ffdf ffdf ffdf ffdf ffdf ffdf ffdf ffbf f7df f7de ffdf ffdf ffdf ffdf ffdf ffdf ffdf f7be ffdf ffdf ffdf ffdf ffdf ffdf 
ffdf ffbf ffdf ffdf ffdf ffdf ffdf ffdf ffdf ffdf ffdf ffdf ffdf ffdf f7df ffdf ffdf ffdf ffdf ffdf ffdf ffdf f7be f7be ffdf ffdf ffdf ffdf ffdf ffdf ffdf ffdf ffdf ffdf ffdf ffdf ffdf ffdf ffdf ffdf ffdf ffdf ffdf ffdf ffdf f7be ffdf f7be ffdf ffdf ffdf ffdf ffdf ffdf f7be f7be ffdf ffdf ffdf ffdf ffdf ffdf ffdf ffdf ffdf ffdf ffdf ffdf ffdf ffdf ffdf ffdf ffdf ffdf ffdf ffdf ffdf ffdf ffdf ffdf ffdf ffdf ffdf ffdf ffdf ffdf ffdf ffdf ffdf ffdf ffdf ffdf ffdf ffdf ffdf ffdf ffdf ffdf ffdf ffdf ffdf ffdf ffdf ffdf ffdf ffdf ffde f7be ef5c 734d 28c2 28a1 28a1 2081 2060 1861 1861 1020 0820 0820 0820 0800 0000 0800 0800 0800 0820 0820 0800 0800 0800 0820 1061 1882 18c2 2103 2103 2924 2103 1061 0840 0840 0820 0800 0800 0000 0000 0000 0000 0000 0000 0800 0000 0000 0800 0000 0000 0000 0000 0000 0000 0820 0800 0800 0820 0820 0820 1040 0820 1040 1881 18a2 2903 20c2 28e2 28e2 4184 62a9 3964 20c2 1861 18a2 0820 0800 0000 0800 0820 0800 0820 1020 1020 1040 1040 1881 20a2 28c2 20a2 3103 28e2 3944 3944 3123 3944 3123 28e2 28c2 20a1 1881 2081 2060 1860 2081 2081 20a1 2081 2081 2060 2061 2081 28a1 20a1 28c1 28a1 28c2 2081 30e2 28c1 28c2 28a2 2881 6268 6aa9 5a07 93ee ffbd ffde ffde ffdf ffde f7df ffdf ffdf f7df ffdf ffdf ffdf ffdf ffdf ffdf ffdf ffdf ffdf ffbf ffbf ffdf ffbf ffdf ffdf ffdf ffdf ffdf ffdf ffbf ffbf ffdf ffdf ffdf ffdf ffdf ffdf ffdf ffdf ffdf ffdf ffdf ffdf ffdf ffdf ffdf ffdf ffdf ffdf ffdf ffdf ffdf ffdf ffdf ffdf ffdf ffdf ffdf ffdf ffdf ffdf ffdf ffdf ffdf ffdf ffdf ffdf ffdf ffdf ffdf ffdf ffdf ffdf f7df ffdf ffdf ffdf ffdf ffdf ffdf ffdf ffdf ffdf ffdf ffbf ffdf ffdf 
ffdf ffdf ffdf ffdf ffdf ffdf ffdf ffdf ffdf ffdf ffdf ffdf ffdf ffdf ffdf ffdf ffdf ffdf ffdf ffdf ffdf ffdf ffdf ffdf ffdf ffdf ffdf ffdf ffdf ffdf ffdf ffdf ffdf ffdf ffdf ffdf ffdf ffdf ffdf ffdf ffdf ffdf ffdf ffdf ffdf ffdf ffdf f7be ffdf ffdf ffdf ffdf ffdf ffdf ffdf ffdf ffdf ffdf ffdf ffdf ffdf ffdf ffdf ffdf ffdf ffdf ffdf ffdf ffdf ffdf ffdf ffdf ffdf ffdf ffdf ffdf ffdf ffdf ffdf ffdf ffdf ffdf ffdf ffdf ffdf ffdf ffdf ffdf ffdf ffdf ffdf ffdf ffdf ffdf ffdf f7df ffdf ffdf ffdf ffdf ffdf ffde ffde f7de ffdf ffdf f7df f7be e6ba 3944 28a1 2881 2081 2081 1861 1861 0820 0820 0820 0820 0820 0800 0820 0800 0000 0000 0000 0820 0000 0820 0820 0820 0820 0820 0840 1061 18a2 1882 18a2 18a2 1081 0820 0841 0841 0800 0000 0800 0000 0000 0000 0000 0800 0800 0800 0800 0800 0800 0800 0800 0800 0800 0800 0800 0800 0820 0820 1061 1881 1861 1861 20c2 28e2 3144 3123 3964 49a5 72e9 5a67 4164 3964 3123 2082 1020 0800 0800 0000 0820 0800 0820 0820 0800 0800 1061 1861 1040 1861 2081 20a2 2081 28c2 28c2 3123 3123 3103 28e2 20a1 1860 1840 1860 1860 2081 2061 2061 2081 2060 2081 2061 2081 2060 1840 2060 2081 28a1 28a1 2881 30e3 28c2 30e2 3903 3903 3123 836c 5a06 5a27 c5b6 ffde ffbe ffde f7de ffde ffdf ffdf ffdf ffdf ffdf ffdf ffdf ffdf ffdf ffdf ffdf ffdf ffdf ffdf ffdf ffdf ffdf ffdf f7df f7df ffdf ffdf ffdf ffdf ffdf ffdf ffdf ffdf ffbf ffbf ffdf ffdf ffdf ffdf ffdf ffdf ffdf ffdf ffdf ffdf ffdf ffdf ffdf ffdf ffdf ffdf ffdf ffdf ffdf ffbf ffdf ffdf ffdf ffdf ffdf ffdf ffdf ffdf ffdf ffdf ffdf ffdf ffdf ffdf ffdf ffdf ffdf ffdf ffdf ffdf ffdf ffdf ffdf ffdf ffdf ffdf ffdf ffdf ffdf ffdf 
ffdf f7be ffdf ffdf ffdf ffdf ffdf ffdf ffdf ffdf ffdf ffdf ffdf ffdf ffdf ffdf ffdf ffdf ffdf ffdf ffdf ffdf ffdf ffdf ffdf ffdf ffdf ffdf ffdf ffdf ffdf ffdf ffdf ffdf ffdf ffdf ffdf ffdf ffdf f7be ffdf ffdf ffdf ffdf ffdf ffdf ffdf ffdf ffdf ffdf ffdf ffdf ffdf ffdf ffdf ffdf ffdf ffdf ffdf ffdf ffdf ffdf ffdf ffdf ffdf ffdf ffdf ffdf ffdf ffdf ffdf ffdf ffdf ffdf ffdf ffdf ffdf ffdf ffdf ffdf ffdf ffdf ffdf ffdf ffdf ffdf ffdf ffdf ffdf ffdf ffdf ffdf ffdf ffdf ffdf ffdf ffdf ffdf ffdf ffdf ffde ffde ffde ffdf ffdf ffdf f7bf f79e 9430 28a2 2081 2061 2081 2081 1840 0800 0820 0820 0820 0820 0800 0800 0800 0000 0000 0800 0800 0000 0820 0800 1061 0841 0820 0820 1041 1061 1041 0840 1041 1021 1041 1041 0820 0820 0820 0820 0000 0000 0000 0000 0800 0820 0820 0820 0820 0820 0800 0820 0820 1041 1861 1041 1040 1020 1881 1861 1881 20c2 28e2 28c2 3103 4185 3964 4184 5206 6aa9 7b4b 5206 5207 28e2 20c2 2082 1861 1020 0820 0820 0800 0000 0800 0820 0800 0820 0800 0820 1061 1861 18a2 20a2 28c2 28e3 3103 28c2 3103 3964 3965 3123 28e2 20c2 1861 1840 1840 1861 1840 1020 1840 1861 1860 2081 1840 1840 1840 1861 2081 2081 28c1 2881 2081 2081 28a1 28c1 3902 59e6 834b 6247 7b4c ef1b ffde ffdf ffdf ffbf ffdf ffdf ffdf ffdf ffdf ffdf ffdf ffdf ffdf ffdf ffdf ffdf ffdf ffdf f7be ffdf ffdf f7df f7df ffdf ffdf ffdf ffdf ffdf ffdf ffdf ffdf ffdf ffdf ffbf ffbf ffbe ffdf ffdf ffdf ffdf ffdf ffdf ffdf ffdf ffdf ffdf ffdf ffdf ffdf ffdf ffdf ffdf ffdf ffdf ffdf ffdf ffdf ffdf ffdf ffdf ffdf ffdf ffdf ffdf ffdf ffdf ffdf ffdf ffdf ffdf ffdf ffdf ffdf ffdf ffdf ffdf ffdf ffdf ffdf ffdf ffdf ffdf ffdf ffdf 
ffdf ffdf ffdf ffdf ffdf ffdf ffdf ffdf ffdf ffdf ffdf ffdf ffdf ffdf ffdf ffdf ffdf ffdf ffdf ffdf ffdf ffdf ffdf ffdf ffdf ffdf ffdf ffdf ffdf ffdf ffdf f7be ffdf ffdf ffdf ffdf ffdf ffdf ffdf ffdf ffdf ffdf ffdf ffdf ffdf ffdf ffdf ffdf ffdf ffdf ffdf ffdf ffdf ffdf ffdf ffdf ffdf ffdf ffdf ffdf ffdf ffdf ffdf ffdf ffdf ffdf ffdf ffdf ffdf ffdf ffdf ffdf ffdf ffdf ffdf ffdf ffdf ffdf ffdf ffdf ffdf ffdf ffdf ffdf ffdf ffdf ffdf ffdf ffdf ffdf ffdf ffdf f7be ffdf f7be ffdf ffdf ffdf ffdf ffdf ffdf ffdf ffdf f7be ffdf f7be ffdf de99 3965 28a2 2081 2081 1881 1861 0800 0820 0820 0800 0820 0820 0800 0800 0000 0000 0000 0000 0000 0000 0800 0821 0820 0800 0841 1041 0820 0841 1061 1061 1081 1041 1041 0820 0800 0820 0821 0821 0820 0820 0820 0820 1040 1040 1881 20e2 20c1 20a1 2903 28e2 1880 1881 2081 2081 1881 20a1 28c2 3123 28c2 28c2 3103 3964 3943 49c5 49c5 51e6 5206 834b 6268 3944 3103 30e3 20a1 20c2 1061 1020 0820 0820 0800 0820 0800 0800 0820 0820 1041 1041 1041 1041 1861 1020 1040 1861 1861 20a2 20a2 2081 20a2 28c2 3103 20c2 20c2 20a2 2081 1841 1840 1840 1820 1820 1840 1861 1840 2061 2081 2061 2060 2081 2060 28a1 2060 2881 2881 30c2 30e2 3903 a470 832b 59e6 7b4b ff9d ffdf ffdf ffdf ffdf ffdf ffdf ffdf ffdf ffdf ffdf f7be ffdf ffdf ffdf ffdf ffdf ffdf f7de ffdf ffdf ffdf ffdf ffbf f7be f7be ffdf ffdf ffdf ffdf ffdf ffdf ffdf ffdf ffdf f7df ffdf ffdf ffdf ffdf ffdf ffdf ffdf ffdf ffdf ffdf ffdf ffdf ffdf ffdf ffdf ffdf ffdf ffdf ffdf ffdf ffdf ffdf ffdf ffdf ffdf ffdf ffdf ffdf ffdf ffdf ffdf ffdf f7be ffdf ffdf ffdf ffdf ffdf ffdf ffdf ffdf ffdf ffdf ffdf ffdf ffdf f7be f7be 
ffdf ffdf ffdf ffdf ffdf ffdf ffdf ffdf ffdf ffdf ffdf ffdf ffdf f7be ffdf f7be ffdf ffdf ffdf ffdf ffdf ffdf ffdf ffdf ffdf ffdf ffdf f7be ffdf ffdf ffdf ffdf ffdf ffdf ffdf ffdf ffdf ffdf ffdf ffdf ffdf ffdf ffdf ffdf ffdf ffdf ffdf ffdf ffdf ffdf ffdf ffdf ffdf ffdf ffdf ffdf ffdf ffdf ffdf ffdf ffdf ffdf ffdf ffdf ffdf ffdf ffdf ffdf ffdf ffdf ffdf ffdf ffdf ffdf ffdf ffdf ffdf ffdf ffdf ffdf ffdf ffdf ffdf ffdf ffdf ffdf ffdf ffdf ffdf ffdf ffdf ffdf ffdf ffdf ffbf ffdf ffdf ffdf ffdf ffdf ffdf ffdf ffbf ffdf ffdf ffdf ff9e 838d 28c2 2081 20a1 1861 1040 1020 0820 0820 0820 0820 0800 0000 0800 0000 0000 0000 0000 0000 0000 0000 0800 0820 0820 1041 0800 0000 0000 0820 0841 0841 1082 1061 0841 1041 1061 0820 0820 1040 1061 1041 1061 1881 1881 28c2 3123 4184 4184 49e5 49a4 51c5 4984 3902 3923 3902 3922 3943 3943 51c6 49a5 4985 4144 4143 59e6 6a67 59e5 51a4 6a67 51c5 4163 51c5 4184 30e2 3103 20a2 1861 1020 1841 1020 1020 1020 0820 0800 0820 0800 0820 1020 1041 1041 1861 1881 1881 18a2 18a2 1882 2082 1881 2081 20a2 28c2 28c2 1861 20a1 20a2 28c2 20a2 2081 2061 1840 1840 2061 20a1 2061 2060 1840 2060 2061 2060 2081 28a1 28a1 30e2 30c2 30e2 4164 5a27 c554 51c5 6267 b4f2 ffbe ffde ffde ffdf ffdf ffdf ffdf ffdf ffdf ffdf ffdf ffdf ffdf ffdf ffdf ffdf ffdf ffdf ffdf ffdf ffdf ffdf ffdf ffdf ffdf ffdf ffdf ffdf ffdf ffdf ffdf f7df ffdf ffdf ffdf ffdf ffdf ffdf ffdf ffdf ffdf ffdf ffdf ffdf ffdf ffdf ffdf ffdf ffdf ffdf f7be f7df f7df ffdf ffdf ffdf ffdf ffdf ffdf ffdf ffdf ffdf ffdf ffdf ffdf ffdf ffdf ffdf ffdf ffdf ffdf ffdf ffdf ffdf ffdf ffdf ffdf ffdf f7be ffdf ffdf ffdf ffdf 
ffdf f7de ffdf ffdf ffdf ffdf ffdf ffdf ffdf ffdf ffdf ffdf ffdf ffdf ffdf ffdf ffdf ffdf ffdf ffdf ffdf ffdf ffdf ffdf ffdf ffdf ffdf ffdf ffdf ffdf ffdf ffdf ffdf ffdf ffdf ffdf ffdf ffdf ffdf ffdf ffdf ffdf ffdf ffdf ffdf ffdf ffdf ffdf ffdf ffdf ffdf ffdf ffdf ffdf ffdf ffdf ffdf ffdf ffdf ffdf ffdf ffdf ffdf ffdf ffdf ffdf ffdf ffdf ffdf ffdf ffdf ffdf ffdf ffdf ffdf ffdf ffdf ffdf ffdf ffdf ffdf ffdf ffdf ffdf ffdf ffdf ffdf ffdf ffdf ffdf ffdf ffdf ffdf ffdf ffdf ffdf ffdf ffdf ffde ffde ffdf ffdf ffdf ffdf f7be ffbe e699 49a6 30e2 20a1 20a1 1040 1040 1020 0840 0820 0820 0000 0800 0800 0800 0800 0000 0000 0000 0800 0820 0820 0820 0820 0820 0000 0800 0840 1061 1061 1061 1061 1041 1041 1041 0800 0820 1040 1061 1861 1840 20a2 28c2 30e2 4184 4164 49c5 51e5 5a06 7267 6a67 6a67 6a47 59c5 6206 6a27 5a06 51a4 6206 7268 7268 6a27 7267 72a8 7ae9 8309 72a8 6a67 6206 6a68 6247 59c6 4964 4144 3102 20a1 1861 1840 1840 1020 1020 0820 0800 0820 0800 0800 0820 0820 1041 1021 1040 1041 1881 18a2 1881 20e3 2903 3124 3103 28e3 28a2 28a2 28c2 20a1 1860 1860 1860 1840 1860 2081 1860 2060 1840 2061 1840 2081 2060 2040 2081 2081 2081 28c2 30e2 30e2 4143 4164 30c2 9bef a470 51c6 72ea c575 ffbe ffde ffde ffdf ffdf ffdf ffdf ffdf ffdf ffdf ffdf ffdf ffdf ffdf ffdf ffdf ffdf ffdf ffdf ffdf ffdf ffdf ffdf ffdf ffdf ffdf ffdf ffbf ffdf ffdf ffdf ffdf ffdf ffdf ffdf ffdf ffdf ffdf ffdf ffdf ffdf ffdf ffdf ffdf ffdf ffdf ffdf ffdf ffdf ffdf ffdf ffdf ffdf ffdf ffdf ffdf ffdf ffdf ffdf ffdf ffdf ffdf ffdf ffdf ffdf ffdf ffdf ffdf ffbf ffdf ffdf ffdf ffdf ffdf ffdf ffdf ffdf ffdf ffdf f7df ffdf ffdf 
ffdf ffdf ffdf ffbf ffdf ffdf ffdf ffdf ffdf ffdf f7be ffdf ffdf f7df ffdf ffdf ffdf ffdf ffdf ffdf ffdf ffdf ffdf ffdf ffdf ffdf ffdf f7be ffdf ffdf ffdf ffdf ffdf ffdf ffdf ffdf ffdf ffdf ffdf ffdf ffdf ffdf ffdf ffdf ffdf ffdf ffdf f7be ffdf ffdf ffdf ffdf ffdf ffdf ffdf ffdf ffdf ffdf ffdf ffdf ffdf ffdf ffdf ffdf ffdf ffdf ffdf ffbf ffbf ffdf ffdf ffdf ffdf ffdf ffdf f7df f7df ffdf ffdf f7be ffdf ffdf ffdf ffdf ffdf ffdf ffdf ffdf ffdf ffdf ffdf ffdf ffdf f7be ffdf ffdf ffdf ffdf ffdf ffbf ffdf ffdf ffdf ffdf f7df f77d 9c30 3944 28a1 2080 1860 1020 1061 1020 0800 0800 0820 0000 0820 0000 0800 0800 0000 0000 0820 0820 0821 0820 0800 0800 0000 0820 0840 1061 0840 0840 0841 0820 0841 1061 1081 0840 1061 1881 1861 28c3 3104 4165 49a5 6247 51c5 51e5 6a67 5a05 7247 7aa8 934a 9b8b 8287 8b09 a3cd 9b8c 9bac 7267 932a 8b0a 932a 8ae9 8b09 934a 8b29 934a 938b 7ac8 82e9 830a 59e5 6207 5185 4965 30e2 1861 1861 1040 1841 1841 1040 1020 0820 0820 0000 0800 0800 0800 0800 0800 0820 0820 1040 0820 1020 1040 1860 1861 20c2 20c2 28c2 20a2 2081 1881 20a1 2081 2081 20a2 2081 1861 2081 2081 1860 1840 2081 2081 28a1 2081 2081 28a2 28a1 2061 2081 30c2 28c1 4164 3102 51a6 bd34 a450 5a26 acb1 eefb ffbe ffdf ffdf ffdf ffbf f7df ffdf ffdf ffdf ffdf ffdf ffbf ffbf ffdf ffdf ffdf f7be ffdf ffdf ffdf ffdf ffdf ffdf f7de f7be ffdf ffbf ffdf ffdf f7df f7df ffdf ffdf ffdf ffdf ffdf ffdf ffdf ffdf f7be ffdf ffdf ffdf ffdf ffdf ffdf ffdf ffdf ffdf ffdf ffdf ffdf ffdf ffdf ffdf ffdf ffdf ffdf ffdf ffdf ffdf ffdf ffdf f7df ffdf ffdf ffdf ffdf ffdf ffdf ffdf ffdf ffdf ffdf ffdf ffdf ffdf ffdf ffdf f7df ffdf 
f7be f7be ffdf ffdf ffdf ffdf ffdf ffdf f7be ffdf ffdf ffdf ffdf ffdf ffdf ffdf f7be f7be ffdf ffdf ffdf ffdf ffdf ffdf f7be f7be ffdf ffdf ffdf ffdf ffdf ffdf f7be ffdf ffdf ffdf ffdf ffdf ffdf ffdf f7be f7be ffdf ffdf ffdf ffdf ffdf ffdf f7be f7be ffdf ffdf ffdf ffdf ffdf ffdf f7be f7be ffdf ffdf ffdf ffdf ffdf ffdf ffdf ffdf ffdf ffdf ffdf ffdf ffdf ffdf f7be ffdf ffdf ffdf ffdf ffdf ffdf ffdf f7de ffdf ffdf ffdf ffdf ffdf ffdf ffdf f7be ffdf ffdf ffdf ffbe ffbf ffdf ffdf f7be f7de ffde ffde ffde ffdf ffdf ffdf f7be e6fb 6289 30e2 2081 1840 1841 1040 0820 0820 0820 0000 0000 0820 0800 0000 0000 0000 0800 0000 0800 0800 0821 0800 0000 0820 0840 0860 1061 1061 1882 18a3 1061 0840 0820 0820 1020 1841 2082 28c2 3943 4163 4183 51c5 59e6 4943 59c5 6a46 7267 934a 9b8b a3cc abcc b42e b40e ccd1 c4cf bc8e 9bab 9b6a a3cc a38c a3ac abed 8ae9 b42d 932a 9b6b a3cd 7a87 936b 936b 4963 6226 49a4 3943 3923 2881 2081 1861 1020 1040 1040 1020 1021 1021 1021 1041 0000 0020 0840 0840 0820 0000 0820 0820 0800 0840 1040 1061 1881 20a2 28e3 28e2 2903 20c1 1880 1060 1040 1040 1840 1860 1860 1881 2081 1861 2081 2061 1861 2061 1860 1860 20a0 28c1 30c1 30e2 3923 3923 30e3 4144 93ce c554 6a88 8b6c 93ef f75d f7de f7de f7de ffdf ffdf ffbf ffdf ffdf f7df f7df ffdf ffdf ffdf ffdf ffdf ffdf f7de f7df ffdf f7df ffdf ffdf ffbf ffdf f7de f7de ffdf ffdf ffbf ffbf ffdf ffdf f7df f7de ffdf ffdf f7df f7df ffdf ffdf f7be f7be ffbe ffbf ffbe ffbf ffdf ffdf f7be ffdf ffdf ffdf ffdf ffdf ffdf ffdf ffdf f7be ffdf ffdf f7be ffdf ffdf ffdf f7be ffdf ffdf ffdf ffdf ffdf ffdf ffdf f7be f7be ffdf ffdf ffdf ffdf ffdf ffdf 
ffdf ffdf ffdf ffdf ffdf ffdf ffdf ffdf ffdf ffdf ffdf ffdf ffdf f7be f7be ffdf ffdf ffdf ffdf ffdf ffdf ffdf ffdf ffdf ffdf ffdf ffdf ffdf ffdf ffdf ffdf ffdf ffdf ffdf ffdf ffdf ffdf ffdf ffdf ffdf ffdf ffdf ffdf ffdf ffdf ffdf ffdf ffdf ffdf ffdf f7be ffdf ffdf ffdf ffdf ffdf ffdf ffdf f7be ffdf ffdf ffdf ffdf f7be ffdf ffdf ffdf ffdf ffdf ffdf ffdf ffdf ffdf ffdf ffdf ffdf ffdf ffdf ffdf ffdf ffbf ffbf ffdf ffdf ffdf ffdf ffdf ffdf ffdf ffdf ffdf ffdf ffdf ffdf ffdf ffdf ffde ffde ffde ffde ffdf ffdf ffdf ffdf f7be ce17 4185 28c2 1840 1841 1020 1041 0820 0820 0000 0000 0820 0000 0800 0800 0000 0800 0000 0800 0820 0820 0800 0800 0800 0800 0820 0800 0800 0800 0820 0820 1061 1061 1881 1861 1860 28a1 3903 4964 51a4 6205 6226 7287 61e5 82c8 8ae9 82a8 a3ab b40d abec b42e c4b0 c48f bc8f ccf1 c4d0 bc8f ac0d a3ac abed bc4f bc6f bc6f b40d c4b0 9b6b 9b8b a3ac 82a8 936b a3cd 59a4 59e5 6a68 4984 3902 3923 28a1 1840 1881 1040 1861 1040 1040 1020 0800 0820 0820 0820 0840 0840 0840 0820 0820 1041 1040 1040 1041 1040 1061 1861 1861 20a2 1881 20a1 28e2 20c2 20a1 20a1 1860 1840 1840 1020 1860 1861 1840 1840 1860 2061 1860 2060 2081 28a1 2881 30a2 3923 2881 3102 28a1 51e6 bd13 9c0e 6227 832b bd34 ffde ffde f7de f7be ffdf ffdf ffbf ffbf ffdf ffdf f7df f7df ffdf ffdf ffdf ffdf f7be ffdf ffdf ffdf ffdf ffdf ffdf ffdf ffdf ffdf ffdf ffdf ffdf ffdf ffdf ffdf ffdf ffdf ffdf ffdf f7be ffdf ffdf ffdf ffdf ffdf ffdf ffdf ffdf ffdf ffdf f7be ffdf ffdf ffdf ffdf ffdf ffdf ffdf ffdf ffdf ffdf ffdf ffdf f7be ffdf ffdf ffdf ffdf ffdf ffdf ffdf ffdf ffdf ffdf ffdf ffdf ffdf ffdf ffdf ffdf ffdf ffdf ffdf 
ffdf ffdf ffdf f7be ffdf ffdf ffdf ffdf ffdf ffdf ffdf ffdf ffdf ffdf ffdf ffdf ffdf ffdf f7be ffdf ffdf ffdf ffdf ffdf ffdf ffdf ffdf ffdf ffdf ffdf ffdf ffdf ffdf ffdf ffdf ffdf ffdf ffdf ffdf ffdf ffdf ffdf ffdf ffdf ffdf ffdf ffdf ffdf ffdf ffdf ffdf ffdf ffdf ffdf ffdf ffdf ffdf f7be ffdf ffdf ffdf ffdf ffdf ffdf ffdf ffdf ffdf ffdf ffdf ffdf ffdf ffdf ffdf ffdf ffdf ffdf ffdf ffdf ffdf ffdf ffbf ffbf ffdf ffdf ffdf ffdf ffdf ffdf ffdf ffdf ffdf ffdf ffdf ffdf ffdf f7df ffdf ffdf ffdf ffdf ffdf ffdf ffdf ffbf ef5d a4b2 3944 2081 1840 0820 1040 1041 0820 0800 0800 0800 0820 0820 0800 0800 0800 0820 0000 0800 0820 0800 0820 0800 0820 0800 1041 1041 0841 0841 0820 1040 1041 1861 2081 30c2 4964 61e5 6a26 6a46 7a67 82c8 932a 82a8 8ae9 9b6b 9b4a b40d c48f bc4e c48f ccd0 c48f c4b0 ccf1 d532 cd12 bc6f bc90 b40e ac0d bc6f ccd1 abee bc6f c4b0 a3ac bc6f a3ac 8ac8 9b4a a3cc 9bac 61c5 7a88 61e6 51a4 4123 4143 30c2 1860 1840 1840 1040 1041 1041 0820 0820 1040 0820 0800 0820 0841 0820 0800 0800 0820 1041 1041 1040 1061 1040 1040 2081 20a1 28c2 20a1 20a1 20a1 3103 28c2 28e2 28e2 20a1 2081 2081 1860 2081 2060 1840 2060 2040 2061 2081 30c1 30e2 28c2 30e2 3902 3944 30e2 acb1 9c2e 8b8c 6a88 a491 ce17 ffde ffde ffdf ffdf ffdf ffdf ffbf ffdf ffdf ffdf ffdf f7df ffdf ffde ffde ffdf ffdf ffdf ffdf ffdf ffdf ffdf ffdf ffdf ffdf ffdf ffdf ffdf ffdf ffdf ffdf ffdf ffdf ffdf ffdf ffdf ffdf ffdf ffdf ffdf ffdf ffdf ffdf ffdf ffdf ffdf ffdf ffdf ffdf ffdf ffdf ffdf ffdf ffdf ffdf ffdf ffdf ffdf ffdf ffdf ffdf ffdf ffdf ffdf ffdf ffdf ffdf ffdf ffdf ffdf ffdf ffdf ffdf ffdf ffdf ffdf ffdf ffdf ffdf 
ffdf ffdf ffdf ffdf ffdf ffdf ffdf ffdf ffdf ffdf ffdf ffdf ffdf ffdf ffdf ffdf ffdf ffdf ffdf ffdf ffdf ffdf ffdf ffdf ffdf ffdf ffdf ffdf ffdf ffdf ffdf ffdf ffdf ffdf ffdf ffdf ffdf ffdf ffdf ffdf ffdf ffdf ffdf ffdf ffdf ffdf ffdf ffdf ffdf ffdf ffdf ffdf ffdf ffdf ffdf ffdf ffdf ffdf ffdf ffdf ffdf ffdf ffdf ffdf ffdf ffdf ffdf ffdf ffdf ffdf ffdf ffdf ffdf ffdf ffdf ffdf ffdf ffdf ffdf ffdf ffdf ffdf ffdf ffdf ffdf ffdf ffdf ffdf ffdf ffdf ffdf ffdf ffdf ffdf ffdf ffdf ffdf ffdf ffdf ffdf ffdf ffdf ffde ffdf e6fb 6aeb 28a2 1861 1020 1041 1040 1021 0820 0800 0800 0800 0000 0820 0000 0800 0000 0800 0800 0820 0820 0820 0000 0820 1061 1882 20e3 1061 1041 1061 1040 1840 28a1 38e2 4943 6205 7a67 7246 7246 8ac8 9b6b 9b4a 8ae9 8ae9 abed abed bc4f c490 bc4f c470 c4d1 c4b0 c4b0 ccf1 cd32 d573 ccf1 c4d1 bc70 c4b0 b42e c4b0 ccf1 bc6f c4b0 ccd0 b40d c4b0 bc4e 8ae8 9b4a 9b6b 9b4b 8ac9 7226 8ae9 61e5 59e5 4123 4144 3924 20a1 1861 1861 1861 1841 1041 1020 1040 0820 1040 1040 1021 0820 0820 0800 0820 0800 0800 1061 1061 1061 1861 1861 20c2 28c2 3103 3924 4185 3924 3964 3103 3103 3103 30e2 28a1 28c2 2081 2081 28a1 28a1 28a1 2081 28a1 2880 30e2 30c2 30a2 28a1 2060 2881 49c6 d637 836c 9c0f 7b2b c5b5 de9a ffde ffde ffdf ffbf ffdf ffdf ffdf f7df ffdf ffdf ffdf ffdf ffde ffde ffdf ffdf ffdf ffdf ffdf ffdf ffdf ffdf ffdf ffdf ffdf ffdf ffdf ffdf ffdf ffdf ffdf ffdf ffdf ffdf ffdf ffdf ffdf ffdf ffdf ffdf ffdf ffdf ffdf ffdf ffdf ffdf ffdf ffdf ffdf ffdf ffdf ffdf ffdf ffdf ffdf ffdf ffdf ffdf ffdf ffdf ffdf ffdf ffdf ffdf ffdf ffdf ffdf ffdf ffdf ffdf ffdf ffdf ffdf ffdf ffdf ffdf ffdf ffdf 
ffdf ffdf ffdf ffdf ffdf ffdf ffdf ffdf ffdf ffdf ffdf ffdf ffdf ffdf ffdf ffdf ffdf ffdf ffdf ffdf f7be ffdf ffdf ffdf ffdf ffdf ffdf ffdf ffdf ffdf ffdf ffdf ffdf ffdf ffdf ffdf ffdf ffdf ffdf ffdf ffdf ffdf ffdf ffdf ffdf ffdf ffdf ffdf ffdf ffdf ffdf ffdf ffdf ffdf ffdf ffdf ffdf ffdf ffdf ffdf ffdf f7be ffdf ffdf ffdf ffdf ffdf ffdf ffdf ffdf ffdf ffdf ffdf ffdf ffdf ffdf ffdf ffdf ffdf ffdf ffdf ffdf ffdf ffdf ffdf ffdf ffdf ffdf ffdf ffdf ffdf ffdf ffdf ffdf ffdf ffdf ffdf ffdf ffdf ffdf ffde ffdf ffdf f77d a4d2 5228 1841 1841 1020 1020 0820 0820 0800 0820 0000 0000 0000 0000 0800 0000 0800 0800 0800 0820 0800 0800 1041 1041 1041 18a2 0840 0820 1060 1040 1860 30a2 4143 61e5 82c8 8ac8 8ac8 8ac8 9b4a abcc abec a3ac 9b6b b40e b42e bc6f c4b0 c490 ccd1 d512 d512 cd12 d532 cd12 d573 dd74 c4d1 c4b0 d512 ccf2 bc90 d553 d553 c4f1 c4d0 ccf1 bc6f d532 b42e 9b6b abcc abcc 8ac8 8ac9 7a87 7246 82c8 61e5 6205 4143 4984 3923 3102 28a1 28e2 1860 1860 1881 1020 1020 1020 1041 1881 1061 1040 1040 0820 0000 0000 0000 0820 0841 1041 0800 0820 1020 1041 1861 28c2 20a2 20a2 20c2 1861 1861 2061 20a2 1861 1861 1040 1840 2081 2060 2081 2081 28a1 2061 28a1 30c2 2060 2861 30c2 3944 c595 eefa 72eb 93ce b513 c5b5 ffbe ffde ffde ffbe ffdf ffdf ffdf f7df ffde ffde ffdf ffdf ffdf ffdf ffdf ffdf ffdf ffdf ffdf ffdf ffdf ffdf ffdf ffdf ffdf ffdf ffdf ffdf ffdf ffdf ffdf ffdf ffdf ffdf ffdf ffdf ffdf ffdf ffdf ffdf ffdf ffdf ffdf ffdf ffdf ffdf ffdf ffdf ffdf ffdf ffdf ffdf ffdf ffdf ffdf ffdf ffdf ffdf ffdf ffdf ffdf ffdf ffdf ffdf ffdf ffdf ffdf ffdf ffdf ffdf ffdf ffdf ffdf ffdf ffdf ffdf ffdf ffdf 
ffdf ffdf ffdf ffdf ffdf ffdf f7be ffdf f7be ffdf ffdf ffdf ffdf ffdf ffdf ffdf ffdf ffdf ffdf ffdf ffdf ffdf ffdf ffdf ffdf ffdf ffdf ffdf ffdf ffdf ffdf ffdf ffdf ffdf ffdf ffdf ffdf ffdf ffdf ffdf ffdf ffdf ffdf ffdf ffdf ffdf ffdf ffdf ffdf ffdf ffdf ffdf ffdf ffdf ffdf ffdf ffdf ffdf ffdf ffdf f7be ffdf f7be ffdf ffdf ffdf ffdf ffdf ffdf ffdf ffdf ffdf ffdf ffdf ffdf ffdf ffdf ffdf ffdf ffdf ffdf ffdf ffdf ffdf ffdf ffdf ffdf ffdf ffdf ffdf ffdf ffdf f7be ffdf ffdf ffdf ffde ffdf ffdf ffdf ffdf ffde ffdf ef1c 6b0b 30e3 1840 1040 1020 0820 0820 0800 0820 0800 0820 0820 0000 0820 0800 0000 0800 0800 0800 0800 0800 0800 0800 0820 1041 0820 0820 1041 1020 1860 30c2 51a5 7287 8ae9 9309 a38b abec abcc abac abac abed b40d b42e bc6f bc4f c48f c4b0 ccf1 d532 d512 d533 d553 d533 dd74 ddb5 cd12 c4d1 d553 d553 d553 bcb0 e5d5 ddb4 d573 d553 cd32 d553 e5d5 d573 b42e abed b3ed abed 932a 7a67 82e9 6a05 82c9 6a26 6a26 4963 5184 4964 51c6 30e2 30e3 2081 2061 1861 1841 1041 1020 1061 18a2 1882 18a2 1061 1061 1041 0820 0800 0000 0800 0820 1061 1020 0800 1020 1020 1040 1861 1861 1881 2061 1861 1861 1861 1841 1861 1861 1040 1820 1840 28a2 2081 2081 2060 28c1 28a1 30c2 28a1 30c2 5227 f73c cdd7 8b8e 93ee de78 e6da ffdf ffdf f7df ffdf f7be ffdf ffdf ffdf ffdf ffdf ffdf ffdf ffdf ffdf ffdf ffdf ffdf ffdf ffdf ffdf ffdf ffdf ffdf ffdf ffdf ffdf ffdf ffdf ffdf ffdf ffdf ffdf ffdf ffdf ffdf ffdf ffdf ffdf ffdf ffdf ffdf ffdf ffdf ffdf ffdf ffdf ffdf ffdf ffdf ffdf ffdf ffdf ffdf ffdf ffdf ffdf ffdf ffdf ffdf ffdf ffdf ffdf ffdf ffdf ffdf ffdf ffdf ffdf ffdf ffdf ffdf ffdf ffdf ffdf ffdf ffdf ffdf 
ffdf ffdf ffdf ffdf ffdf ffdf ffdf ffdf ffdf ffdf ffdf ffdf ffdf ffdf ffdf ffdf ffdf ffdf ffdf ffdf ffdf ffdf ffdf ffdf ffdf ffdf ffdf ffdf ffdf ffdf ffdf ffdf ffdf ffdf ffdf ffdf ffdf ffdf ffdf ffdf ffdf ffdf ffdf ffdf ffdf ffdf ffdf ffdf ffdf ffdf ffdf ffdf ffdf ffdf ffdf ffdf ffdf ffdf ffdf ffdf ffdf ffdf ffdf ffdf ffdf ffdf ffdf ffdf ffdf ffdf ffdf ffdf ffdf ffdf ffdf ffdf ffdf ffdf ffdf ffdf ffdf ffdf ffdf ffdf ffdf ffdf ffdf ffdf ffdf ffdf ffdf ffdf ffdf ffdf ffdf ffdf ffdf ffdf ffdf ffdf ffdf f7be ffbf b575 734d 1861 1040 1841 1020 0800 1020 0820 0800 0800 0800 0000 0820 0000 0000 0000 0800 0800 0820 0821 0800 0800 0800 0820 0820 0000 0820 0800 1860 30e2 5184 7a87 8b09 9b4a a38b abcc b3ec b3ec abed b42e bc4e b42e bc4f c4b0 cd11 d532 d553 d532 d553 d553 d532 dd74 dd94 dd94 ddb4 c4b1 d533 dd95 dd94 dd94 cd33 dd94 e616 ddd5 d594 cd33 d574 ddb5 ddb4 d532 b42e bc6e abed abcc a3ab 82c8 9b4a 7a47 82a8 7a88 6a26 59a5 59c5 5184 6227 4123 30e2 2081 2061 2082 1861 1882 1040 1041 1882 1882 1882 1040 0820 0820 0840 0840 0800 0800 0800 1040 1041 1041 1040 1041 1041 1841 1861 1841 1861 2081 1881 1861 1840 1840 1840 2081 2081 1840 1860 1840 1840 2060 28a1 2881 30a1 30c2 3944 acf3 eefb bd96 838d 8bce de99 f77d ffdf f7df ffdf ffdf ffdf ffdf ffbf ffdf ffde ffde ffdf ffdf ffdf ffdf ffdf ffdf ffdf ffdf ffdf ffdf ffdf ffdf ffdf ffdf ffdf f7df ffdf ffdf ffdf ffdf ffdf ffdf ffdf ffdf ffdf ffdf ffdf ffdf ffdf ffdf ffdf ffdf ffdf ffdf ffdf ffdf ffdf ffdf ffdf ffdf ffdf ffdf ffdf ffdf ffdf ffdf ffdf ffdf ffdf ffdf ffdf ffdf ffdf ffdf ffdf ffdf ffdf ffdf ffdf ffdf ffdf ffdf ffdf ffdf ffdf ffdf 
ffdf ffdf ffdf ffdf ffdf ffdf ffdf ffdf ffdf ffdf ffdf ffdf ffdf ffdf ffdf ffdf ffdf ffdf ffdf ffdf ffdf ffdf ffdf ffdf ffdf ffdf ffdf ffdf ffdf f7be ffdf ffdf ffdf ffdf ffdf ffdf ffdf ffdf f7be ffdf ffdf ffdf ffdf ffdf ffdf ffdf ffdf ffdf ffdf ffdf ffdf ffdf ffdf ffdf ffdf ffdf ffdf ffdf ffdf ffdf ffdf ffdf ffdf ffdf ffdf ffdf ffdf ffdf ffdf ffdf ffdf ffdf ffdf ffdf ffdf ffdf ffdf ffdf ffdf ffdf ffdf ffdf ffbf ffbf ffdf ffdf ffdf ffdf ffdf ffdf ffdf ffdf f7df ffdf f7df ffdf ffdf ffdf ffdf ffdf ffdf ffdf ffdf c5d7 5a69 1861 1020 1041 0820 0800 0820 0800 0800 0800 0800 0800 0800 0800 0000 0000 0800 0820 0800 0821 0820 0800 0820 0800 0800 0800 0800 1820 30c1 5184 7267 9309 a38b a3ac a3ab a3ac b40d bc6f c4b0 ccd1 ccd1 d512 d532 d533 d573 dd94 d574 d594 dd94 d573 dd93 dd94 ddb5 e5d5 cd32 cd12 e5d5 e5d5 e5f6 e5d6 e5d5 d574 ddd5 e5f6 ee16 d574 ddb5 ddd5 e616 e616 cd32 bc6f bc2e bc2e abac 932a 930a 9b6b 7a67 7246 82c9 7a88 6206 6206 5184 5a06 4143 30c2 28c2 20a2 2082 2082 1881 1881 1041 1041 1861 20a2 1882 1061 0840 0820 0820 0820 0821 0821 0800 0821 1020 1020 1041 1861 1041 1861 2081 1861 2061 2081 2081 1840 2061 1841 1841 1841 1860 2061 2060 2081 2080 28a1 2880 2881 30a2 6aca e6fb e6ba 93cf 72eb b514 de9a ffde ffdf f7df f7df ffdf ffdf ffde ffde ffde f7de ffde ffde ffdf ffdf ffdf ffdf ffdf ffdf ffdf ffdf ffdf ffdf ffdf ffdf ffdf ffdf f7df f7be ffdf ffdf ffbe ffbf ffdf ffbf ffdf ffdf ffdf ffdf ffdf ffdf ffdf ffdf ffdf f7de ffdf ffdf ffdf ffdf ffdf ffdf ffdf ffdf ffdf ffdf ffdf ffdf ffdf ffdf ffdf ffdf ffdf ffdf ffdf ffdf ffdf ffdf ffdf ffdf ffdf ffdf ffdf ffdf ffdf ffdf ffdf ffdf 
ffdf f7be ffdf ffdf ffdf ffdf ffdf ffdf ffdf f7be ffdf ffdf ffdf ffdf ffdf ffdf f7de f7de ffdf ffdf ffdf ffdf ffdf ffdf f7de f7df ffdf ffdf ffdf ffdf ffbe ffbf f7be f7be ffdf f7be ffdf ffdf ffdf ffdf f7be f7be ffdf ffdf ffdf ffdf ffdf ffdf f7de f7de ffdf ffdf ffdf ffdf ffdf ffdf f7df ffdf ffdf ffdf ffbf ffbf ffdf ffdf f7df f7df ffdf ffdf ffdf ffdf ffdf ffdf f7df f7df ffdf ffdf ffbf ffdf ffdf ffdf f7de f7df ffdf ffdf ffdf ffdf ffdf ffdf f7be f7be ffdf ffdf ffdf ffdf ffdf ffdf f7de f7de ffde ffde ffdf ffdf f79e 9430 20a2 1040 1061 1041 0820 0820 0821 0821 0000 0000 0020 0820 0000 0800 0000 0800 0820 0000 0820 0821 0800 0821 0800 0800 0000 0800 1060 28c1 5184 6a26 8ae9 9b6b abcc b42e c48f c48f c4b0 ccd1 cd12 cd12 cd32 d573 d593 d594 d574 dd94 ddb4 dd73 d553 dd94 e5d5 e5d5 ddb5 dd74 d553 e5b5 ddf5 ddd4 ddf5 e616 e637 e617 e637 ee37 e616 ddd6 ddd5 ddd5 e637 ee57 e5f6 d553 bc8f bc6e bc6e bc6e 9309 8b09 934a 7a67 7267 7a88 6a26 61e6 6206 5185 5a06 4164 28a1 20a2 20a1 20a2 20c2 1861 1881 1861 1020 1020 1861 1061 1061 1882 1041 0841 0820 0020 0020 0820 0800 1041 1041 1021 1882 1861 1860 1861 2081 1840 2061 28a2 1861 1860 1860 2081 2081 2061 2081 2881 2060 2881 28a1 28a1 3081 4144 de9a f73d cdf6 acf2 732a de98 de99 ffdf ffdf ffdf f7be ffde ffbf ffbf ffdf ffbf ffdf ffdf ffdf f7be ffdf ffdf ffdf ffdf ffdf ffdf f7be f7be ffdf ffdf ffdf ffdf ffdf ffdf ffdf ffdf ffdf ffdf ffdf ffdf ffdf ffdf f7be f7be ffdf ffdf ffdf ffdf ffdf ffdf f7be f7be ffdf ffdf ffdf ffdf ffdf ffff f7be ffdf ffdf ffdf ffdf ffdf ffdf ffdf f7de f7df ffdf ffdf ffdf ffdf ffbf ffbf f7df f7df ffdf ffdf ffbf ffdf ffdf ffdf 
ffdf ffdf ffdf ffdf ffdf ffdf ffdf ffdf ffdf ffdf ffdf ffdf ffdf ffdf ffdf ffdf ffdf ffdf ffdf ffdf ffdf ffdf ffdf ffdf ffdf ffdf ffdf ffdf f7be ffdf f7be ffdf ffdf ffdf ffdf ffdf ffdf ffdf ffdf ffdf ffdf ffdf ffdf ffdf f7be ffdf ffdf ffdf ffdf ffdf ffdf ffdf ffbf ffbf ffdf ffdf f7df f7df ffdf f7df ffdf ffdf ffdf ffdf ffdf ffdf ffdf ffdf ffdf ffdf ffdf ffdf ffdf ffdf ffdf ffdf ffbf ffbf ffdf ffdf ffdf ffdf ffdf ffdf ffdf ffdf ffdf ffdf ffdf ffdf ffdf ffdf ffdf ffdf ffdf ffdf ffdf ffdf ffde ffde ffde ffde d679 20c3 28c3 1841 1041 0800 0800 0820 0820 0800 0800 0000 0820 0820 0800 0000 0000 0800 0820 0820 0820 0800 0800 0000 0000 0800 0800 1840 28c2 4123 6a26 82e9 9b8b abed bc6e bc8f c48f ccd0 ccf1 cd11 cd32 d552 d573 dd73 dd74 dd94 dd94 dd74 dd73 dd94 dd94 ddb4 ddb4 ddd5 d594 ddb5 e5f6 e616 e616 e5f6 e5f6 e637 e637 ee78 e657 ee98 ee98 ee78 ee78 e657 e657 e658 e657 e616 dd94 c4d1 ccb0 c46f c46f abac 9b4a 9309 82c8 6a26 7ac8 6206 5184 6206 5164 4964 3923 28c2 28c2 1861 1881 18a2 1881 1861 1040 1861 1040 0820 1041 1020 1061 1882 1061 1041 1061 1041 0820 0800 0820 0820 0840 1061 20a2 1861 1840 28a2 2061 1841 1840 1841 1020 1020 1841 2082 28a2 28a1 2080 2081 28a1 28a1 30c1 30e2 a491 eefb e6db cdd6 acd2 a470 c5b6 ff9e ffdf ffdf ffdf ffdf f7be ffdf ffdf ffde f7de ffde ffdf f7be ffdf ffdf ffdf ffdf ffdf ffdf ffdf ffdf ffdf ffdf ffdf ffdf ffdf ffdf ffdf ffdf ffdf ffdf ffdf ffdf ffdf ffdf ffdf ffdf ffdf ffdf ffdf ffdf ffdf ffdf ffdf ffdf ffdf ffdf ffdf ffdf ffdf ffdf ffdf ffdf ffdf ffdf ffdf ffdf ffdf ffdf ffdf ffdf ffdf ffdf ffdf ffdf ffdf ffdf ffdf ffdf ffdf ffdf ffbf ffdf ffdf ffdf 
ffdf ffdf ffdf ffdf ffdf ffdf ffdf ffdf ffdf ffdf ffdf ffdf ffdf ffdf ffdf ffdf ffdf ffdf ffdf ffdf ffdf ffdf ffdf ffdf ffdf ffdf ffdf ffdf ffdf ffdf ffdf ffdf ffdf ffdf ffdf ffdf ffdf ffdf f7be f7be ffdf ffdf ffdf ffdf ffdf ffdf ffdf ffdf ffdf ffdf ffdf ffdf ffdf ffdf ffdf ffdf ffdf ffdf ffdf ffdf ffbe ffbf ffdf ffdf ffdf ffdf ffdf ffdf ffdf ffdf ffdf ffdf ffdf ffdf ffdf ffdf ffdf ffdf ffdf ffdf ffbe ffbe f7be ffdf ffdf ffdf ffdf ffdf ffdf ffdf ffdf ffdf ffdf ffdf f7df f7de ffdf ffdf ffde ffdf f7de ffde 8c0f 3144 1841 1021 1020 0800 1021 0800 0820 0820 0800 0800 0820 0800 0000 0000 0800 0800 0800 0800 0820 0800 0820 0000 0000 0820 1840 28a1 4143 59c5 7a88 934a a3ac b42e bc6f c4b0 c4d0 ccf1 ccf1 d532 d553 dd73 dd94 dd94 dd94 dd74 d574 ddb4 ddb4 e5b5 ddb5 e5d5 ddb5 e5d5 e5f6 e5f6 e616 e616 ee37 e617 e637 e637 e658 ee78 ee99 ee78 f6b9 f6ba f6da ee99 ee99 ee99 ee78 ee37 ee17 dd94 d512 ccf1 ccd0 bc6f bc4e a3ac 9309 8ac9 7247 6a26 6a26 59c5 7267 59e5 4984 3903 28c2 20a1 1860 1861 2082 1861 1061 1061 1061 1041 1040 1041 1061 1882 1061 1081 1041 1041 1041 0820 0841 0800 0820 0820 1020 1861 1881 1861 1840 1861 2061 1860 1860 1820 1020 1820 1860 2081 28c2 30e2 2881 2881 30a1 30c2 5207 e699 f73c ce18 ac91 7b2b d5f7 de59 ffde ffdf ffdf ffdf ffdf ffdf ffde ffde ffdf ffdf ffdf ffdf ffdf ffdf ffdf ffdf ffdf ffdf ffdf ffdf ffdf ffdf ffdf ffdf ffdf ffdf ffdf ffdf ffdf ffdf ffdf ffdf ffdf ffdf ffdf ffdf ffdf ffdf ffdf ffdf ffdf ffdf ffdf ffdf ffdf ffdf ffdf ffdf ffdf ffdf ffdf ffdf ffdf ffdf ffdf ffdf ffdf ffdf ffdf ffdf ffdf ffdf ffdf ffdf ffdf ffdf ffdf ffdf ffdf ffdf ffdf ffdf ffdf ffdf 
ffdf ffdf ffdf ffdf ffdf ffdf ffdf ffdf ffdf ffdf ffdf ffdf ffdf ffdf ffdf ffdf ffdf ffdf ffdf ffdf ffdf ffdf ffdf ffdf ffdf ffdf ffdf ffdf ffdf ffdf ffdf ffdf ffdf ffdf ffdf ffdf ffdf ffdf ffdf ffdf ffdf ffdf ffdf ffdf ffdf ffdf ffdf ffdf ffdf ffdf f7df f7df ffdf ffdf ffdf ffdf f7be ffdf ffdf ffdf ffbf ffbf ffdf ffbf ffdf ffdf ffdf ffdf ffdf ffdf ffdf ffdf ffdf ffdf ffdf ffdf ffdf ffdf ffdf ffdf ffdf ffdf ffdf ffdf ffdf ffdf ffdf ffdf ffdf ffdf ffdf ffdf ffdf ffdf ffdf f7be ffdf ffdf ffde ffdf ffde f79d 62aa 5a49 1841 1041 0820 0820 0820 0800 0820 0820 0800 0800 0800 0820 0000 0000 0800 0800 0820 0820 0800 0800 0000 0800 0800 1841 2081 3903 51a4 7267 8b29 a3ab ac0d b42e c48f c4b0 ccd1 ccf1 cd12 d532 d573 d573 dd74 dd74 d574 ddb5 ddb5 e5d5 ddb5 e5d6 e5d6 e5d6 e5f6 e616 e617 ee37 ee37 e637 ee37 e637 e637 e657 ee58 ee78 eeb9 f6b9 eeb9 f6da f71a f6fa f6fa f6da ee99 e657 ee57 ee57 dd94 d553 d532 d532 ccd1 ccd1 bc2e b40d 9b6b 82a8 61c5 6a06 7267 6a26 51a4 4943 3923 28c1 2060 1840 1861 1841 1041 1041 1061 1881 1061 1061 1061 1040 1061 1882 1061 1881 1881 1061 1040 1041 1041 1021 0820 0800 0820 1040 18a2 20a2 20a1 2081 1840 1860 1840 1820 1840 2081 2060 2061 30c1 30a1 28a0 30c1 38e2 acd2 deba f77d c596 93ef 9c51 d618 f75d ffdf ffdf ffdf ffdf ffdf ffde ffde ffdf ffbf ffdf ffdf ffdf ffdf ffdf ffdf ffdf ffdf ffdf ffdf ffdf ffdf ffdf ffdf ffdf ffdf ffdf ffdf ffdf ffdf ffdf ffdf ffdf ffdf ffdf ffdf ffdf ffdf ffdf ffdf ffdf ffdf ffdf ffdf f7be ffdf ffdf ffdf ffdf ffdf ffdf ffdf ffdf ffdf ffdf ffdf ffdf ffdf ffdf ffdf ffdf ffdf ffdf ffdf ffdf ffdf ffdf ffdf ffdf ffdf ffdf ffdf ffdf ffdf 
ffdf ffdf ffdf ffdf ffdf ffdf ffdf ffdf ffdf ffdf ffdf ffdf ffdf ffdf ffdf ffdf ffdf ffdf ffdf ffdf ffdf ffdf ffdf ffdf ffdf ffdf ffdf ffdf ffdf ffdf ffdf ffdf ffdf ffdf ffdf ffdf ffdf ffdf ffdf ffdf ffdf ffdf ffdf ffdf ffdf ffdf ffdf ffdf ffdf ffdf ffdf ffdf ffdf ffdf ffdf f7be ffdf ffdf ffdf ffdf ffdf ffdf ffdf f7df ffdf ffdf ffdf ffdf ffdf ffdf ffdf ffdf ffdf ffdf ffdf ffdf ffdf ffdf ffdf ffdf ffdf ffdf ffdf ffdf ffdf ffdf ffdf ffdf ffdf ffdf ffdf ffdf ffdf ffdf ffdf ffdf ffdf ffdf f7df ffdf ffde bdb6 28e3 1861 1040 1020 1040 0820 0000 0820 0820 0800 0800 0800 0800 0800 0000 0000 0000 0800 0800 0820 0800 0800 0000 0800 0820 1861 30e2 5184 6a46 82c8 9b6a a3cc b42e bc4e c4b0 c4d1 ccf1 cd12 cd12 d553 dd74 dd94 dd94 e5d5 ddb5 ddb5 e5d6 e5d6 e5f6 e5f6 e5f6 ee16 e616 e616 ee57 ee57 e637 e637 ee57 ee37 ee58 ee37 ee58 ee99 f6b9 f6da f6fa f6fb f73b f73b ff3c ff1b f6da ee99 ee58 e616 e5f6 e5b5 d553 cd12 dd73 d512 cd11 c4b0 c48f bc6e 9b6b 7a46 69e5 7a67 7267 5184 4123 3902 28a1 1861 1840 1040 1041 1041 0820 0820 1061 1061 1040 1020 1061 1040 1020 1881 1881 1041 1020 0820 0840 0840 0820 0820 0800 0800 0800 1040 1881 2081 28e2 28a2 2081 1840 1820 1820 2081 2060 2881 28a1 28c1 30c1 38e2 6247 ef1c ef1c ce38 cdf7 7b2c bd75 e6db ffbe ffdf ffdf ffdf ffdf ffdf ffdf ffdf ffdf ffdf ffdf ffdf ffdf f7be ffdf ffdf ffdf ffdf ffdf ffdf ffdf ffdf f7be ffdf ffdf ffdf ffdf ffdf ffdf ffdf ffdf ffdf ffdf ffdf ffdf ffdf ffdf ffdf ffdf ffdf ffdf ffdf f7be ffdf ffdf ffdf ffdf ffdf ffdf ffdf ffdf ffdf ffdf ffdf ffdf ffdf ffdf ffdf ffdf ffdf ffdf ffdf ffdf ffdf ffdf ffdf ffdf ffdf ffdf ffdf ffdf ffdf ffdf 
ffdf ffdf ffdf ffdf ffdf ffdf ffdf ffdf ffdf ffdf ffdf ffdf ffdf ffdf ffdf ffdf ffdf ffdf ffdf ffdf ffdf ffdf ffdf ffdf ffdf ffdf ffdf ffdf ffdf ffdf ffdf f7be ffdf ffdf ffdf ffdf ffdf ffdf ffdf ffdf ffdf ffdf ffdf ffdf ffdf ffdf ffdf ffdf ffdf ffdf ffbf ffdf ffdf ffdf ffdf ffdf ffdf ffdf ffdf ffdf f7df f7df ffdf ffdf ffdf ffdf ffdf ffdf ffdf ffdf ffdf ffdf ffdf ffdf ffdf ffdf ffdf ffdf ffdf ffdf ffdf ffdf ffdf ffdf ffdf ffdf ffdf ffdf ffdf ffdf ffdf ffdf ffdf ffdf ffbe ffbf ffdf ffdf ffdf ffdf ffdf 5a8a 3144 1041 1020 0820 1040 0820 0820 0820 0820 0820 0800 0800 0800 0000 0000 0000 0800 0800 0800 0820 0800 0800 0000 0800 1840 28a1 4964 61e6 7aa8 8b29 a3ab ac0d bc4e bc6f c4d0 ccf1 cd12 d532 d553 d573 dd74 dd94 ddb4 ddd5 ddb5 e5d5 e5f6 e5d6 e5f6 e5f6 e5f6 e616 e616 e617 ee37 e637 e637 e637 ee57 ee57 ee58 ee58 ee58 ee78 eeb9 f6ba f6fa f6fb f71b f73b ff5c f73b f71b f6fb ee99 ee78 ee58 e616 e5d5 d553 cd12 d553 dd53 d532 c4b0 d4f1 ccd0 b40d 9309 82a8 6a06 7226 6a26 59e6 30a1 2881 1840 1841 1041 1041 1041 1041 1040 1061 1861 18a2 1061 1881 18a2 20c2 1061 1041 1041 1040 1041 0840 0841 1061 0821 0820 0000 0800 0820 1841 1840 1840 2081 28c2 2061 20a2 2081 2081 2060 2880 28a1 30c1 30c1 4984 cdd7 e6bb f79d c5f7 9430 bd34 ef3c ef5d ffdf ffdf ffdf ffdf ffdf ffdf ffdf ffdf ffdf ffdf ffdf ffdf ffdf ffdf ffdf ffdf ffdf ffdf ffdf ffdf ffdf ffdf ffdf ffdf ffdf ffdf ffdf ffdf ffdf ffdf ffdf ffdf ffdf ffdf ffdf ffdf ffdf ffdf ffdf ffdf ffdf ffdf ffdf ffdf ffdf ffdf ffdf ffdf ffdf ffdf ffdf ffdf ffdf ffdf ffdf ffdf f7df f7df ffdf ffdf ffdf ffdf ffdf ffdf ffdf ffdf ffdf ffdf ffdf ffdf ffbf ffdf 
ffdf ffdf ffdf ffdf ffdf ffdf ffdf ffdf f7be ffdf ffdf ffdf ffdf ffdf ffdf ffdf ffdf ffdf ffdf ffdf ffdf ffdf f7df f7be ffdf ffdf ffdf ffdf ffdf ffdf ffdf ffdf ffdf ffdf ffdf ffdf ffdf ffdf ffdf ffdf ffdf ffdf ffdf ffdf ffdf ffdf ffdf ffdf ffdf ffdf ffdf ffdf ffdf ffdf ffdf ffdf f7be ffdf ffdf ffdf ffdf ffdf ffdf ffdf ffdf ffdf ffbe ffbf ffdf ffdf ffdf ffdf ffdf ffdf ffdf ffdf ffdf ffdf ffdf ffdf ffdf ffdf ffdf ffdf ffdf ffdf ffdf ffdf ffdf ffdf ffdf ffdf ffdf ffdf ffdf ffdf ffde ffdf ffdf ffbf deda 62cb 28e3 1041 0800 1021 0820 0820 0820 0800 0820 0820 0800 0800 0000 0000 0000 0000 0820 0820 0800 0820 0800 0800 0000 0800 1840 38e2 51a5 6a06 82a8 934a 9bab ac0d bc4e c490 ccf1 ccf1 cd32 cd53 d573 d553 d573 dd94 ddb4 ddb4 e5d5 e5f5 e5f6 e5f6 e5f6 e5f6 ee16 ee16 e617 e617 e617 e617 ee37 ee37 ee37 ee37 ee57 ee57 ee78 ee98 f6b9 f6da f6da f6fb ff3c ff5c ff7c f75c f71b f71b f6da ee99 ee78 ee58 ee37 e616 ddd5 dd94 d553 dd73 dd73 cd11 ccf0 ccd0 b42d 932a 9309 8ae9 7a88 6a26 59e6 30c1 2081 1841 1841 1020 1061 1861 1881 1061 1061 1041 1061 1881 1881 18a2 20c2 18a2 1882 1061 1061 1081 1061 1041 1041 1041 0820 0800 0800 0800 0820 1861 1841 1840 2081 1860 1820 2061 28a1 28a1 28a1 30c1 30a1 3902 730b e6ba ffbe deba b534 8bce de9a ef7d ffdf ffdf ffdf ffdf ffbf ffdf ffdf ffdf ffdf ffdf ffdf ffdf ffdf ffdf ffdf ffdf ffdf ffdf ffdf ffdf ffdf ffdf ffdf ffdf ffdf ffdf ffdf ffdf ffdf ffdf ffdf ffdf ffdf ffdf f7be ffdf ffdf ffdf ffdf ffdf ffdf ffdf ffdf ffdf ffdf ffdf ffdf ffdf ffdf ffdf ffdf ffdf ffdf ffdf ffdf ffdf ffdf ffdf ffdf ffdf ffdf ffdf f7be ffdf f7be ffdf ffdf ffdf ffdf ffdf ffdf ffdf 
ffdf ffdf ffdf ffdf ffdf ffdf ffdf ffdf ffdf ffdf ffdf ffdf ffdf ffdf ffdf ffbf ffdf ffdf ffdf ffbf ffdf ffdf f7de f7be ffdf ffdf f7be ffdf f7de f7df f7df ffdf ffdf ffdf ffdf ffdf ffdf ffdf ffdf ffdf ffdf ffdf ffdf ffdf ffdf ffdf f7be ffdf ffdf ffdf ffdf ffbf ffdf ffdf f7df ffdf ffdf ffbf ffdf ffdf f7de ffdf f7de ffdf ffdf ffdf ffbf ffbf ffdf ffdf f7df ffdf ffdf ffdf ffdf ffdf f7df f7df f7df ffdf ffdf ffdf ffdf ffdf f7be f7be ffdf ffdf ffdf ffdf ffdf f7be ffdf ffdf f7df ffdf ffdf ffdf ffdf ffbf 9471 5a89 18a2 1020 1041 0820 0820 0820 0820 0800 0820 0820 0820 0820 0800 0800 0820 0000 0820 0820 0800 0800 0800 0000 0000 0820 1860 38e2 59c5 7267 8ac9 934a a3ac b42e bc6f c4b0 ccf1 cd32 d532 d553 d573 d574 d573 dd94 ddb5 ddb5 ddb5 e5f6 e5f6 e5f6 e616 e616 e616 e616 e616 e616 e5f6 ee37 ee37 ee37 ee37 ee37 ee58 ee58 ee58 ee78 f6b9 eeb9 f6da f6fb ff3c ff3c ff7c f75c f73b f6da f6ba f6b9 ee78 ee58 ee58 ee57 e616 e616 e5f5 e5b5 dd94 e594 dd53 d532 ccf0 bc4e 9b4a 9b6b 9b6b 9b6b 7287 51a5 28a1 2081 1860 1840 1020 1020 1040 1040 1061 1061 1061 1882 1861 1041 1040 1040 1040 1881 18a2 1082 1061 0820 0840 0840 1061 0820 0800 1000 0800 0800 1040 1861 1840 1840 2081 1861 1840 1840 2060 28a1 30c1 3903 49a6 e679 e6db ef1d d638 838e ce38 f77d e73c ffdf f7de ffdf ffde f7de f7de ffdf ffdf ffdf ffdf ffdf ffdf ffdf ffdf ffdf ffdf ffdf ffdf ffdf ffdf ffdf ffdf f7be ffdf ffdf ffdf ffdf ffdf ffdf ffdf f7be ffdf ffdf ffdf ffdf ffdf ffdf ffdf ffdf ffdf ffdf ffdf ffdf ffdf f7be f7be ffdf ffdf ffdf ffdf ffdf ffdf ffdf ffdf ffdf ffdf ffdf ffbf ffbf ffdf ffdf ffdf ffdf ffdf ffdf ffdf ffdf ffdf ffdf f7df ffdf 
f7de f7df f7df ffdf ffdf ffdf ffdf ffdf f7de f7df ffdf ffdf ffdf ffdf ffdf ffbf f7de f7df ffdf f7be ffdf ffdf ffdf ffdf ffdf ffdf ffdf ffdf ffdf ffdf ffdf ffdf f7be ffdf ffdf ffdf ffdf ffdf ffdf ffdf f7be f7be ffdf ffdf ffdf ffdf ffdf ffdf f7de f7df f7df ffdf f7df ffdf ffdf ffdf f7be f7be ffbf ffdf ffdf ffbf ffdf ffdf f7be ffdf ffdf ffdf ffdf ffdf ffdf ffdf f7be f7be ffdf ffdf ffdf ffdf ffdf ffdf f7be ffdf ffdf ffdf ffdf ffdf ffdf ffdf f7be f7be ffdf ffdf ffdf ffdf ffdf ffdf f7de f7de ffdf f79e 6b0c 41c7 1882 1040 1040 0800 0820 0841 0820 0800 0800 0820 0000 0000 0020 0000 0820 0800 0820 0820 0800 0800 0800 0800 0800 1020 2061 4123 59e5 7287 8b09 9b8b a3cc b42e bc8f c4d0 c511 cd32 d553 d553 d573 dd74 dd94 dd94 ddb4 ddb4 ddd5 e5f5 e616 e5f6 ee16 e616 e5f6 e616 e5f6 e616 e616 ee37 ee17 ee57 e616 e637 ee57 ee78 ee78 ee78 ee99 eeb9 f6da f6fb f71b ff5c ff5c ff5c f71b f6fb eeb9 eeb9 eeb8 ee98 ee77 e637 e637 e637 e5f6 e5d6 ddd5 e5b5 e594 dd54 dd53 d532 ccd0 a3ab 9329 82c8 7aa8 6a26 5184 30c2 2060 1020 1020 1020 1020 1041 1041 1041 0840 0840 1060 1081 1061 1061 1061 1041 0820 0820 1061 1081 0841 0820 0820 0841 0840 0020 0020 0020 0020 0820 1881 1882 1020 1840 2061 2081 1840 2040 2881 28a1 28c1 8bee e6db ff9e e6da b534 a4b2 eedb ef3c f79e ffdf ffdf ffdf ffbf ffbf ffbf f7be f7be ffdf ffdf ffdf ffdf ffdf ffdf f7be f7be ffdf ffdf ffdf ffdf ffdf ffdf f7be f7be f7be ffdf ffdf ffdf ffdf ffdf f7be f7be ffdf ffdf ffdf ffdf ffdf ffdf f7be f7be ffdf ffdf ffdf ffdf ffdf ffdf f7be f7be ffdf ffdf ffdf ffdf ffdf ffdf f7be f7df ffdf ffff ffdf ffdf ffdf ffdf ffdf f7be ffdf ffdf ffdf ffdf ffdf ffdf 
ffdf ffdf ffdf ffdf ffdf ffdf ffdf ffdf ffdf ffdf ffdf ffdf ffbf ffbf ffdf ffdf ffdf ffdf ffdf f7be f7be ffdf ffdf f7be ffdf ffdf ffdf ffdf ffdf ffdf ffdf ffdf ffdf ffdf f7be ffdf ffdf ffdf ffdf ffdf ffdf ffdf ffdf ffdf ffdf ffdf ffdf ffdf ffdf ffdf ffdf ffdf ffdf ffdf ffdf ffdf ffdf ffdf ffdf ffdf ffdf ffdf ffdf ffdf ffdf ffdf ffdf ffdf ffdf ffdf ffdf ffdf ffdf ffdf ffdf ffdf ffdf ffdf ffdf ffdf ffdf ffdf ffdf ffdf ffdf f7be ffdf ffdf ffdf ffdf ffdf ffdf ffdf ffdf ffdf ffdf ffdf ffdf ffbf ce59 83cf 20a2 1041 1020 0820 0820 1041 0820 0820 0800 0820 0800 0820 0820 0000 0000 0800 0800 0800 0800 0820 0800 0800 0800 0800 1040 28a1 4123 6205 7aa7 8b29 a3ac ac0d b46f bcb0 c4f1 cd11 cd32 d553 d573 dd74 dd94 dd74 dd94 ddb4 ddd5 e5f5 e5f5 e5f6 e5f6 e5f6 e616 e616 e616 e616 e636 e616 e616 ee37 e637 ee37 ee37 ee57 f678 ee78 f679 ee99 f6ba f6da f6fb f73b ff5c ff5c ff3c f73b f6fa f6da f6b9 f6b9 ee98 ee78 ee57 ee37 e637 e637 e616 e616 e5d5 e5d5 e5b4 dd94 dd73 d552 cd11 c4b0 abed 9b4a 8b09 7287 4984 30c1 1840 1040 1020 1040 0820 0840 0840 1061 1061 1061 1041 1061 1041 1041 1041 1041 0820 0840 0841 0820 0820 0820 0820 0020 0020 0820 0820 0000 0000 0800 1041 1861 1861 1861 1861 20a1 2060 2060 2881 30c1 4164 bd74 ef1b ff9d bd95 9c71 d5f7 ffbe e73d ffbf ffbf ffde ffde ffdf ffbe ffdf ffdf ffdf ffdf ffdf ffdf ffdf ffdf ffdf ffdf ffdf ffdf ffdf ffdf ffdf ffdf ffdf ffdf ffdf ffdf ffdf ffdf ffdf f7be ffdf ffdf f7be ffdf ffdf ffdf ffdf ffdf ffdf ffdf ffdf ffdf ffdf ffdf ffdf ffdf ffdf ffdf ffdf ffdf ffdf ffdf f7be ffdf ffdf ffdf ffdf ffdf ffdf ffdf ffdf ffdf ffdf ffdf ffdf ffdf ffbf ffbf ffdf ffdf 
ffdf ffbf ffdf ffdf ffdf ffdf ffdf ffdf ffdf ffdf ffdf ffdf ffdf ffdf ffdf ffdf ffdf ffbf ffdf f7be f7be ffdf ffdf ffdf ffdf ffdf ffdf ffdf ffdf ffdf f7df ffdf ffdf ffdf ffdf ffdf ffdf ffdf f7be ffdf ffdf ffdf ffdf ffdf ffdf ffdf ffdf ffdf ffdf ffdf ffdf ffdf ffdf ffdf ffdf ffdf ffdf ffdf ffdf ffdf ffdf ffdf ffdf ffdf ffdf ffdf ffdf ffdf ffdf ffdf ffdf ffdf ffdf ffdf ffdf ffdf ffdf ffdf ffdf ffdf ffdf ffdf ffdf ffdf ffdf ffdf ffdf ffdf ffdf ffdf ffdf ffdf ffdf ffdf ffdf ffdf ffdf ffde f7be 6b2c 9451 1861 1061 1040 0800 1020 1041 0800 0800 0800 0820 0000 0820 0800 0800 0800 0800 0800 0800 0820 0800 0800 0000 0000 0800 1840 30e2 4964 6206 7aa8 8b29 a3ac ac0d b46f bcb0 c4f1 cd12 cd32 d553 d553 dd73 dd94 dd94 ddb4 ddb4 e5d5 e5d5 e5f6 e616 e616 e5f6 e616 e616 e616 e5f6 e616 e616 e616 e637 e637 ee37 ee58 ee57 ee78 ee78 ee78 f699 f6b9 f6da f6fa f71b ff5c ff5c f75c f71b f6fa f6da f6b9 f699 f699 ee78 ee58 ee58 ee58 ee37 e617 e616 e5f6 e5f5 e5d5 dd94 dd94 dd73 d573 d552 ccf1 c4d0 b42d 934a 7267 4963 28a1 1840 1840 1020 1041 1041 1040 1041 1041 1061 1061 1881 1061 1061 1061 0840 1061 1061 1061 0840 0820 0820 0800 0820 0000 0820 0820 0000 0000 0800 0800 1040 1041 1861 20a2 20a2 1840 2081 2081 28a1 38e2 8bad acd2 ffbe d659 9c50 a4d2 ffbe ef5c f77d f7be f7df ffdf ffdf ffdf ffdf ffdf ffdf ffdf ffdf ffdf ffdf ffdf ffdf ffdf ffdf ffdf ffdf ffdf ffdf ffdf ffdf f7be ffdf ffdf ffdf ffdf ffdf ffdf ffdf ffdf ffdf ffdf ffdf ffdf ffdf ffdf ffdf ffdf ffdf ffdf ffdf ffdf ffdf ffdf ffdf ffdf f7be ffdf ffdf ffdf ffdf ffdf ffdf ffdf ffdf ffdf ffdf ffdf ffdf ffdf ffdf ffdf ffdf ffdf ffdf ffdf ffdf ffdf 
ffdf ffdf ffdf ffdf ffdf ffdf ffdf f7be ffdf ffdf ffdf ffdf ffdf ffdf ffdf ffdf ffdf ffdf ffdf f7be ffdf ffdf ffdf ffdf ffdf ffdf ffdf ffdf ffdf ffdf ffdf ffdf ffdf ffdf ffdf ffdf ffdf ffdf ffdf ffdf ffdf ffdf ffdf ffdf ffdf ffdf ffdf ffdf ffdf ffdf ffdf ffdf ffdf ffdf ffdf ffdf ffdf ffdf ffdf ffdf ffdf ffdf ffdf ffdf ffdf ffdf ffdf ffdf ffdf ffdf ffdf ffdf ffdf ffdf ffdf ffdf ffdf ffdf ffdf ffdf ffdf ffdf ffdf ffdf ffdf ffdf ffdf ffdf ffdf ffdf ffdf ffdf ffdf ffdf ffdf ffdf ffdf ffde e71b 6b2c 4a08 1041 1861 0800 1020 1041 0820 0820 0820 0820 0820 0000 0800 0800 0800 0800 0800 0800 0800 0820 0820 0000 0000 0000 0820 1861 30e2 5184 6a46 7aa8 934a a3cc ac2e b46f bcb0 c4f1 ccf1 cd32 d532 d553 d573 dd94 ddb4 ddb4 ddb5 ddd5 e5d5 e5f6 e616 e5f6 e616 e616 e616 e616 e616 e616 e616 ee37 e637 ee58 ee37 ee58 ee58 ee58 ee78 ee98 f6b9 ee99 f6d9 f6da f71b ff3c ff5c ff5c ff3b ff1b f6fa f6da eeb9 ee99 ee78 ee78 ee58 ee78 ee57 ee57 ee37 ee16 e5f6 e5f6 e5b5 dd94 dd94 dd93 dd73 dd53 d532 ccf1 bc8f a38b 7267 4943 2081 1860 1040 1840 1861 1861 1061 1041 1061 18a2 18a2 18a2 18a2 18a2 20c3 18a2 18c2 18c2 18a2 18a2 1882 1882 1882 1041 0840 1041 0840 0840 0820 0820 0820 0820 1041 1041 1861 20a2 1881 2081 2060 2881 3903 8bce ce18 ff9d b534 8c0f f79d ffdf dedb ffdf ffdf ffdf ffde ffde ffdf ffdf ffdf ffdf ffdf ffdf ffdf ffdf ffdf ffdf ffdf ffdf ffdf ffdf ffdf ffdf ffdf ffdf ffdf ffdf ffdf ffdf ffdf ffdf f7be f7be ffdf ffdf ffdf ffdf ffdf ffdf ffdf ffdf ffdf ffdf ffdf ffdf ffdf ffdf ffdf ffdf ffdf ffdf ffdf ffdf ffdf ffdf ffdf ffdf ffdf ffdf ffdf ffdf ffdf ffdf ffdf ffdf ffdf ffdf ffdf ffdf ffdf ffdf 
ffdf ffdf f7be ffdf ffdf ffdf ffdf ffdf ffdf ffdf ffdf ffdf ffdf ffdf ffdf ffdf ffdf ffdf ffdf ffdf ffdf ffdf ffdf ffdf ffdf ffdf ffdf ffdf ffdf ffdf ffdf ffdf ffdf ffdf ffdf ffdf ffdf ffdf ffdf ffdf ffdf ffdf ffdf ffdf ffdf ffdf ffdf ffdf ffdf ffdf ffdf ffdf ffdf ffdf ffdf ffdf ffdf ffdf ffdf ffdf ffdf ffdf ffdf ffdf ffdf ffdf ffdf ffdf ffdf ffdf ffdf ffdf ffdf ffdf ffdf ffdf ffdf ffdf ffdf ffdf ffdf ffdf ffdf ffdf ffdf ffdf ffdf ffdf ffdf ffdf ffdf ffdf ffdf ffdf ffdf ffdf ffdf ffdf a4b3 9c72 1861 1882 1041 0800 1061 1041 0820 0800 0800 0820 0820 0800 0800 0820 0000 0800 0800 0800 0820 0800 0820 0000 0000 0800 0820 1881 3903 51a4 7267 82c8 9b6b abcd ac2e b44f bcb0 c4f1 ccf1 cd12 d532 d553 dd73 dd73 dd94 ddb5 e5b5 e5d5 e5f6 e5f6 e5f6 e5f6 e5f6 e616 e616 e616 e616 e616 e616 e616 e637 ee37 ee57 ee58 ee58 ee58 ee78 ee98 ee99 eeb9 f6da f6da ff1b ff3c f75c f75c ff3c f71b f6fa f6da f6b9 ee99 ee78 ee98 ee58 ee58 ee78 ee58 ee37 ee37 e616 e5f6 e5f6 e5d5 ddb4 dd94 dd94 dd73 d553 dd53 d532 ccd1 abcd 7247 4123 2881 2081 1860 1860 1861 2082 20a2 18a2 1882 1040 1081 1882 18a2 1881 1882 1882 20e3 20c2 20c2 20c3 20c2 20c3 20c3 18a2 1061 0840 0820 0800 0800 0000 0800 0800 0820 1060 1861 1881 1840 20a1 28a1 28c2 6268 a4d2 e6ba ce38 b555 ce18 ffbe ef7d ef5d ffdf ffdf ffdf ffdf ffdf ffdf ffdf ffdf ffdf ffdf ffdf f7be ffdf ffdf ffdf ffdf ffdf ffdf ffdf ffdf ffdf ffdf ffdf ffdf ffdf ffdf ffdf ffdf ffdf ffdf ffdf ffdf ffdf ffdf ffdf ffdf ffdf ffdf ffdf ffdf ffdf ffdf ffdf ffdf ffdf ffdf ffdf ffdf ffdf ffdf ffdf ffdf ffdf ffdf f7be ffdf ffdf ffdf ffdf ffdf ffdf ffdf ffdf ffdf ffdf ffdf ffdf ffdf 
ffdf f7df ffdf ffdf ffdf ffdf ffdf ffdf ffdf ffdf ffdf ffdf ffdf ffdf ffdf ffbf f7df f7df ffdf ffdf ffdf ffdf ffdf ffdf ffdf ffdf ffdf ffdf ffdf ffdf ffdf ffdf ffdf ffdf ffdf ffdf ffdf ffdf ffdf ffdf ffdf ffdf ffdf ffdf ffdf ffdf ffdf ffdf ffdf ffdf ffdf ffdf ffdf ffdf ffdf ffdf ffdf ffdf ffdf ffdf ffdf ffdf ffdf ffdf f7be ffdf ffdf ffdf ffdf ffdf ffdf ffdf f7be ffdf ffdf ffdf ffdf ffdf ffdf ffdf f7be ffdf ffdf ffdf ffdf ffdf ffdf ffdf ffdf ffdf ffdf ffdf ffdf ffdf ffdf ffdf f7df f7be 5a8a 7b8e 1841 1861 1020 1020 1041 0820 0820 0800 0820 0820 0800 0800 0000 0820 0000 0800 0800 0800 0820 0820 0800 0800 0000 0800 0800 2081 3903 59c5 7247 82e9 9b8b ac0e b42e b44f bc90 c4d1 ccf1 cd32 cd32 d553 d573 dd74 ddb4 ddb4 ddb5 e5d5 e5d5 e5f5 e5f6 e5f6 e5f6 e5f6 e616 e616 e616 e616 ee17 e617 ee37 ee37 ee58 ee57 ee58 ee78 ee78 ee98 ee98 f6b9 f6b9 f6da f6fb ff3c ff5c ff5c ff3b f6fb f6fa f6da f6b9 f6b9 ee98 ee98 ee78 ee78 ee78 ee57 ee37 ee37 e616 e616 e5f6 e5d5 ddd5 ddb4 dd94 dd94 dd94 dd94 dd73 dd53 ccf1 b42e 7a88 4943 2880 2060 2080 1840 1860 1861 1881 1881 18a1 20c2 20c2 20c2 20a2 18a2 1882 1862 18a2 18a2 1082 1061 1061 1882 18a2 18a2 1081 1082 1041 0841 0841 0841 0820 0820 0800 0820 1061 1861 1861 1861 2061 28c2 6268 e699 d659 e6fc c5d7 ff9e ffdf e73d ffdf ffdf ffdf ffdf ffdf ffdf ffdf ffdf ffdf ffdf ffdf ffdf ffdf ffdf ffdf ffdf ffdf ffdf ffdf f7be ffdf ffdf ffdf ffdf ffdf ffdf ffdf f7be ffdf ffdf ffdf ffdf ffdf ffdf ffdf ffdf ffdf ffdf ffdf ffdf ffdf ffdf ffdf ffdf ffdf ffdf ffdf ffdf ffdf ffdf ffdf ffdf ffdf ffdf ffdf ffdf ffdf ffdf ffdf ffdf ffdf ffdf ffdf ffdf ffdf ffdf ffdf ffdf 
ffdf ffdf ffdf ffdf ffdf ffdf ffdf ffdf ffdf ffdf ffdf ffdf ffdf ffdf ffdf ffdf ffdf ffdf ffdf ffdf ffdf ffdf ffdf ffdf ffdf ffdf ffdf ffdf ffdf ffdf ffdf ffdf ffdf ffdf ffdf ffdf ffdf ffdf ffdf ffdf ffdf ffdf ffdf ffdf ffdf ffdf ffdf ffdf ffdf ffdf ffdf ffdf ffdf ffdf ffdf ffdf ffdf ffdf ffdf ffdf ffdf ffdf ffdf ffdf ffdf ffdf ffdf ffdf ffdf ffdf ffdf ffdf f7be ffdf ffdf ffdf ffdf ffdf ffdf ffdf ffdf ffdf ffdf ffdf ffdf ffdf ffdf ffdf ffdf ffdf ffdf ffdf ffdf ffdf ffdf ffdf ffdf deba 5269 28e3 18a2 18a2 0800 1061 1041 1020 0820 0800 0841 0820 0820 0800 0800 0800 0820 0820 0800 0800 0820 0820 0000 0000 0000 0800 1020 2081 3903 59a5 7267 8b0a a3ac ac0e b42e bc6f bc90 c4d1 cd12 cd12 d532 d553 d573 dd73 dd94 ddb4 ddb5 e5d5 ddd5 e5f5 e5f5 e5f5 e5f6 e616 e5f6 e5f6 e616 e616 ee17 e617 ee37 ee37 e637 ee57 ee58 ee78 ee78 ee78 ee98 ee99 f6d9 f6da f6fb f73b ff5c ff5c ff3b f71b f71b f6da f6b9 ee99 ee98 ee98 ee78 ee78 ee58 ee58 ee37 ee37 ee17 ee17 ee16 e5f6 e5f5 e5d5 e5b4 e5b4 dd94 dd94 dd94 d573 d553 cd11 bc8f 8b09 4923 2881 2080 1860 1840 1861 20a2 1881 1861 1881 1061 1881 1061 1882 1882 1061 1082 1061 18a2 18a2 20c3 20a3 1882 1061 1061 1061 1061 1041 0820 0841 0821 0820 0000 0820 0840 1061 1861 20a2 2081 2060 2061 a471 ce18 d65a bd96 de9a ffbf f79e f7be ffdf ffdf ffdf f7be ffdf ffdf ffdf ffdf ffdf ffdf ffdf ffdf ffdf ffdf ffdf ffdf ffdf ffdf ffdf ffdf ffdf ffdf ffdf ffdf ffdf ffdf ffdf f7be ffdf ffdf ffdf ffdf ffdf ffdf ffdf ffdf ffdf ffdf ffdf ffdf ffdf ffdf ffdf ffdf ffdf ffdf ffdf ffdf ffdf ffdf ffdf f7be ffdf ffdf ffdf ffdf ffdf ffdf ffdf ffdf ffdf ffdf ffdf f7df ffdf ffdf ffdf 
ffdf ffdf ffdf ffdf ffdf f7be f7df ffdf ffdf ffdf ffdf ffdf ffdf ffdf f7df ffdf ffdf ffdf ffdf ffdf ffdf ffdf ffdf ffdf ffdf ffdf ffdf ffdf ffdf ffdf f7df f7df ffdf ffdf ffdf ffdf ffdf ffdf ffdf ffdf ffdf ffdf ffdf ffdf ffdf ffdf ffdf ffdf ffdf ffdf ffdf ffdf ffbf ffdf ffdf f7be ffff ffdf ffdf ffdf ffdf ffdf ffdf f7df ffdf ffdf ffdf ffdf ffdf ffdf ffdf ffdf ffdf ffdf ffdf ffdf ffdf ffdf ffdf ffdf ffdf ffdf f7be f7be ffdf ffdf ffdf ffdf ffdf ffdf ffdf ffdf ffdf ffdf ffdf ffbe ffdf b555 5a69 1862 1881 1861 0820 1041 1041 1041 0820 0800 0820 0800 0800 0800 0800 0800 0800 0800 0800 0800 0820 0800 0000 0000 0000 0800 1020 20a1 38e2 59a5 7288 934b a3ac ac0e b44f bc6f c4b0 c4d1 cd12 cd32 d532 d553 d573 d573 dd94 ddb4 e5d5 e5b5 ddb5 e5d5 e5d6 e5f6 e5f6 e5f6 e5f6 e5f6 e5f6 e616 e616 e616 e636 e637 ee37 ee57 ee58 ee58 ee58 ee58 ee98 f6b9 f6b9 f6da f71b f73b f75c ff5c f73b f71b f6fb f6da f6da f699 f699 ee98 ee78 ee78 ee58 ee58 ee37 ee37 e616 ee16 e616 e5f6 e5f5 e5d5 ddb4 e5b5 ddb4 ddb4 dd93 dd73 dd73 d532 d511 bc6f 9309 5163 2880 1840 1840 1861 1861 1041 1861 1861 1061 1041 1061 0841 1081 1882 1882 1081 1081 0840 1061 1061 1082 1882 18c2 20e3 2903 2903 18a2 1041 0840 0820 0820 0800 0800 0800 0800 1041 2082 28a2 2061 30c3 9c51 bd55 d618 bd55 ffbe f7be f79e ffdf ffdf ffdf ffdf ffdf ffdf ffdf ffdf ffdf ffdf ffdf ffdf ffdf ffdf ffdf ffdf ffdf ffdf ffdf ffdf ffdf ffdf ffdf ffdf ffdf ffdf ffdf ffdf ffdf ffdf ffdf ffdf ffdf ffdf f7be ffdf ffdf ffdf ffdf ffdf ffdf ffdf ffdf ffdf ffdf ffdf ffdf ffdf ffdf ffdf f7be ffdf ffdf ffdf ffbf ffdf ffdf ffdf ffdf ffdf ffdf ffdf ffdf ffdf f7df ffdf f7df 
f7be f7be ffdf ffdf ffdf ffdf ffdf ffdf f7be f7be ffdf ffdf ffdf ffdf ffdf ffdf f7be f7be ffdf ffdf ffdf ffdf ffdf ffdf f7be f7be ffdf ffdf f7be ffdf ffdf ffdf ffdf ffdf ffdf ffdf ffdf ffdf ffdf ffdf ffdf ffdf ffdf ffdf ffdf ffdf ffdf ffdf ffdf f7be ffdf ffdf ffdf ffdf ffdf ffdf ffdf f7be ffdf ffdf ffdf ffdf ffdf ffdf f7de f7de f7df ffdf ffdf ffdf ffdf ffdf f7be f7be ffdf ffdf ffdf ffdf ffdf ffdf f7df f7de ffdf ffdf ffdf ffdf ffdf ffdf f7be f7be ffdf ffdf ffdf ffdf ffdf ffdf ffde 9491 39a5 20a2 1861 0820 1061 1061 0820 0820 0800 0820 0800 0800 0800 0820 0000 0000 0020 0000 0820 0800 0820 0820 0000 0000 0000 0800 1020 2082 3903 59c6 7287 936a a3cc ac2d b44e bc8f bcb0 c4d1 c4f1 cd12 cd32 d552 d553 d553 dd74 e5b5 ddb4 ddb4 ddd4 ddd5 e5f5 e5f6 e5f6 e5f6 e5f5 e5f6 e5f6 e5f6 e617 ee37 ee37 ee37 e636 e657 e657 ee77 ee77 ee78 ee98 eeb9 ee99 f6d9 f6fa f71b ff5c ff5c ff5c ff3c eefa eef9 eed9 f6b9 ee99 ee99 ee98 ee78 ee57 ee57 ee57 ee37 ee57 ee17 ee16 e616 e5f5 ddd4 ddd4 e5d5 ddb4 ddb4 dd74 dd73 dd53 dd33 d512 d4f1 c4b0 8b0a 4943 28a1 1020 0820 1040 1020 1020 1041 1041 1041 1061 1061 1061 0820 0841 0841 1021 1041 0840 0840 0840 1081 18a2 1081 1081 1881 1061 0860 0840 0820 0800 0800 0800 0820 0020 0000 0840 1881 28e2 2081 2081 836d cdd7 bd75 ff9e ffbf ef7e ffdf ffdf ffdf f7be ffdf ffdf ffdf ffdf ffdf ffdf ffdf f7be f7be f7be f7be ffdf ffdf ffdf ffdf ffdf f7be ffdf ffdf ffdf ffdf ffdf ffdf f7be f7be ffdf ffdf ffdf ffdf ffdf ffdf f7df f7de f7df ffdf ffdf ffdf ffdf ffdf f7de f7be ffdf ffdf ffdf ffdf ffdf ffdf f7be ffdf ffdf ffdf ffdf ffdf ffdf ffdf ffdf f7be ffdf ffdf ffdf ffdf ffdf ffdf 
ffdf ffdf ffdf ffdf ffdf ffdf ffdf ffdf f7be ffdf ffdf ffdf ffdf ffdf ffdf ffdf ffdf ffdf ffdf ffdf ffdf ffdf ffdf ffdf ffdf ffdf ffdf ffdf ffdf ffdf ffdf ffdf ffdf ffdf ffdf ffdf ffdf ffdf ffdf ffdf ffdf ffdf ffdf ffdf ffdf ffdf ffdf ffdf ffdf ffdf ffdf ffdf ffdf ffdf ffdf ffdf ffdf ffdf ffdf ffdf ffdf ffdf ffdf ffdf ffdf ffdf ffdf ffdf ffdf ffdf ffdf ffdf ffdf ffdf ffdf ffdf ffdf ffdf ffdf ffdf ffdf ffdf ffdf ffdf ffdf ffdf ffdf ffdf ffdf ffdf ffdf ffdf ffdf ffdf f7be ffbf ffdf 62eb 20a2 2082 1041 0800 1061 1020 1041 0820 0820 1041 0800 0800 0820 0800 0000 0820 0820 0800 0800 0800 0800 0800 0000 0000 0000 0800 0820 2060 38e2 59a5 7a88 936b a3cc b42e b44f bc6f c4b0 c4f1 ccf1 cd12 d532 d553 d553 d553 dd74 dd94 dd94 ddd5 ddb4 ddd5 ddd5 e5d5 e5f6 e5f6 e5f6 e5f6 e5f6 e616 e616 ee37 ee37 ee37 ee37 ee37 e637 ee77 ee58 ee78 ee78 ee99 eeb9 f6da f71a f71b ff5c ff5c ff5c ff3c f71b f6da f6fa eeb9 ee99 ee99 ee78 ee78 ee78 ee78 ee57 ee37 ee37 e616 e616 e616 e5f6 e5d5 e5d5 ddb5 e5b5 ddb4 dd94 dd94 dd73 dd73 d532 d511 ccf0 b44e 7ac8 4122 2080 1020 1040 1040 1040 1041 1061 1021 0820 1040 1040 1040 0840 0820 0820 0820 0840 1081 1882 18a2 18a2 1061 1081 18a2 1081 0841 0820 0820 0820 0820 0820 0000 0000 0000 0820 0800 1861 30e3 30e3 28c2 8bce a4b2 e6fb ffbf f79e f79e ffdf ffde ffdf ffdf ffdf ffdf ffdf ffdf ffdf ffdf ffdf ffdf ffdf ffdf ffdf ffdf ffdf ffdf ffdf ffdf ffdf ffdf ffdf ffdf ffdf ffdf ffdf ffdf ffdf ffdf ffdf ffdf ffdf ffdf ffdf ffdf ffdf ffdf ffdf ffdf ffdf ffdf ffdf ffdf ffdf ffdf ffbf ffdf ffdf ffdf ffdf ffdf ffdf ffdf ffdf ffdf ffdf ffdf ffdf ffdf ffdf ffdf ffdf ffdf ffdf ffdf 
ffdf ffdf ffdf ffdf ffdf ffdf ffdf ffdf ffdf ffdf ffdf ffdf ffdf ffdf ffdf ffdf ffdf ffdf ffdf ffdf ffdf ffdf ffdf ffdf ffdf ffdf ffdf ffdf ffdf ffdf ffdf ffdf ffdf ffdf ffdf ffdf ffdf ffdf ffdf ffdf ffdf ffdf ffdf f7be ffdf ffdf ffdf ffdf ffdf ffdf ffdf ffdf ffdf ffdf ffdf ffdf ffdf ffdf ffdf ffdf ffdf ffdf ffdf f7be ffdf ffdf ffdf ffdf ffdf ffdf ffdf ffdf ffdf ffdf ffdf ffdf ffdf ffdf ffdf ffdf ffdf ffbf ffdf ffdf ffdf ffdf ffdf ffdf ffdf ffdf ffdf ffdf ffdf ffdf ffbf ffbf ffbe 4a28 20a2 1841 1020 1040 1040 1040 1020 0820 1020 1020 0800 0800 0800 0800 0800 0800 0800 0800 0800 0800 0820 0800 0000 0000 0000 0000 0820 1860 3902 59c5 7a88 9b4b a3cd b44e bc6f bc90 c4d1 c4f1 ccf1 cd12 d532 d553 d553 d573 dd74 dd74 ddb4 ddb4 ddd5 ddd5 ddd5 ddd5 e5f6 e5f6 e5f6 e5f6 e5f6 e5f6 e616 e616 e637 e637 ee37 ee57 e637 ee57 ee58 ee78 ee78 f699 f6b9 f6fa f6fa f71b ff3b f75c ff3c ff3c f71b f6fb f6fa eeb9 eeb9 ee99 ee78 ee78 ee78 ee78 ee58 e657 ee37 e637 e616 e616 e616 e5f6 e5d6 e5d5 ddb5 dd94 dd94 dd94 dd93 dd73 dd72 dd52 d532 ccf0 b40d 82e9 4122 2060 1020 1020 0820 0840 0820 0820 1040 1040 1041 1040 0820 0820 1041 1041 1041 1061 1061 18a2 20e3 18c2 1081 1061 1061 0820 0820 0841 0821 0800 0820 0820 0820 0800 0800 0800 0800 1040 20a2 51e6 49c6 bd34 ce59 ffdf f7be ef9d ffdf ffdf ffdf ffdf ffdf ffdf ffdf ffdf ffdf ffdf ffdf ffdf ffdf ffdf ffdf ffdf ffdf ffdf ffdf ffdf ffdf ffdf ffdf ffdf ffdf ffdf ffdf ffdf ffdf ffdf ffdf ffdf ffdf ffdf ffdf ffdf ffdf ffdf ffdf ffdf ffdf ffdf ffdf ffdf ffdf ffdf ffdf ffdf ffdf ffdf ffdf ffdf ffdf ffdf ffdf ffdf ffdf ffdf f7be ffdf ffdf ffdf ffdf ffdf ffdf ffdf 
ffdf ffdf ffdf ffdf ffdf ffdf ffdf ffdf ffdf ffdf ffdf ffdf ffdf ffdf ffdf ffdf ffdf ffdf ffdf ffdf ffdf ffdf ffdf ffdf ffdf ffdf ffdf ffdf ffdf ffdf ffdf ffdf ffdf ffdf ffdf ffdf ffdf ffdf ffdf ffdf ffdf ffdf ffdf f7be ffdf ffdf ffdf ffdf ffdf ffdf ffdf ffdf ffdf ffdf ffdf ffdf ffdf ffdf ffdf ffdf ffdf ffdf ffdf ffdf ffdf ffdf ffdf ffdf ffdf ffdf ffdf ffdf ffdf ffdf f7be ffdf ffdf ffdf ffdf ffdf ffdf ffdf ffdf f7be f7df f7df ffdf ffdf ffdf ffdf ffbf ffbf ffbe ffdf ffdf ffbf f75d 3145 1861 1040 0820 1061 1040 1041 1020 0820 1020 0800 0820 0800 0800 0800 0800 0800 0800 0800 0800 0800 0820 0800 0000 0000 0000 0000 0800 1860 3902 59c5 7aa8 9b8b abed b42e bc90 c4b0 c4d1 ccf1 cd12 cd32 cd32 d532 d553 d573 d573 dd94 dd94 ddb4 ddb4 ddd5 ddb5 ddb5 e5d5 e5f6 e5f6 e5f6 e616 e616 e5f6 e617 e617 e637 ee37 ee37 ee57 ee57 ee57 ee78 ee98 ee99 f6ba f6da f6fa f71b ff5c f75c ff3c ff3c f71b f6fa f6da eeb9 ee99 ee99 ee98 ee78 ee78 ee78 ee58 ee58 e637 e637 e637 e616 e616 e5f6 e5f6 ddd5 ddb5 dd94 dd94 dd94 dd94 dd73 dd73 dd52 dd52 d511 c4af abcc 6226 4123 2081 1040 1040 0820 1040 0820 0800 0820 0800 0820 0820 0800 0800 0820 0820 0820 1061 1081 1081 18a2 2103 20e3 18c2 18a2 1061 1041 0821 0820 0820 0800 0800 0820 0820 0800 0000 0800 1040 28c2 5207 7b2c ce38 f79e f7be f79e f7bf f7bf ffdf ffdf ffdf ffdf ffdf ffdf ffdf ffdf ffdf ffdf ffdf ffdf ffdf ffdf ffdf ffdf ffdf ffdf ffdf ffdf ffdf ffdf ffdf ffdf ffdf ffdf ffdf ffdf ffdf ffdf ffdf ffdf ffdf ffdf ffdf ffdf ffdf ffdf ffdf ffdf ffdf ffdf ffdf ffdf ffdf ffdf ffdf ffdf ffdf ffdf ffdf ffdf ffdf ffdf ffdf ffdf ffdf ffdf ffdf ffdf ffdf ffdf ffdf ffdf 
ffdf ffdf ffdf ffdf ffdf ffdf ffdf ffdf ffdf ffdf ffdf ffdf ffdf ffdf ffdf ffdf ffdf ffdf ffdf ffdf ffdf ffdf ffdf ffdf ffdf ffdf ffdf ffdf ffdf ffdf ffdf ffdf ffdf ffdf ffdf ffdf ffdf ffdf ffdf ffdf ffdf ffdf ffdf ffdf ffdf ffdf ffdf ffdf ffdf ffdf ffdf ffdf ffdf ffdf ffdf ffdf ffdf ffdf ffdf ffdf ffdf ffdf ffdf ffdf ffdf ffdf ffdf ffdf ffdf ffdf ffdf ffdf ffdf ffdf ffdf ffdf ffdf ffdf ffdf f7be ffdf ffdf ffdf ffdf ffdf ffdf ffdf ffdf ffdf ffdf ffdf ffdf f7de f7de f7df ffdf d679 20a2 1861 1020 1020 1040 0820 1040 0820 0820 1041 0800 0820 0800 0820 0820 0800 0800 0800 0800 0800 0800 0820 0800 0000 0000 0000 0800 0820 1860 3902 59c5 7ac8 9bac ac0e b44f bc90 c4b0 c4d1 ccf1 cd11 cd12 d532 d553 d553 d553 d573 dd74 dd94 ddb4 dd94 ddb5 e5d5 ddb5 ddd5 e5d5 e5f6 e616 e5f6 e616 e616 e616 e636 e616 e616 ee37 ee58 ee57 ee58 f678 ee98 f699 f6b9 eeda f6fa f71b f73c f73c f75c f73b f71b f6fb f6da f6ba f6b9 ee99 ee79 ee79 ee78 ee78 ee78 ee78 e657 e637 e636 e616 e616 e5d6 e5f5 ddd5 e5d5 ddb5 dd94 dd94 dd94 dd93 dd73 dd73 d552 d511 ccf0 b42d 82e9 51a4 30e2 1860 1020 1040 1020 1020 0820 0820 0000 0820 0000 0820 0820 0820 0820 0820 0820 1041 18a2 2904 20e3 1882 18a2 1882 1061 0841 1061 1061 0841 0820 0820 0800 0800 0820 0820 0820 0820 1841 3103 a471 838e eefc ffdf f79e f79e ffdf ffdf ffdf ffdf ffdf ffdf ffdf ffdf ffdf ffdf ffdf ffdf ffdf ffdf ffdf ffdf ffdf ffdf ffdf ffdf ffdf ffdf ffdf ffdf ffdf ffdf ffdf ffdf ffdf ffdf ffdf ffdf ffdf ffdf ffdf ffdf ffdf ffdf ffdf ffdf ffdf ffdf ffdf ffdf ffdf f7be ffdf ffdf ffdf ffdf ffdf ffdf ffdf ffdf ffdf ffdf ffdf ffdf ffdf ffdf ffdf ffdf ffdf ffdf ffdf 
ffdf ffdf ffdf ffdf ffdf ffdf ffdf ffdf ffdf ffdf ffdf ffdf f7be ffdf ffdf ffdf ffdf ffdf f7be ffdf ffdf ffdf ffdf ffdf ffdf ffdf ffdf ffdf ffdf ffdf f7be ffdf ffdf ffdf ffdf ffdf ffdf ffdf ffdf ffdf ffdf ffdf ffdf ffdf ffdf ffdf ffdf ffdf ffdf ffdf ffdf ffdf ffdf ffdf ffdf ffdf ffdf ffdf ffdf ffdf ffdf f7be ffdf ffdf ffdf ffdf ffdf ffdf ffdf ffdf ffdf ffdf ffdf ffdf ffdf ffdf ffdf ffdf ffdf ffdf ffdf ffdf f7df ffdf ffdf ffdf ffdf ffdf ffdf ffdf ffdf ffdf ffdf ffdf ffdf ffde 9450 1881 1041 1020 1061 0820 1040 0820 1040 1021 1041 0820 0820 0000 0820 0820 0800 0800 0000 0000 0820 0820 0820 0800 0000 0000 0000 0800 0820 1860 3902 59e6 8309 9bac ac0e b44f bc90 c4d1 c4d1 c4d1 ccf1 cd12 cd32 d532 d553 d553 d573 dd74 dd94 dd94 dd94 dd94 ddb5 ddb5 ddd5 e5d5 e5f6 e5f6 e616 e5f6 e616 e636 e637 e637 e616 ee57 ee57 ee58 ee58 ee58 ee78 ee99 eeb9 f6da f6fb f71b ff5c ff5c f73b f73b f6fb f6fb f6fa f6da eeba eeb9 ee99 ee99 ee99 ee99 ee98 ee78 ee78 ee58 e637 e637 e616 ddf6 ddf5 e5f5 ddd5 ddd5 ddb4 dd94 dd73 dd73 d553 dd73 dd72 dd52 d511 c4b0 a3cc 6206 4123 28a1 1881 1881 1041 1020 1040 0820 0820 0000 0820 0820 0820 0820 0000 0841 0841 1082 1882 1061 18a2 2103 20e3 20e3 18a2 1041 0820 0800 0820 0820 0800 0800 0000 0820 0820 0820 0820 0820 2081 5a48 7b4c de59 f77e f79e ef5d ffde ffdf ffdf ffdf ffdf ffdf ffdf ffdf ffdf ffdf ffdf ffdf ffdf ffdf ffdf ffdf ffdf ffdf ffdf ffdf ffdf ffdf ffdf ffdf ffdf ffdf ffdf ffdf ffdf ffdf ffdf ffdf ffdf ffdf ffdf ffdf ffdf ffdf ffdf ffdf ffdf ffdf ffdf ffdf ffdf ffdf ffdf ffdf ffdf ffdf ffdf ffdf ffdf ffdf ffdf ffdf ffdf ffdf ffdf ffdf ffdf ffdf ffdf ffdf ffdf 
ffdf ffdf ffdf ffdf ffdf ffdf ffdf ffdf ffdf ffdf ffdf ffdf ffdf ffdf ffdf ffdf ffdf ffdf ffdf ffdf ffdf ffdf f7be ffdf ffdf ffdf ffdf ffdf ffdf ffdf ffdf ffdf ffdf ffdf ffdf ffdf ffdf ffdf ffdf ffdf ffdf ffdf ffdf ffdf ffdf ffdf ffdf ffdf ffdf ffdf ffdf ffdf ffdf ffdf ffdf ffdf f7be ffdf ffdf ffdf ffdf ffdf ffdf ffdf ffdf ffdf ffdf ffdf ffdf ffdf ffdf ffdf ffdf ffdf ffdf ffdf ffdf ffdf ffdf ffdf f7df ffdf f7df ffdf ffdf ffdf ffdf ffdf ffdf ffdf f7be ffdf ffbf ffbf ffbe f75d 41a6 1882 1020 1041 1040 0820 1040 1041 1040 0820 1041 0800 0800 0820 0800 0820 0800 0800 0000 0000 0820 0820 0820 0800 0000 0000 0000 0800 0800 1840 3923 6206 8b2a 9bac ac2e b46f bc90 c4d1 c4f2 ccf2 cd12 cd12 cd12 cd33 d553 d574 d573 d573 dd94 dd94 ddb4 ddb4 ddd5 e5d5 e5d5 e5f6 e5f6 e5f6 e5f6 e616 e616 ee37 ee37 e616 e637 e637 e637 ee57 ee57 ee57 ee78 ee78 ee98 f6b9 f6fa f6fb ff1b f71b f6fb f6fb eefa f6fa f6da eeba eeb9 eeb9 ee99 ee99 ee99 eeb9 ee79 ee78 ee78 e658 ee58 e637 e637 e5f6 ddf5 ddd5 ddd5 ddd5 ddb4 dd94 dd94 dd94 dd73 dd53 dd73 d553 d532 ccf1 b44e 7aa8 4964 3102 20a2 20c2 20c2 1861 0820 0820 0820 0820 0820 0820 0800 0800 0820 0820 0820 0820 1041 1061 1882 1882 20e3 2924 1881 1040 0820 0800 0800 0000 0800 0820 0820 0820 0820 0800 0820 0820 1020 28c2 49c6 b514 f75e f79f ef7e f7be ffdf ffdf ffdf ffdf ffdf ffdf ffdf ffdf ffdf ffdf ffdf ffdf ffdf ffdf ffdf ffdf f7be ffdf ffdf ffdf ffdf ffdf ffdf ffdf ffdf ffdf ffdf ffdf f7be ffdf ffdf ffdf ffdf ffdf ffdf ffbf ffdf ffdf ffdf ffdf f7be f7be ffdf ffdf ffdf ffdf ffdf ffdf ffdf ffdf ffdf ffdf ffdf ffdf ffdf ffdf ffdf ffdf ffdf ffdf ffdf f7be ffdf ffdf 
ffdf ffdf ffdf ffdf ffdf ffdf ffdf ffdf ffdf ffdf ffdf ffdf ffdf ffdf ffdf ffdf f7be ffdf ffdf ffdf ffdf ffdf ffdf ffdf ffdf ffdf ffdf ffdf ffdf ffdf ffdf ffdf ffdf ffdf ffdf ffdf ffdf ffdf ffdf ffdf ffdf ffdf ffdf ffdf f7be ffdf ffdf ffdf ffdf ffdf ffdf ffdf ffdf ffdf ffdf ffdf ffdf ffdf ffdf ffdf ffdf ffdf ffdf ffdf ffdf ffdf ffdf ffbf ffbf ffbf ffdf ffdf ffdf ffdf f7df f7df f7df ffdf f7df f7df ffdf ffdf ffdf ffdf ffdf ffdf ffdf ffdf ffdf ffdf f7be ffdf ffbf ffdf ffdf bd76 49e7 1841 1020 1841 0820 0820 0820 1041 0820 0820 1020 0820 0820 0800 0820 0820 0800 0801 0800 0000 0800 0820 0820 0000 0800 0000 0000 0800 0820 1840 3923 6a47 934b a3ad b42f bc70 bcb1 c4d1 c4f2 c4f2 cd12 cd13 cd33 cd33 d553 d573 d573 dd94 dd94 dd94 ddb5 e5b5 ddd5 e5d5 ddd5 e5f6 e5f6 e616 e5f6 e5f6 e5f6 e616 e616 e616 ee37 ee37 e637 e617 e637 e637 ee37 ee58 ee78 ee99 eeb9 eeba eeda f6da eeda eeda eeba ee99 ee78 e658 e678 e637 e657 e637 ee78 ee78 ee58 ee78 ee57 e637 e637 e5f6 e5f6 e5d6 ddd6 ddd5 ddb5 ddd5 dd94 d594 dd94 dd94 dd73 dd73 dd73 d552 d531 ccf1 bc6f 932a 51a5 3903 3103 28c2 20a2 1861 1041 0800 0800 0800 0800 0000 0820 0000 0820 0820 0800 0800 0820 0841 18c2 20e3 2904 20c3 20c2 1061 0820 0820 1061 1061 1041 0821 0800 0821 0841 0841 0820 0820 1020 1861 30e3 9c30 f75d f79e f7bf f79e ffdf ffdf ffdf ffdf ffdf ffdf ffdf f7be ffdf ffdf ffdf ffdf ffdf ffdf ffdf ffdf ffdf ffdf ffdf ffdf ffdf ffdf ffdf ffdf ffdf ffdf ffdf ffdf ffdf ffdf ffdf ffdf ffdf ffdf ffdf ffbe ffdf ffdf f7de f7be ffdf ffbf ffdf ffdf ffdf ffdf f7df f7df ffdf ffdf ffdf ffdf ffdf ffdf ffdf ffdf ffdf ffdf ffdf ffdf ffdf ffdf ffdf ffdf 
ffdf f7be ffdf ffdf ffdf ffdf ffdf ffdf f7be f7be ffdf ffdf ffdf ffdf ffdf ffdf f7de f7df ffdf ffdf ffdf ffdf ffdf ffdf f7be f7be ffdf ffdf ffbf ffbf ffdf ffdf f7be f7be ffdf ffdf ffdf ffdf ffdf ffdf ffdf ffdf ffdf ffdf ffdf ffdf ffdf ffdf f7be f7be f7be ffdf ffdf ffdf ffdf ffdf f7be f7be ffdf ffdf ffdf ffdf ffdf ffdf ffdf ffdf ffdf ffdf ffdf ffdf ffdf ffdf ffdf ffdf ffdf ffdf ffdf ffdf ffdf ffdf f7de f7de f7de ffde ffde ffbf ffdf ffdf f7de f7be ffdf ffdf ffdf ffbe f77d 9c92 2903 1040 1060 1041 0820 1041 1041 1041 0820 0800 1040 0820 0800 0820 0800 0820 0000 0020 0000 0800 0800 0800 0800 0800 0000 0000 0000 0800 0800 1020 4164 7288 936b a3ec ac6f bcb0 bcb0 c4d1 c4f2 cd32 c512 cd32 d553 d553 d553 d553 dd74 dd74 dd94 ddb4 ddb4 ddd4 ddb4 ddd5 e5d5 e616 e5f6 e616 e5f6 e5f6 e5f6 e616 ee37 e637 e636 de16 e636 e637 e637 ee37 ee37 ee37 e658 e637 e678 e678 ee79 ee99 ee78 ee78 e637 ddf6 ddf5 ddd5 ddb4 dd94 d594 d574 d574 d594 cd53 d553 d574 d553 d554 d554 d573 d573 dd94 d594 ddb4 ddd5 ddb4 dd74 d573 d573 dd73 dd73 dd53 d532 d532 ccf1 bc8e a3cb 6226 4143 28e1 28c2 20a1 1860 1020 0800 0820 0800 0820 0800 0800 0000 0000 0020 0020 0020 0820 0840 1881 1882 2903 20c3 18c2 1041 1862 20c3 1883 0841 0840 0860 0840 0840 0840 0840 0840 0841 0820 1040 20a2 3985 ef1c e71c ffdf ef3d f7bf f7df ffdf f7df ffdf ffdf ffdf ffdf f7de f7be ffdf ffdf ffbf ffbf ffdf ffdf f7be f7de ffdf ffdf ffdf f7df ffdf ffdf ffdf ffdf ffdf ffdf ffbf ffbf ffdf ffdf f7be f7be ffdf ffdf ffdf ffdf ffdf ffdf f7be ffdf ffdf ffdf ffdf ffdf ffdf ffdf ffdf ffdf ffdf ffdf ffdf ffdf ffdf ffdf f7be f7be ffdf ffdf ffdf ffdf ffdf ffdf 
ffdf ffdf ffdf ffdf ffdf ffdf ffdf ffdf ffdf ffdf ffdf ffdf ffdf ffdf ffdf ffdf ffdf ffdf ffdf ffdf ffdf ffbf ffbf ffbf ffdf ffdf ffdf ffdf ffdf ffdf ffdf ffdf ffdf ffdf ffdf ffdf ffdf ffdf ffdf ffdf ffdf ffdf ffdf ffdf ffdf ffdf ffdf ffdf ffdf ffdf ffdf ffdf ffdf ffdf ffdf ffdf ffdf ffdf ffdf ffdf ffdf ffdf ffdf ffdf ffdf ffdf ffdf ffdf ffdf ffdf ffdf ffdf ffdf ffdf ffdf ffdf ffdf ffdf ffdf ffdf ffde ffde f7be ffde ffdf ffdf ffbf ffbf ffdf f7df ffdf ffdf f7df ffbe bdb6 a4d3 1882 1040 1061 1040 0820 1041 1041 1040 0820 0820 1040 0820 0800 0820 0800 0820 0800 0800 0000 0800 0800 0820 0800 0800 0000 0000 0000 0800 0820 1840 4984 7aa8 936b 9b8c ac0e ac4f b470 bcb1 bcd1 c512 cd12 cd12 cd33 cd33 d553 d553 d574 d574 d574 dd94 ddb5 ddb5 ddb5 ddd5 e5d5 e5f6 e5f6 e5f6 e616 e5f6 e5f6 e5f6 e5f6 e5f6 e637 e616 e616 e617 e617 e637 e617 e617 e637 e637 e637 ee57 e637 ddf6 d5b4 d594 cd53 cd12 c4d1 c4b0 c4d1 c4b0 bcb0 bc6f b46f c4b0 c4b0 c4b0 bc90 bc6f bc4f c490 c490 c4b0 ccf1 cd12 cd12 d553 d573 dd73 d553 d573 d573 dd73 dd73 d553 d532 cd11 ccd0 bc4e 7aa8 4143 30e2 28a2 1881 1061 0820 0820 0820 0800 0800 0000 0800 0000 0000 0000 0020 0820 0840 0840 1061 20e3 20c3 1881 1081 18c2 20c3 1041 0820 1041 1061 0841 0841 0841 0821 0821 0841 0820 0840 1020 1860 20a2 9470 e71b f7be e73c ffdf f7be ffdf ffdf ffdf ffdf ffdf ffdf ffdf ffdf ffdf ffdf ffdf ffdf ffdf ffdf ffdf ffdf ffdf ffdf ffdf ffdf ffdf f7be ffdf ffdf ffdf ffdf ffdf ffdf ffdf ffdf ffdf ffdf ffdf ffdf ffdf ffdf f7be ffdf ffdf ffdf ffdf ffdf ffdf ffdf ffdf ffdf ffdf ffdf ffdf ffdf ffdf ffdf ffdf ffdf ffdf ffdf ffdf ffdf ffdf ffdf ffdf ffdf 
ffdf f7be ffdf ffdf ffdf ffdf ffdf ffdf ffdf ffdf ffdf ffdf ffdf ffdf ffdf ffdf ffdf ffdf ffdf ffdf f7be ffdf ffdf ffdf ffdf ffdf ffdf ffdf ffdf ffdf ffdf ffdf ffdf ffdf ffdf ffdf ffdf ffdf ffdf ffdf ffdf ffdf ffdf ffdf ffdf ffdf ffdf ffdf ffdf ffdf ffdf ffdf ffdf ffdf ffdf ffdf ffdf ffdf ffdf ffdf ffdf ffdf ffdf ffdf ffdf ffdf ffdf ffdf ffdf ffdf ffdf ffdf ffdf ffdf ffdf ffdf ffdf ffdf ffdf ffdf ffdf ffdf f7be ffdf ffdf ffdf ffdf ffdf ffdf ffdf ffdf ffdf f7df ffdf bdb7 6b0c 1061 1041 1040 1041 0820 1041 1061 1041 0820 1021 0820 0820 0800 0820 0800 0820 0800 0800 0000 0800 0820 0820 0800 0800 0000 0000 0000 0800 0820 1860 4985 6a68 82c9 82c9 8b0a 936b 9b8c 9bcd ac0e b44f bcb0 c4f1 c4f1 cd12 cd12 cd32 d533 d533 d553 dd74 dd94 dd94 dd94 ddb5 e5d5 e5d5 e5d5 e5d5 e5f5 e5f5 e5f6 ddd5 e616 e5f6 e616 ee37 e616 e616 e5f6 e616 e5f6 e5f5 ddd5 ddb5 dd94 d573 ccf1 c4f1 bc90 bc8f bc4f ac0e abed a38b a3ab a3ac abcc abed abec a38b b40d abed b40d abcc b40d b40d b3ed b3ed b40d bc4e c4b0 c4d0 ccf1 d532 d553 d573 d553 dd73 dd53 d553 d532 d511 ccf0 ccd0 936b 59c5 3923 20a1 1881 1061 0820 0800 0800 0820 0820 0800 0800 0000 0000 0820 0000 0800 0820 1041 1882 1882 20c2 20c2 18c2 1061 0820 0820 0820 0820 0821 1061 0821 0820 0841 1061 0841 0841 0840 1040 1840 2081 3965 de79 f79d f79e ffdf ffdf ffdf f7df ffdf ffdf ffdf ffdf ffdf ffdf ffdf ffdf ffdf ffdf ffdf ffdf ffdf ffdf ffdf ffdf ffdf ffdf ffdf f7be f7be ffdf ffdf ffdf ffdf ffdf ffdf ffdf ffdf ffdf ffdf ffdf ffdf ffdf ffdf ffdf ffdf ffdf ffdf ffdf ffdf ffdf ffdf ffdf f7be ffdf ffdf ffdf ffdf ffdf ffdf ffdf ffdf ffdf ffdf ffdf ffdf ffdf ffdf ffdf 
ffdf f7be ffdf ffdf ffdf ffdf ffdf ffdf ffdf ffdf ffdf ffdf ffdf ffdf ffdf ffdf ffdf ffdf ffdf ffdf ffdf ffdf ffdf ffdf ffdf ffdf ffdf ffdf ffdf ffdf ffdf ffdf f7be ffdf ffdf ffdf ffdf ffdf ffdf ffdf ffdf ffdf ffdf ffdf ffdf ffdf ffdf ffdf ffdf ffdf ffdf ffdf ffdf ffdf ffdf ffdf ffdf ffdf ffdf ffdf ffdf ffdf ffdf ffdf ffdf ffdf ffdf ffdf ffdf ffdf ffdf ffdf ffdf ffdf ffdf ffdf ffdf ffdf ffdf ffdf ffdf ffdf ffdf ffdf ffdf ffdf f7df ffdf ffdf ffdf ffdf ffdf ffdf ef3d c5f7 39a6 1061 1061 1020 1021 0820 1061 1040 0820 0820 1021 1021 0800 0800 0800 0800 0800 0800 0800 0000 0800 0800 0800 0820 0800 0000 0000 0000 0800 0800 1861 3923 4985 59e6 6a47 7267 7247 7267 7ac9 82c9 932a 934b a3cc ac2e b46f bc6f c4b0 ccf1 d512 cd12 d532 d553 dd94 d594 dd94 ddb5 ddb5 ddb5 ddb5 e5d6 e5d5 ddb5 ddd5 e5d6 e5d6 e616 e5f6 ddd5 e5f5 e5d5 ddd5 dd94 dd73 d532 ccf1 c4b0 bc6f abed abcd 9b6b a3ac a3ac 9b6b 9b4a 9b2a 9309 9b6a 9b6a 9b6a a3ac a3ab a38b a38b a3ab a38b ab8c a36b a36b a38c a36b abac b3ed bc4e c48f ccf1 d532 d532 dd53 dd73 dd53 dd53 dd52 cd11 cd11 ccf1 ac0d 6a46 4164 28e2 20a2 1881 0820 0820 0800 0800 0800 0800 0800 0800 0000 0820 0820 0820 0840 1041 1041 1861 18a2 18a2 1041 1041 0841 0820 0800 0800 0841 0820 0820 1061 0841 0820 0820 0820 0820 0820 0820 1861 28c2 838e ef3d f79e f79e ffdf f7de ffdf ffdf ffdf ffdf ffdf ffdf ffdf ffdf ffdf ffdf ffdf ffdf ffdf ffdf ffdf ffdf ffdf ffdf ffdf ffdf ffdf ffdf ffdf ffdf ffdf ffdf ffdf ffdf f7be ffdf ffdf ffdf ffdf ffdf ffdf ffdf ffdf ffdf ffdf ffdf ffdf ffdf ffdf ffdf ffdf ffdf ffdf ffdf ffdf ffdf ffdf ffdf ffdf ffdf ffdf ffdf ffdf ffdf ffdf ffdf f7be 
ffdf ffdf ffdf ffdf ffdf ffdf ffdf ffdf ffdf ffdf ffdf ffdf ffdf ffdf ffdf ffdf ffdf ffdf ffdf ffdf ffdf ffdf ffdf ffdf ffdf ffdf ffdf ffdf ffdf ffdf ffdf ffdf ffdf ffdf ffdf ffdf ffdf ffdf ffdf ffdf ffdf ffdf ffdf ffdf ffdf ffdf ffdf ffdf ffdf ffdf ffdf ffdf ffdf ffdf ffdf ffdf ffdf ffdf ffdf ffdf ffdf ffdf ffdf ffdf ffdf ffdf ffdf ffdf ffdf ffdf ffdf ffdf ffdf ffdf ffdf ffdf ffdf ffdf ffdf ffdf ffdf ffdf ffdf ffdf ffdf ffdf f7be ffdf f7be ffdf ffdf ffdf ffdf e71c 83af 18a2 1861 1861 1041 1021 1041 1041 0800 0820 0820 0820 0820 0820 0820 0000 0800 0800 0800 0800 0000 0000 0800 0800 0820 0820 0000 0000 0000 0820 0820 1840 28e2 3923 4985 4985 51c5 5a06 6226 6206 6227 6227 7288 7ac9 8b2a 932a 934a abcc ac0d bc6f c4b0 ccf1 cd32 d533 d573 dd74 dd94 dd95 ddb5 ddb5 e5d5 ddb5 ddd5 ddd5 e5d5 e5d5 e5d6 e5d6 e5f6 ddd5 ddb4 dd94 d552 ccd0 bc4f bc2e abcc 9b4a 9329 82a8 8ae9 82a8 8ac9 92e9 932a 9309 932a 9b6b a36b abac ac0d b42e bc4f bc4f bc6f bc2e b42e bc6f bc4f bc2e bc2e b40e bc2e bc4f c4b0 ccf1 d532 d553 dd73 dd53 dd53 dd73 d532 d511 cd11 ccf1 bc6f 82c8 4984 3103 20a2 1861 0840 0820 0800 0800 0800 0820 0820 0820 0820 0000 0820 0841 0820 1041 1041 1041 1041 1041 0820 0800 0800 0820 0000 0841 0820 0820 0820 0820 0800 0820 0820 0820 0820 0820 0820 1020 2081 5207 ce18 f79e e73c ffdf ffdf ffdf ffdf f7be ffdf ffdf ffdf ffdf ffdf ffdf ffdf ffdf f7df f7df ffdf ffdf ffdf ffdf ffdf ffdf ffdf ffdf ffdf ffdf ffdf ffdf ffdf ffdf ffdf ffdf ffdf ffdf ffdf ffdf ffdf ffdf ffdf ffdf f7be ffdf ffdf ffdf ffdf ffdf ffdf ffdf ffdf ffdf ffdf ffdf ffdf ffdf ffdf ffdf ffdf ffdf ffdf ffdf ffdf ffdf ffdf ffdf 
ffdf ffdf ffdf ffdf ffdf ffdf ffdf ffdf ffdf ffdf ffdf ffdf ffdf ffdf ffdf ffdf ffdf ffdf ffdf ffdf ffdf ffdf ffdf f7be ffdf ffdf ffdf ffdf ffdf ffdf ffdf ffdf ffdf ffdf ffdf ffdf ffdf f7be ffdf ffdf ffdf ffdf ffdf ffdf ffdf ffdf ffdf ffdf ffdf ffdf ffdf ffdf ffdf ffdf ffdf ffdf ffdf ffdf ffdf ffdf ffdf ffdf ffdf ffdf ffdf ffdf ffdf ffdf ffdf ffdf ffdf ffdf ffdf ffdf ffdf ffdf ffdf ffdf ffdf ffdf f7bf ffdf ffdf ffdf ffde f7de ffdf ffdf ffdf ffdf ffdf ffdf f7bf debb 41c7 2082 1041 1020 1041 1020 1061 0800 0820 0800 0820 0820 0820 0820 0800 0800 0800 0000 0820 0800 0000 0000 0800 0820 0820 0800 0000 0000 0000 0820 1020 1040 28a1 3103 3923 4964 51c5 51a5 59c5 59c5 59e6 51c5 59e6 6206 6a47 7247 7a87 82a8 8b09 9b4a a3cc bc4f ccd1 ccf2 d512 dd73 d553 dd74 dd94 dd94 ddb4 ddb5 ddb5 ddd5 ddd5 ddd5 e5d6 e5d6 ddb5 e5d5 dd94 d532 ccd0 bc4e abcc a38b 8ae9 8ae8 82c8 82c8 82a8 8ac8 930a a36b abed b42e b42e c46f c490 c490 ccf1 ccf1 d512 d512 d512 d532 d532 d532 d552 d532 d553 d532 ccf1 cd12 cd12 cd32 d532 d553 dd53 dd73 dd52 dd72 d532 d512 d511 cd11 c4af 934a 51c5 3943 20c2 1861 1040 0820 0820 0800 0800 0800 0800 0800 0820 0820 0820 0800 1020 1021 1021 1021 0820 0800 0800 0800 0820 0820 0841 0820 0841 0820 0000 0820 0800 0820 0820 0820 0820 0820 0820 0820 2081 28c3 8bcf e6db f77d ffdf ffdf ffdf f7be ffdf ffdf f7be ffdf ffdf ffdf ffdf f7df f7df ffdf ffdf ffdf ffdf ffdf ffdf ffdf ffdf ffdf ffdf ffdf ffdf ffdf ffdf ffdf ffdf ffdf ffdf ffdf ffdf f7be ffdf ffdf ffdf ffdf ffdf ffdf f7be ffdf ffdf ffdf ffdf ffdf ffdf ffdf ffdf ffdf ffdf ffdf ffdf ffdf ffdf ffdf ffdf ffdf ffdf ffdf ffdf ffdf ffdf 
ffdf ffdf ffdf f7be ffdf ffdf ffdf ffdf ffdf ffdf ffdf ffdf ffdf ffdf ffdf ffdf ffdf ffdf ffdf f7be ffdf ffdf ffdf ffdf ffdf ffbe ffbf ffdf ffdf ffdf ffdf ffdf ffdf ffdf ffdf ffdf ffdf ffdf ffdf ffdf ffdf ffdf ffdf ffdf ffdf ffdf ffdf ffdf ffdf ffdf ffdf ffdf ffdf ffdf ffdf ffdf ffdf ffdf ffdf ffdf ffdf ffdf ffdf ffdf ffdf ffdf ffdf ffdf ffdf ffdf ffdf ffdf ffdf ffdf ffdf ffdf ffdf ffdf ffdf ffdf ffdf ffdf ffdf ffdf ffde ffde ffdf ffdf ffdf f7bf ffbe ffdf ef9e c638 20a2 1881 1861 1040 1881 1040 1040 0800 0820 0800 0820 1021 1021 0821 0800 0800 0800 0800 0800 0800 0000 0800 0800 0800 0820 0800 0000 0000 0800 1020 1020 1861 28a2 30e2 4143 51a5 59e5 6a26 6a47 6206 59e5 59c5 59c5 59c5 6206 61e5 61e5 61e5 6a26 7287 8ae9 934a abcd c46f c4b0 ccf1 d532 d553 d573 d573 dd94 ddb5 ddb5 ddb5 ddd5 ddd5 ddd5 e5d5 ddb5 dd94 d553 ccd1 c48f b3ed a38b 9b4a 8b09 8ae8 8ae9 932a abac b3ed c46f c490 ccf1 cd12 d512 d512 d532 d512 d532 d553 d553 d553 dd53 dd73 dd52 dd53 dd52 d532 dd53 dd53 d553 dd73 d573 d532 d553 dd73 dd53 dd73 dd73 dd53 d553 d532 cd11 cd11 c4d0 9b8b 5a06 3923 28c2 1861 1040 1020 1020 1020 1020 0800 1020 1020 0800 1020 1020 1861 1020 1041 1020 1020 0820 0800 0800 0800 0000 0820 0840 0820 0800 1041 0800 0800 0820 0820 0820 0820 0820 0820 0821 1020 1840 28a2 5a28 bd76 f77d ffdf ffdf ffdf f7de f7df f7df ffdf ffdf ffdf ffdf ffdf f7be ffdf ffdf ffdf ffdf ffdf ffdf ffdf ffdf ffdf ffdf ffdf ffdf ffdf f7be f7be ffdf ffdf ffdf ffdf ffdf ffdf f7be ffdf ffdf ffdf ffdf ffdf ffdf f7be ffdf ffdf ffdf ffdf ffdf ffdf ffdf ffdf ffdf ffdf ffdf ffdf ffdf ffdf ffdf ffdf ffdf ffdf ffdf ffdf ffdf ffdf 
ffdf ffdf f7be ffdf ffdf ffdf ffdf f7be ffdf ffdf ffdf ffdf ffdf ffdf ffdf ffdf ffdf ffbf ffbe ffbf ffdf ffdf ffdf ffdf ffdf ffdf ffdf ffdf f7df ffdf f7df f7df ffdf ffdf ffdf ffdf ffdf ffdf ffdf ffdf ffdf ffdf ffdf ffdf ffdf ffdf ffdf ffdf ffdf ffdf ffdf ffdf ffdf ffdf ffdf ffdf ffdf ffdf ffdf ffdf ffdf ffdf f7be f7be ffdf ffdf ffdf ffdf ffdf ffdf ffdf ffdf ffdf ffdf ffdf ffdf ffdf ffdf f7be ffdf ffdf ffdf ffbf ffbf ffde ffbe ffdf ffdf ffdf ffdf f7de f7df f79e 8c30 20a2 1840 18a2 1861 1861 1040 1040 0820 0800 0800 0820 0841 0820 0800 0820 0820 0820 0800 0800 0801 0800 0000 0800 0800 0820 0820 0000 0000 0800 1020 1020 2081 3923 4985 6a26 7247 7247 7a67 7a87 7a87 7267 7226 7226 61e6 59a5 5984 5184 59a5 59e4 6205 6a26 7a67 8ae9 a3ac b40e c490 ccf1 cd12 cd52 d573 d574 dd94 ddb5 ddb5 ddd5 ddb5 e5d5 ddb5 ddb5 dd74 d533 ccf1 b42d a3ab a38b 9b6a a38b abcc bc2e bc6e c48f ccd0 ccf1 d533 d553 dd74 dd94 dd94 ddd5 ddb4 ddb5 dd74 dd73 dd53 dd53 dd52 d552 d532 d512 dd32 dd33 d512 d532 d553 dd73 d532 e594 e594 e594 dd73 dd73 dd73 d552 d532 d532 d512 ccd0 abed 6227 4164 28c2 1040 1040 0820 0820 0800 1020 1020 1020 1020 1000 1020 1841 1841 1861 1861 1020 1020 1041 0820 0800 0820 0820 0840 0800 0820 0820 0821 0820 0820 0800 0821 0820 0820 0840 0820 0820 0820 1020 20a2 3944 bd75 dedb f7be ffdf ffdf ffdf ffdf f7df ffdf ffdf ffdf ffdf ffdf f7df ffdf ffdf ffdf ffdf ffdf ffbf ffbf ffdf ffdf ffdf ffdf ffdf ffdf ffdf ffdf f7de f7df ffdf ffdf ffdf ffdf ffdf ffdf ffdf ffdf ffdf ffdf ffdf ffdf ffdf ffdf ffdf ffdf ffdf ffdf ffdf ffdf ffdf ffdf ffdf ffdf ffdf ffdf ffdf ffdf ffdf ffdf ffdf ffdf f7be f7be 
f7de f7de ffdf ffdf ffdf ffdf ffdf ffdf ffdf ffdf ffdf ffdf ffdf ffdf ffdf ffdf ffdf ffdf ffdf ffdf ffdf ffdf ffdf ffdf f7be f7be ffdf ffdf ffdf ffdf ffdf ffdf f7be ffdf ffdf ffdf ffdf ffdf ffdf ffdf f7be ffdf ffdf ffdf ffdf ffdf ffdf ffdf f7de f7df f7df f7df ffdf ffdf ffdf ffdf f7be ffdf ffdf ffdf ffbf ffdf ffdf ffbf f7be f7be f7df ffdf ffdf ffdf ffdf ffdf ffdf ffdf ffdf ffdf ffbf ffbf ffbf ffdf f7de f7de f7de ffde ffdf ffdf ffdf ffdf f7de f7de f7df f79e f77e 5249 2904 1040 62a9 1040 1040 1040 0820 1040 0820 0820 0000 0840 0820 0800 0800 0800 0820 0800 0000 0000 0020 0000 0800 0800 0820 0820 0000 0000 0000 1020 1820 28a2 4964 6206 7287 8308 8b29 a3ab abec abed ac0d ac0d a3ac 934a 8ae9 7a67 6a06 61c5 61e5 61e5 59c4 6204 7a86 8b09 a38b b40d bc6f c4b0 c4f1 cd12 d553 dd74 dd95 ddb5 ddb6 ddd6 ddb5 d5b4 d594 d593 d552 ccd1 b42e b3ed b3ec b3ed bc2e c46f cc90 ccb1 ccf1 d511 cd31 d552 d593 d593 ddb4 ddd5 e5f5 ddd5 ddd5 ddd5 ddb4 dd73 dd53 d532 d532 d4f1 ccf0 ccf0 ccf1 ccf1 d512 d532 d553 dd73 dd73 dd94 e594 dd73 dd73 dd53 dd53 d552 cd31 cd10 c4cf ac0d 6a47 4964 3103 1861 1020 0800 0820 1020 1861 2061 1840 1820 1020 1840 1060 20a1 28c2 2081 2081 1841 0800 0820 0820 0800 0820 0820 0800 0820 0020 0000 1061 0020 0000 0820 0841 0820 0800 0800 0820 1021 1020 20a2 3924 7b4d d679 ef5c f7de ffde ffde ffde ffdf ffdf ffbe ffbf ffdf ffdf ffdf ffdf ffdf ffdf ffdf f7be ffdf ffdf ffdf f7be ffdf ffdf f7be f7be ffdf ffdf ffdf ffdf ffdf ffdf f7be ffdf ffdf ffdf ffdf ffdf ffdf ffdf f7be ffdf ffdf ffdf ffdf ffdf ffdf ffdf ffdf f7be ffdf ffdf ffdf ffdf ffdf ffdf ffdf ffdf ffdf ffdf ffdf ffdf ffdf ffdf 
ffdf ffdf ffdf ffdf ffdf ffdf ffdf ffdf ffdf ffdf ffdf ffdf ffdf ffdf ffdf ffdf ffdf ffdf ffdf ffdf ffdf ffdf ffdf ffdf ffdf ffdf ffdf ffdf ffdf ffdf ffdf ffdf ffdf ffdf ffdf ffdf ffdf ffdf ffdf ffdf ffdf ffdf ffdf ffdf ffdf ffdf ffdf ffdf ffdf ffdf ffdf f7be ffdf ffdf ffdf ffdf ffdf ffdf ffdf ffdf ffdf ffdf ffdf ffdf ffdf ffdf ffdf ffdf ffdf ffdf ffdf ffdf ffdf ffdf ffdf ffdf ffdf ffdf ffdf f7df ffdf ffdf ffdf ffdf ffdf ffdf ffdf ffdf f7df ffdf f7df f7be deba 5228 3965 5248 5248 1861 1020 1041 0820 0820 0820 0820 0820 1061 0820 0800 0800 0800 0800 0800 0000 0800 0000 0800 0820 0820 0820 0800 0000 0000 0000 1020 1040 30c2 4944 59c5 7246 8ae8 9b6a abec b42d bc6e c4af c4af c48f c48f bc6e b40d 9b6b 82c8 7246 7226 6a05 7226 7245 8287 9309 a38b abed bc6f c4b0 ccf1 d532 d553 d574 dd95 ddb5 e5d5 ddd5 ddb5 ddb4 d594 d553 c4d1 c48f c46e c48f c48f c4b0 c4af ccd0 ccd0 ccf1 cd11 cd11 d511 d532 d552 e5d4 ddd4 e5d5 ddd4 e5b5 dd94 dd73 dd53 dd52 d512 ccf0 ccd0 ccd0 ccd0 ccb0 ccd0 d4f1 d532 d532 dd53 dd94 dd94 e5b4 dd93 dd93 dd73 d552 d532 d532 ccf1 ccd0 b40e 7267 51a5 28c2 2081 1020 0800 1040 1840 1860 1860 2061 2061 1860 1820 2081 28a1 3102 3103 20a2 1020 1020 1041 1061 0800 0000 0820 0820 0000 0820 0820 0820 0841 0820 0820 0020 0840 0820 0820 0820 1061 1020 1861 28a2 730c ce18 ce59 ffbe f7be ffdf ffdf ffdf ffdf ffbf ffbf ffdf ffdf ffdf ffdf ffde ffde ffdf ffdf ffdf ffdf ffdf ffdf ffdf ffdf ffdf ffdf ffdf ffdf ffdf ffdf f7be f7be ffdf ffdf ffdf ffdf ffdf f7be ffdf ffdf ffdf ffdf ffdf ffdf ffdf ffdf ffdf ffdf ffdf ffdf ffdf ffdf ffdf ffdf ffdf ffdf ffdf ffdf ffdf ffdf ffdf ffdf ffdf ffdf 
ffdf ffbf ffdf ffdf ffdf ffdf ffdf ffdf ffdf ffdf ffdf ffdf ffdf ffdf f7df f7de ffdf ffdf ffdf ffdf ffdf ffdf ffdf ffdf ffdf ffdf ffdf ffdf ffdf ffdf ffdf ffdf ffdf ffdf ffdf ffdf ffdf ffdf ffdf ffdf ffdf ffdf ffdf ffdf ffdf ffdf ffdf ffdf ffdf ffdf ffdf f7be f7be ffdf ffdf ffdf ffdf ffdf f7be ffdf ffdf ffdf f7df ffdf ffdf ffdf ffdf ffdf ffdf ffdf ffdf ffdf ffdf ffdf ffdf ffdf ffdf ffdf ffdf ffdf ffdf ffdf ffdf ffdf ffdf ffdf ffdf ffdf f7df ffdf f7df f79e ce38 41a6 3124 acf3 62aa 1041 0820 1041 0820 0820 1040 0820 1041 1041 0820 0800 0800 0800 0820 0800 0000 0800 0800 0800 0800 0820 0800 0800 0800 0000 0000 0820 1840 28a2 4123 51a4 6a06 7a87 9309 a38b abec b42d bc6e bc8f c4cf c4d0 ccf0 cd11 cd11 bc8f a3ab 92e9 8aa8 82a7 8aa8 8ac8 8ae8 9b4a abab b3ed bc4e c4d0 cd12 d553 dd94 ddb5 ddd5 e5f6 ddf6 ddd6 ddb5 dd74 d532 ccf1 ccd0 ccd0 ccb0 ccb0 ccd0 ccd0 ccd0 ccf0 c4d0 ccd0 ccd0 ccd0 ccf0 d532 d572 ddb4 e5f5 ddb4 d593 dd94 d553 d532 d532 d511 ccd0 ccb0 ccd0 ccb0 ccb0 ccb0 d4f1 d512 d511 dd52 dd94 dd94 e5b4 ddb4 dd93 dd73 dd72 d532 d511 cd11 ccd0 b42e 7288 4984 3102 1860 1861 1040 1020 1840 2061 2081 1840 2041 2081 28c2 28a1 30c2 4144 51a5 30c2 1000 1020 1041 1061 0820 0800 0820 0800 0820 0820 0820 0800 1061 0820 0841 0820 0841 0800 1021 0820 1861 1041 1040 2081 732c acf3 de9a f77d ffdf ffdf ffdf f7be ffdf ffdf ffdf ffdf ffdf ffde ffde ffde f7de ffdf ffdf ffdf ffdf ffdf ffdf ffdf ffdf ffdf ffdf ffdf f7be ffdf ffdf ffdf ffdf ffdf ffdf ffdf ffdf ffdf ffdf ffdf ffdf ffdf ffdf ffdf ffdf ffdf ffdf ffdf ffdf ffdf ffdf ffdf ffdf ffdf ffdf ffdf ffdf ffdf ffdf ffdf ffdf ffdf ffdf ffdf ffdf 
ffdf ffdf ffdf ffdf ffdf ffdf ffdf ffdf ffdf ffdf ffdf ffdf ffdf ffdf ffdf ffdf ffdf ffdf ffdf ffdf ffdf ffdf ffdf ffdf ffdf ffdf ffdf ffdf ffdf ffdf ffdf ffdf ffdf ffdf ffdf ffdf ffdf ffdf ffdf ffdf ffdf ffdf ffdf ffdf ffdf ffdf ffdf ffdf ffdf ffdf ffdf ffdf ffdf ffdf ffdf ffdf ffdf ffdf ffdf ffdf ffdf ffdf ffdf ffdf ffdf ffdf ffdf ffdf ffdf ffdf ffdf ffdf ffdf ffdf ffdf ffdf ffdf ffdf ffdf ffdf ffdf ffdf ffdf f7df ffdf ffdf ffdf ffdf f7bf ffdf f7df f77e ce18 3145 6b0b a4b2 1861 1041 1040 0820 1040 0820 1040 0800 1041 1020 0800 0800 0800 0800 0820 0820 0800 0800 0800 0800 0800 0800 0800 0800 0800 0800 0800 1020 1840 28a1 3902 4943 59a4 7246 8ac8 9b4a a3ab abcc abec abec abcc b3ed b40d ccd0 dd52 dd73 d531 bc4e abac 9b4a 9309 92c8 9309 9b29 a36b abcc b42e c48f ccf2 d553 ddb5 ddb5 e5f6 e617 e637 e616 e5d5 dd94 dd73 d512 d511 ccd0 ccd0 ccb0 ccd0 ccb0 c4af bc6e bc4e c44e b3ec a36b 9b4a a36b b3ed abcc b3ed bc0e b40d c48f c48f ccaf ccd0 d4f0 ccd0 ccaf ccaf ccaf ccaf ccaf d4f0 d4f1 d531 d532 dd73 e5b4 e5d4 e5b4 ddb3 dd93 dd73 d532 d512 d511 c4b0 bc6f 82e9 4984 3923 28c2 1860 1040 1040 1840 1861 2061 2061 2061 2060 28a1 30c2 51a5 59a5 59e5 4123 1820 1020 1041 20a3 1021 0800 0820 0820 0800 0820 0820 0800 1021 0841 0820 0820 0820 0821 0821 1041 1020 1861 1040 2061 3924 8bce de59 deba ffdf ffdf ffdf ffdf ffdf ffdf ffdf ffdf ffdf ffdf ffdf f7df f7df ffdf ffdf ffdf ffdf ffdf ffdf ffdf ffdf ffdf ffdf ffdf f7be ffdf ffdf ffdf ffdf ffdf ffdf ffdf ffdf ffdf ffdf ffdf ffdf ffdf ffdf f7be ffdf ffdf ffdf ffdf ffdf ffdf ffdf ffdf ffdf ffdf ffdf ffdf ffdf ffdf ffdf ffdf ffdf ffdf ffdf ffdf ffdf 
ffdf ffdf ffdf ffdf ffdf ffdf ffdf ffdf ffdf ffdf ffdf ffdf ffdf ffdf ffdf ffdf ffdf ffdf ffdf f7be ffdf ffdf ffdf f7be ffdf ffdf ffdf ffdf ffdf ffdf ffdf ffdf ffdf ffdf ffdf ffdf ffdf ffdf ffdf ffdf ffdf ffdf ffdf ffdf ffdf ffdf ffdf ffdf ffdf ffdf ffdf ffdf ffdf ffdf ffdf ffdf ffdf ffdf ffdf ffdf ffdf ffdf ffdf ffdf ffdf ffdf ffdf ffdf ffdf ffdf f7be ffdf ffdf ffdf ffdf ffdf ffdf ffdf ffdf ffdf ffbf ffbf ffdf ffdf ffdf ffbf ffdf ffdf f7be ffdf f7bf e71c d679 2924 9471 4a07 1041 1861 1020 1020 0820 1041 0820 0800 1041 0820 0800 0800 0820 0820 0820 0800 0800 0800 0800 0800 0820 0800 0800 0820 0820 0800 0800 1020 1840 28a2 30e2 3902 5184 6a05 7a67 8ac8 7a67 7206 7226 7a26 8aa7 8ac7 8266 9b29 9b6a bc4e dd72 dd72 ccb0 b3ec ab8b a34a 9b2a 9b2a 9b4a a36b abec bc6f ccf1 cd33 ddb5 ddd5 e616 e637 ee58 e617 e5f6 ddb5 dd94 d533 d4f1 ccd0 ccb0 ccb0 c48f c48f bc4e b40d 9329 8aa8 7a47 7226 8288 7227 82c9 9b6c 8aea 930a 7a67 7205 8287 92e8 bc2d c44e c48f c46e cc8f cc8f cc8f ccaf ccd0 d4f0 d531 dd52 dd93 e5d4 e5d4 e5b4 ddb3 dd73 dd73 d532 d512 ccf1 ccb0 bc6f 82e9 51a5 3902 28c2 20a1 1861 1860 1840 1860 1840 2081 2040 2861 38c1 5184 61e5 6a06 82e9 59e6 2060 1840 1861 18a2 18a2 0800 0820 0820 0820 0820 0841 0820 0821 1882 0820 0820 0820 0820 0820 1041 1040 1882 1881 1860 30e3 836d bd34 ef1c f79e f7df ffdf ffdf ffbe ffdf ffdf f7df ffdf ffde ffde ffdf ffdf ffdf ffdf ffdf ffdf ffdf ffdf ffdf ffdf ffdf ffdf ffdf ffdf ffdf ffdf ffdf ffdf ffdf ffdf ffdf ffdf f7be ffdf ffdf ffdf ffdf ffdf ffdf ffdf ffdf ffdf ffdf ffdf ffdf ffdf ffdf ffdf ffdf ffdf ffdf ffdf ffdf ffdf ffdf ffdf ffdf ffdf ffdf ffdf 
ffdf ffdf ffdf ffdf ffdf ffdf ffdf ffdf ffdf ffdf ffdf ffdf ffdf ffdf ffdf ffdf ffdf ffdf ffdf ffdf ffdf ffdf ffdf ffdf ffdf ffdf ffdf ffdf ffdf ffdf ffdf ffdf ffdf ffdf ffdf ffdf ffdf ffdf ffdf ffdf ffdf ffdf ffdf ffdf ffdf ffdf ffdf ffdf ffdf f7df ffdf ffdf ffdf ffdf ffdf ffdf ffdf ffdf ffdf ffdf ffdf ffdf ffdf ffdf f7de ffdf ffdf ffdf ffdf ffdf ffdf ffdf ffdf ffdf ffdf ffdf ffdf ffdf ffdf ffdf ffde ffde ffbf ffbf ffdf ffdf ffdf ffdf ffbf ffbf ffdf ef5d ad34 3124 41e7 18a2 1881 1040 0820 1061 1021 0800 0800 1041 1021 0800 0820 0820 0820 0820 0000 0800 0000 0800 0800 0800 0800 0820 0820 0820 0820 0800 0800 1020 1861 30c2 3102 38e2 4123 59c5 59a4 5143 5164 59a5 51a4 4964 4143 4122 38e1 5183 7287 a3cc abed ccd0 dd32 ccb0 b40d abac a38b a36b a36b a36b a3ac bc4f ccf1 d553 ddb5 e616 e637 ee58 ee58 e637 e616 e5d5 ddb4 d553 ccf1 ccb0 c48f c46e bc4e bc2d abec 8ae8 61e5 4923 3902 2861 2061 1820 1861 1861 1861 2081 30e2 4143 4123 59c5 7226 8a88 abcc b3ed c44e c44e cc8f cc8f ccaf d4f1 d531 dd73 e5b4 e5d4 e5f5 e5d5 e5b4 dd93 dd73 d532 d512 ccf1 c4b0 bc6f 8b2a 59e6 3923 30e3 28a2 28a2 28a1 2081 2081 2040 28a1 30a1 30a1 4923 5963 7226 a38b abcd 7aa8 2880 1820 1881 18a2 2903 0820 0820 0841 0820 0820 0820 0821 0820 1061 1041 0820 0820 0820 0820 1040 1020 1061 1881 1860 28a1 51e7 b4f4 eefc e73d ffdf ffdf ffdf ffdf ffdf ffdf ffdf f7df ffdf ffdf ffdf ffdf ffdf ffdf ffdf ffdf ffdf ffdf ffdf ffdf ffdf ffdf f7be ffdf ffdf ffdf ffdf ffdf ffdf ffdf ffdf ffdf ffdf ffdf ffdf ffdf ffdf ffdf ffdf ffdf ffdf ffdf ffdf ffdf f7be ffdf f7be ffdf ffdf ffdf ffdf ffdf ffdf ffdf ffdf ffdf ffdf ffdf ffdf ffdf 
ffdf ffdf ffdf ffdf ffdf ffdf ffdf ffdf ffdf ffdf ffdf ffdf ffdf ffdf ffdf ffdf ffdf ffdf ffdf ffdf ffdf ffdf ffdf ffdf ffdf ffdf ffdf ffdf ffdf ffdf ffdf ffdf ffdf ffdf ffdf ffdf ffdf ffdf ffdf ffdf ffdf ffdf ffdf ffdf ffdf ffdf ffdf ffdf ffdf ffdf ffdf ffdf ffdf ffdf ffdf ffdf ffdf ffdf ffdf ffdf ffdf ffdf ffdf ffdf f7df f7df ffdf ffdf ffdf ffdf ffdf ffdf ffdf ffdf ffdf ffdf ffdf ffdf ffdf ffdf ffde ffde ffde ffde ffdf ffdf ffdf ffdf ffdf ffde ffdf f77d 9471 3145 20a2 1040 1041 1061 1061 1061 0820 0800 0820 1041 0820 0820 1041 0821 0800 0800 0000 0820 0000 0000 0800 0800 0800 0820 1020 0800 1020 0800 0800 1861 2081 28c2 30e2 30c2 3923 3902 4123 30c2 2881 2060 1840 1820 0820 0820 0000 0800 1020 2881 7267 ac0e c48f ccb0 c46f abcc a36b ab8b a38b a38b a3ac b42e c4d1 d574 ddd5 e637 ee78 ee98 ee78 ee58 e616 ddd5 dd94 dd73 d532 ccd0 cc8f c44e b40c abcb 8287 5163 28a1 28a1 1861 0800 0800 0000 9cf4 4a49 0800 1020 1040 1861 1840 2881 30a1 5164 69a5 92c8 b3cc bc0d c44d cc6e ccaf d4f0 dd52 dd93 e5d4 edf5 e5f5 e5f5 ddb4 dd93 dd72 d532 d511 ccf1 ccd0 bc4e 932a 59c5 4143 30e3 2081 30c2 30c2 30c2 3903 30c2 40e3 5164 4943 5984 7226 9309 bc4f c490 934b 30a1 1820 1861 20a2 2924 1061 0820 0841 0840 0820 0820 1041 0820 1041 1882 0820 0820 0820 1041 1020 1041 1040 2082 1840 2061 4165 acd3 d65a ef3d f7bf ffdf ffdf f7bf ffdf ffdf ffdf ffdf ffdf ffdf ffdf ffdf ffdf ffdf ffdf ffdf ffdf ffdf ffdf ffdf ffdf ffdf ffdf ffdf ffdf ffdf ffdf ffdf ffdf ffdf ffdf ffdf ffdf ffdf ffdf ffdf ffdf ffdf ffdf ffdf ffdf ffdf ffdf ffdf ffdf ffdf ffdf ffdf ffdf ffdf ffdf ffdf ffdf ffdf ffdf ffdf ffdf ffdf ffdf ffdf 
ffdf ffdf ffdf ffdf f7be ffdf ffdf ffdf ffdf ffdf ffdf ffdf ffdf ffdf f7df f7df ffdf ffdf ffdf ffdf ffdf ffdf ffdf ffdf ffdf ffdf ffdf ffdf ffdf ffdf f7be f7be ffdf ffdf ffdf ffdf ffdf f7be ffdf ffdf ffdf ffdf ffdf ffdf ffdf ffdf ffdf ffdf ffdf ffdf ffdf ffdf ffdf ffdf ffdf ffdf ffdf ffdf ffdf ffdf ffdf ffdf f7df f7df ffdf ffdf ffdf ffbf ffdf ffdf ffdf ffdf ffdf ffdf ffdf ffdf ffdf ffdf ffdf ffdf ffdf ffdf ffdf ffdf ffdf ffdf ffdf f7df ffdf ffde ffde ffdf b575 41c7 20c2 1861 20a2 1861 1041 0820 0840 0820 1061 0841 1061 1062 0841 0821 0820 0820 0800 0820 0800 0800 0800 0800 0800 0821 1020 1020 1020 0820 0800 1861 28c1 30e2 3102 30e2 30c1 30e2 2081 1000 0800 0800 1020 28e3 2924 0820 0000 0020 0000 9451 4a28 2881 7aa9 bc4f cc90 c46f ab8b a38b a36a a36b a3ac b40d c4b0 d573 e5f5 e637 ee98 ee98 ee98 ee57 e5f6 e5d5 dd94 dd93 d531 ccd0 c46e bc2d ab8b 8ac8 5163 30a1 5227 732c 20a2 1021 0800 0800 1062 0821 0820 1020 2903 6acb 6289 28c2 1840 2881 38c1 5143 71e5 9ae9 b38b c42d d4d0 d511 dd52 e593 e5d5 ee15 e5f5 e5f5 ddb4 dd93 dd72 d531 d511 ccf1 ccb0 bc6f 934b 61e6 4143 30e2 30c2 3923 4123 4943 5184 59a5 61c5 7a68 69a5 71e6 8a88 abac c48f c4b1 a3ac 38c1 1020 1861 1881 2904 1882 0820 0820 1041 0800 0820 0821 1041 0820 1041 0821 0820 0820 1020 1020 1861 1041 2082 1040 2081 28a2 7b2d de7b ef1d f79f ffdf f7bf f7df ffdf ffdf ffde f7de ffdf ffdf f7de ffde ffdf ffdf ffdf ffdf ffdf ffdf ffdf ffdf ffdf ffdf ffdf ffdf f7be ffdf ffdf ffdf ffdf ffdf ffdf ffdf ffdf ffdf ffdf f7be ffdf ffdf ffdf ffdf ffdf ffdf ffdf f7be ffdf ffff ffdf ffdf ffdf ffdf ffdf ffdf ffdf ffdf ffdf ffdf ffdf ffdf ffdf ffdf 
f7de f7be ffdf ffdf f7df f7df ffdf ffdf f7be f7be ffdf ffdf ffdf ffdf ffdf ffdf f7be f7be f7df ffdf ffdf ffdf ffdf ffdf ffdf ffdf ffdf ffdf ffdf ffdf ffdf ffdf f7be ffdf ffdf ffdf ffdf ffdf ffdf ffdf f7be ffdf ffdf ffdf ffdf ffdf ffdf ffdf f7be f7be ffdf ffdf ffdf ffdf ffdf ffdf f7be ffdf ffdf ffdf ffdf ffdf ffdf ffdf f7be ffdf ffdf ffdf ffdf ffdf ffdf ffdf f7be f7be ffdf ffdf ffdf ffdf ffdf ffdf f7de f7de ffde ffdf ffde ffdf ffdf ffdf f7be f7be ffde ffde ffbe 83ce 3124 20c2 20c2 1060 1061 1041 1882 1882 1041 0800 0000 0000 0000 0000 0800 0800 0000 0820 0000 0000 0820 0000 0000 0800 1020 1020 0800 0800 0800 1860 30e2 3902 4123 30e2 28c1 1860 0820 0820 1020 2082 49c7 6aeb 5a69 0800 0820 0800 0000 18a3 1041 1020 1000 6226 c4f0 ccd0 bc2d a38b a38b a38b a36a abcc c4b0 d553 e5f6 ee58 f699 f6b9 ee98 e636 ddf5 e5f5 ddd4 ddb4 dd73 ccd0 c44e b3ec 9b4a 61a4 5164 72a9 a470 acd2 3944 1020 1020 1020 1020 1020 1861 1041 5208 a491 a42f 7268 7a48 92ea 92c9 92c9 92c8 a36a bc2d ccaf d511 dd73 e5b4 edd5 e5d4 e5f5 e5f5 e5d4 e5b4 dd73 dd53 dd52 cd11 c4f0 c4cf bc6e 8b2a 6a47 4144 30e2 28a1 4943 59e5 61c5 69e5 7a47 8ac9 a36b 92e9 8aa7 a36a bc4e ccf1 d532 ac2e 38e2 1000 1861 1881 28e3 1882 1021 0800 1021 0000 0020 0840 1061 0820 1021 1041 0820 1020 0800 1040 1881 1041 1861 1040 2081 2080 3143 deb9 ce38 ef5d ffdf ffdf ffdf f7be ffdf ffde ffdf ffdf ffdf ffdf ffdf f7be f7be ffdf ffdf ffdf ffdf ffdf ffdf f7be f7be ffdf ffdf ffdf ffdf ffdf ffdf ffdf f7be ffdf ffdf ffdf ffdf ffdf ffdf f7be ffdf ffdf ffdf ffdf ffdf ffdf ffdf f7be f7be ffdf ffdf ffdf ffdf ffdf ffdf f7be f7be ffdf ffdf ffdf ffdf ffdf ffdf 
ffdf ffdf ffdf ffdf ffdf ffdf ffdf ffdf ffdf ffdf ffdf ffdf ffdf ffdf ffdf ffdf ffbe ffbe ffdf ffdf ffdf ffdf ffdf ffdf ffdf ffdf ffdf ffdf ffdf ffdf ffdf ffdf ffdf ffdf ffdf ffdf ffdf ffdf ffdf ffdf ffdf ffdf ffdf ffdf ffdf ffdf ffdf ffdf ffdf ffdf ffdf ffdf ffdf ffdf ffdf ffdf ffdf ffdf ffdf ffdf ffdf ffdf ffdf ffdf ffdf ffdf ffdf ffdf ffdf ffdf ffdf ffdf f7be ffdf ffdf ffdf ffdf ffdf ffdf ffdf ffde ffde f7de ffde ffdf ffdf ffdf ffdf ffdf f7be ffdf ffdf ffdf 9c91 3165 20c2 3124 28e3 20a2 1861 1061 0820 0800 0800 0000 0000 0000 0000 0820 0000 0000 0820 0820 0820 0820 0000 0000 0820 1020 1020 1020 0820 1000 2081 3103 4144 4143 38e2 2061 1020 1020 1040 1840 41a5 7b4c 8bef 7b4d 1861 1020 1020 0800 0800 0820 1020 1020 30c2 8b0a dd52 d511 b40d abcc abcc a38b abcc bc90 dd94 e616 ee78 f6d9 f6fa ee99 e657 e5f6 e5f5 e5d5 e5d5 e5b4 d511 c46e bc2d 8287 69e5 830a a42f bd13 bd34 7b2c 2061 2040 2061 28a2 2081 1861 2081 a470 c513 b46f b3ed a34a ab2a bbcc cc4e cc6f c48f ccb0 dd32 e593 e5b4 e5d4 edf5 ee15 e5f5 e5f5 e5d4 e5b4 dd93 dd52 d552 d511 ccd0 c4af bc4e 8b2a 6a26 4984 30e2 3902 5184 7267 7226 7205 8aa8 9b4b b3ee bc2e ab6b abac cc8f d512 d553 ac2f 3903 1000 1041 1881 20c2 20e3 1061 0800 0820 0841 0800 0840 1061 0820 0800 1882 0800 1040 1020 1061 1861 1061 1861 1861 1860 2081 28e2 9c71 d618 e6fb ffbf ffdf ffdf ffdf ffdf ffdf ffdf ffdf ffdf ffdf ffbe ffdf ffdf ffdf ffdf ffdf ffdf ffdf ffdf ffdf f7be f7be ffdf f7be ffdf ffdf ffdf ffdf ffdf ffdf ffdf ffdf ffdf ffdf ffdf ffdf ffdf ffdf ffdf ffdf ffdf ffdf ffdf f7be ffdf ffdf ffdf ffdf ffdf ffdf ffdf ffdf ffdf ffdf ffdf ffdf ffdf ffdf ffdf 
ffdf ffdf ffdf ffdf ffdf ffdf ffdf ffdf f7be ffdf ffdf ffdf ffdf ffdf ffdf ffdf ffbf ffbe ffdf ffdf ffdf ffdf ffdf ffdf ffdf ffdf ffdf ffdf ffdf ffdf ffdf ffdf ffdf ffdf ffdf ffdf ffdf ffdf ffdf ffdf ffdf ffdf ffdf ffdf ffdf ffdf ffdf f7be ffdf ffdf ffdf ffdf ffdf ffdf ffdf ffdf ffdf ffdf ffdf ffdf ffdf ffdf ffdf ffdf ffdf ffdf ffdf ffdf ffdf ffdf ffdf ffdf ffdf f7be ffdf ffdf ffdf ffdf ffdf ffdf ffdf ffdf ffdf ffdf ffdf ffdf ffde ffde ffdf ffdf ffdf ffdf ffde ad34 3145 5228 b514 5a69 39a6 1041 1041 1021 0820 0820 0000 0820 0820 0820 0800 0800 0000 0800 0840 0820 0820 0000 0800 0820 0800 1020 1020 1020 0800 2061 3944 4985 4964 4103 30c2 2881 1840 2881 51c5 5a07 7b4c 940f 9410 3965 1020 1020 1040 1861 1841 1841 3944 9c30 4923 b44f edd4 c48f bc2d abcc abcc abcc c4b0 dd74 e5f6 ee78 f6da f6fa f6b9 ee57 e616 e5f5 e5f6 ee16 ee16 dd73 ccb0 c44e b3cd a34b a38c b44f c533 c574 b513 6aaa 2081 30c2 3923 3103 30c2 8b8d c513 c4d1 ccb0 bc0e bbed b36b bbec dcf1 e552 dd73 dd93 e5b4 e5d4 edf5 e615 ee35 ee15 e5f5 e5d5 e5b4 e5b4 e5b4 dd52 d532 ccf1 ccb0 c48f bc4e 82e9 6206 51a5 38e2 4963 59a4 7aa7 8267 8287 930a c490 dd53 ccb0 bbee bc2e ccd1 dd73 ddb5 ac0e 4123 0800 1061 18a1 1881 2924 1882 0820 0800 1041 0800 1040 1040 0841 0820 18a2 0820 0820 1040 1881 1861 1861 1061 1040 1861 2081 28a2 5a28 c575 ce18 ffbe ffdf ffdf f7df f7df ffdf ffdf ffdf ffdf ffdf ffdf ffdf ffdf ffdf ffdf ffdf ffdf ffdf ffdf ffdf f7be ffdf ffdf ffdf ffdf ffdf ffdf ffdf ffdf ffdf ffdf ffdf ffdf ffdf ffdf ffdf ffdf ffdf ffdf ffdf ffdf ffdf ffdf ffdf ffdf ffdf ffdf ffdf ffdf ffdf ffdf ffdf ffdf ffdf ffdf ffdf ffdf ffdf ffdf 
ffdf ffdf ffdf ffdf ffdf ffdf ffdf ffdf ffdf ffdf ffdf ffdf ffdf ffdf ffdf ffdf ffdf ffdf ffdf ffdf ffdf ffdf ffdf ffdf ffdf ffdf ffdf ffdf ffdf ffdf ffdf ffdf ffdf ffdf ffdf ffdf ffdf ffdf ffdf ffdf ffdf ffdf ffdf ffdf ffdf ffdf ffdf ffdf ffdf ffdf ffdf ffdf ffdf ffdf ffdf ffdf ffdf ffdf ffdf ffdf ffdf ffdf ffdf ffdf ffdf ffdf ffdf ffdf ffdf ffdf ffdf ffdf ffdf ffdf ffdf ffdf ffdf ffdf ffdf ffdf ffdf ffdf ffdf ffdf ffdf ffdf ffde ffde ffdf f7be ffdf ffdf ffbf bdd7 49e7 3144 cdf7 c5b6 83ae 1861 1882 1041 0820 0820 0820 0800 0800 0800 0000 0000 0800 0820 0820 0820 0820 0820 0820 0800 0820 1020 1020 1020 1020 2061 4144 51c6 51a5 4964 3903 30c2 2881 38e2 6a67 8b6b 832b 93ce 9c70 8bce 30e3 1861 1860 28a2 1840 3903 acd2 cd74 7288 61e5 d533 d512 bc6e b40d abec abed c4b0 dd74 e616 ee78 f71b f71b ee99 ee78 e636 e616 e616 ee78 f677 ddb4 d4f1 cc8f ab6b ab4b a34a a36b b44f cd33 c553 c533 93cd 6247 5a06 7b0a b490 cd12 c4d1 cc90 bbed bbcc c42d c42d dcf1 e553 e573 e594 e5b4 ee15 ee16 ee36 ee36 ee36 ee16 edf5 edf5 e5d5 e5d4 e594 dd52 d532 ccd0 ccb0 c4af b44e 7aa8 61e5 51a5 4123 51c5 59c5 934a 9b4a a38b abed d512 dd53 c490 c44f c490 dd73 e5d4 ddb4 a3cd 4103 0800 18a2 1881 1881 2903 18a2 0820 0820 0820 0820 0820 1040 1061 0820 1882 1041 0820 1041 1881 1061 20a2 1861 1040 2081 2081 28a2 3924 b513 b534 f75d ffbf ffdf ffdf ffdf ffdf ffdf ffdf ffdf ffdf ffdf ffdf ffdf ffdf ffdf ffdf ffdf ffdf ffdf ffdf ffdf ffdf ffdf ffdf ffdf ffdf ffdf ffdf ffdf ffdf ffdf ffdf ffdf ffdf ffdf ffdf ffdf ffdf ffdf ffdf ffdf ffdf ffdf ffdf ffdf ffdf ffdf ffdf ffdf ffdf ffdf ffdf ffdf ffdf ffdf ffdf ffdf ffdf ffdf 
ffdf ffdf ffdf ffdf ffdf ffdf ffdf ffdf ffdf ffdf ffdf ffdf ffdf ffdf ffdf ffdf ffdf ffdf ffdf ffdf ffdf ffdf ffdf ffdf ffdf ffdf ffdf ffdf ffdf ffdf ffdf ffdf ffdf ffdf ffdf ffdf ffdf ffdf ffdf ffdf ffdf ffdf ffdf ffdf ffdf ffdf ffdf ffdf ffdf ffdf ffdf ffdf ffdf ffdf ffdf ffdf ffdf ffdf ffdf ffdf ffdf ffdf ffdf ffdf ffdf ffdf ffdf ffdf ffdf ffdf ffdf ffdf ffdf ffdf f7be ffdf ffdf ffdf ffdf ffdf f7df f7df ffdf ffdf ffdf ffdf ffde ffde ffdf ffdf ffdf ffdf ffde c5d7 9c71 49e7 de79 d659 a4d3 3104 18a2 1861 0800 0820 0820 0820 0821 0821 0820 0000 0820 0000 0820 0000 0000 0800 0800 0800 0820 1041 1020 1000 1020 2061 4144 59e6 5a06 59e5 4964 4123 38e3 4103 59a5 8b0a a3cd a3ee ac4f ac50 9c0e 6248 4144 4964 6a47 a3ce ac0e abcd 9b2a 9309 d511 d532 c48f b42e b40d b40e ccd1 dd94 e616 ee98 f6fa f6fb ee99 e657 ee57 ee37 e637 f698 f698 e5d5 d532 e573 ccaf bc0d b3ab a309 ab6b b3ed b3ed b3cc c490 abcd ccb0 ccd1 c470 b3ad cc6f c42f c40e c42e cc6e d4d0 dd11 e553 e594 e5d5 ee16 ee57 ee57 ee57 ee36 ee36 ee36 ee15 e5f5 e5d4 e5d4 e593 d552 d531 ccf0 ccd0 c48f ac0d 7a88 59e5 59c5 51a4 59c5 61e5 932a a36b b3cc c42e cc90 c470 c44f c46f dd33 e5b4 e615 d573 9bad 38c2 1000 1061 1881 1881 20e3 20c2 0820 0820 0820 1041 0820 0820 18a2 0820 1061 1061 0820 1041 1861 1041 1881 1861 1040 1860 28a2 5a07 3924 5a28 bd34 e6db ffdf ffdf ffdf ffdf ffdf ffdf ffdf ffdf ffdf ffdf ffdf ffdf ffdf ffdf ffdf ffdf ffdf ffdf ffdf ffdf ffdf ffdf ffdf ffdf ffdf ffdf ffdf ffdf ffdf ffdf ffdf ffdf ffdf ffdf ffdf ffdf ffdf ffdf ffdf ffdf ffdf ffdf ffdf ffdf ffdf ffdf ffdf ffdf ffdf ffdf ffdf ffdf ffdf ffdf ffdf ffdf ffdf ffdf 
ffdf ffdf ffdf ffdf ffdf ffdf ffdf ffdf ffdf f7be ffdf ffdf ffdf ffdf ffdf ffdf ffdf ffdf ffdf ffdf ffdf ffdf ffdf ffdf ffdf ffdf ffdf ffdf ffdf ffdf ffdf ffbf ffdf ffdf ffdf ffdf ffdf ffdf ffdf ffdf f7be ffdf ffdf ffdf ffdf ffdf ffdf ffdf ffdf ffdf ffdf ffdf ffdf ffdf ffdf ffdf ffdf ffdf ffdf ffdf ffdf ffdf ffdf ffdf ffdf ffdf ffdf ffdf ffdf ffdf ffdf ffdf ffdf ffdf ffdf ffdf ffdf ffdf ffdf ffdf f7de ffdf ffdf ffdf ffdf ffdf ffde ffde ffbf ffdf ffdf ffdf ffde c5d7 b534 9430 d679 debb b534 5228 4a08 1041 0820 0800 0800 0800 0800 0800 0000 0000 0000 0000 0000 0000 0820 0800 0800 0800 0800 0820 1040 0800 1020 2060 3923 59e5 6226 6226 59c5 51a5 5184 4923 5984 61c5 69c5 8288 9b4a 9b4a 9b4a 9b4a 9b4a 9b4a a36b bc0d cc8f cc6f bc0d bc0d d512 d511 c4af bc4e b42e b42e ccd1 ddb5 ee36 ee78 f6da f6da ee98 ee57 e637 ee57 e657 ee78 f6b9 ee57 d553 dd53 dd31 c44e b38b ab4a bbcc bbcc bbac bbac c40e bbcd cc6f cc6f c40e cc2e cc4f cc6f d4b0 d4b0 d4d0 d4f1 e573 dd94 e5d5 e5f5 ee37 ee57 f698 ee98 ee77 ee37 ee36 ee16 e5f5 e5d5 e5d4 e593 dd52 d532 ccd0 ccb0 c48f a3cc 6a47 61e5 59a5 61e5 6206 7a88 8ac8 92c8 b3cc bc2e bc4f c44f d4d1 e574 e5d5 ee16 e5d5 cd12 9bad 2861 0800 1041 1881 18a1 2903 20c3 0820 0820 0000 1061 0820 0820 1061 1041 1061 1882 0820 1041 1040 1040 1882 1861 1840 1861 3985 28c2 72ea 3903 93ef de59 ffbe ffdf ffde ffde ffdf ffdf ffdf ffdf ffdf ffdf ffdf ffdf ffdf ffdf ffdf ffdf ffdf ffdf ffdf ffdf ffdf ffdf f7be ffdf ffdf ffdf ffdf ffdf ffdf ffdf ffdf ffdf ffdf ffdf f7be ffdf ffdf ffdf ffdf ffdf ffdf ffdf ffdf ffdf ffdf ffdf ffdf ffdf ffdf ffdf ffdf ffdf ffdf ffdf ffdf ffdf ffdf ffdf 
ffdf ffdf ffdf ffdf ffdf ffdf ffdf ffdf ffdf ffdf ffdf ffdf ffdf ffdf ffdf f7be ffdf ffdf ffdf ffdf ffdf ffdf ffdf ffdf ffdf ffdf ffdf ffdf ffdf ffdf ffdf ffdf ffdf ffdf ffdf ffdf ffdf ffdf ffdf ffdf f7be ffdf ffdf ffdf ffdf ffdf ffdf ffdf ffdf ffdf f7be f7be ffdf ffdf ffdf ffdf ffdf ffdf ffdf ffdf ffdf ffdf ffdf ffdf ffdf ffdf ffdf ffdf ffdf ffdf ffdf ffdf ffdf ffdf ffdf ffdf ffdf ffdf ffdf ffdf f7df ffdf ffdf ffdf ffdf ffdf ffdf ffdf ffbe ffbe ffdf ffbf ffde d679 9c92 b555 ce38 ef3d a4d2 3945 3964 1881 0820 0820 0821 0820 0820 0800 0000 0820 0800 0000 0000 0000 0000 0000 0000 0800 0800 0800 1020 0800 1020 2061 3923 59e6 6a47 7287 7288 7267 6206 5184 59a4 59a4 6a05 8287 8aa7 8246 9ac8 a308 a309 b38b ab8b ab8b bc0d b3cc bc2d c48f dd52 d512 c4b0 bc4e b40d b42e ccd1 dd95 ee37 ee99 fefb fefb ee78 ee57 ee57 ee37 e637 ee78 fefa f6d9 ddd5 dd73 d532 ccb0 c42e bbed bbed bbed bc0d bc0d c40d c40e c46e cc8f cc8f ccaf d4d0 d4d0 ccb0 d4d1 dd32 dd53 e594 e5d5 ee37 ee57 ee98 f6b9 f6b9 f6b9 ee98 ee78 ee57 ee16 e615 e5f5 e5d4 dd93 dd53 d511 ccd0 c48f bc6e a3ac 6a46 6206 5163 7287 82c8 7a67 8287 abac c48f ccf1 ccf1 d553 e5d5 ee37 e5f5 e5d5 d532 bc90 72c9 1020 0800 0820 1861 1861 28e3 3165 0841 0820 0800 0841 1041 0820 1081 1041 1061 1882 1041 1041 1061 1041 1861 1861 1861 1841 28a2 6269 acb1 5a07 4144 bd34 ef5c ffdf ffdf ffdf ffdf ffdf ffbf ffdf ffdf ffdf ffdf ffdf ffdf ffdf ffdf ffdf ffdf ffdf ffdf ffdf ffdf ffdf ffdf ffdf ffdf ffdf ffdf ffdf ffdf ffdf ffdf ffdf ffdf ffdf ffdf ffdf ffdf ffdf ffdf ffdf ffdf ffdf ffdf ffdf ffdf ffdf ffdf ffdf ffdf ffdf ffdf ffdf ffdf ffdf ffdf ffdf ffdf ffdf 
ffbf ffdf ffdf ffdf ffbf ffbf f7be ffdf ffff ffdf f7df f7df f7de f7de f7df f7be ffdf ffdf ffdf ffdf ffdf ffdf ffdf ffdf ffdf ffdf ffdf ffdf ffdf ffdf f7df f7df ffdf ffdf ffdf ffdf ffdf ffdf ffdf ffdf ffdf ffdf ffdf ffdf ffdf ffdf ffdf ffdf ffdf ffdf ffdf ffdf ffdf ffdf ffdf ffdf ffdf ffdf ffdf ffdf ffdf ffdf ffdf ffdf ffdf ffdf ffdf ffdf ffdf ffdf ffdf ffdf ffdf ffdf ffdf ffdf ffdf ffdf ffdf f7be ffdf ffdf ffdf ffbf ffdf ffdf ffdf ffdf ffdf ffdf ffdf ffdf ffdf debb c5b6 de9a d67a e6bb 9410 28a2 7b4c 1841 1061 0820 0820 0000 0000 0000 0000 0000 0000 0000 0000 0000 0000 0000 0000 0000 0800 0800 1041 1000 1000 1840 3923 51c5 6a67 7ac8 8b0a 8ae9 7a88 7226 61c5 69e5 7a47 8287 8aa8 92e9 9b09 a34a ab6a b3ab b3ac b38c b3ed bc0e c44e ccd0 dd52 d532 c4d0 bc4e b42e bc2f ccf2 ddb5 ee37 ee98 f6fa f6da ee78 ee37 e637 ee37 ee37 ee78 f6d9 fefa ee77 ddb5 dd94 d532 ccb0 c44f bbed bbed bbed c40e cc4f cc4f cc6f cc8f cc8f d4d0 d4d0 d4d0 dd32 dd53 dd73 e5b5 ee16 ee37 f678 f699 f6b9 f6da f6fa f6da eeb9 ee98 ee98 ee36 ee16 e5d5 e5b4 dd93 d552 d511 ccb0 c48f bc4e 9b8b 6a46 59e5 5183 8b09 934a 82a7 9b4a c48f dd73 d532 c4d0 cd12 e5d5 e5d5 d553 ccf1 c4b0 c4b0 5a06 1020 0800 0800 1881 1841 20c2 39a6 0841 0820 0820 0821 1061 1021 18a2 1061 0800 18a2 1861 1020 1061 1040 1861 1061 1881 1020 2061 4985 a450 b4b2 49a5 8bce f75c ffdf ffdf ffdf ffdf ffdf ffdf ffdf f7df ffdf ffff ffdf ffdf ffdf ffdf ffdf ffdf ffdf ffdf ffdf ffdf ffdf ffdf ffdf ffdf ffdf ffdf ffdf ffdf ffdf ffdf ffdf ffdf ffdf ffdf ffdf ffdf ffdf ffdf ffdf ffdf ffdf ffdf ffdf ffdf ffdf ffdf ffdf ffdf ffdf ffdf ffdf ffdf ffdf ffdf ffdf ffdf ffdf 
f7be f7df ffdf ffdf ffdf ffdf ffdf ffdf ffdf f7be ffdf ffdf ffdf ffdf ffdf ffdf f7de ffdf ffdf f7df ffdf ffdf ffdf ffdf ffdf f7be ffdf ffdf ffbe ffbe ffdf ffdf f7be f7be ffdf ffdf ffdf ffdf ffdf ffdf f7be f7be ffdf ffdf ffdf ffdf ffdf ffdf ffdf ffdf ffdf ffdf ffdf ffdf ffdf ffdf f7be f7be ffdf ffdf ffdf ffdf ffdf ffff ffdf ffdf ffdf ffdf ffdf ffdf ffdf ffdf ffdf ffdf ffdf ffdf ffdf ffdf ffdf ffdf f7de f7de ffde ffde ffdf ffdf ffdf ffdf f7bf ffdf ffdf ffdf ffdf e71c d69a ef3d d69b ef3c 9471 3985 a4b1 1881 1040 0820 0800 0000 0000 0000 0000 0000 0000 0000 0000 0000 0000 0020 0000 0000 0820 0800 0800 0800 1000 1861 3903 51a5 7288 8b2a 9b6a 9b6a 934a 82c8 7a67 7a47 8247 8a88 92c8 9b2a ab4b ab6b ab6b ab6c b38c b3ed bc4e c48f ccd0 ccf1 d511 d511 ccd0 bc4e b3ed bc4f d532 dd95 ee37 f679 feda f6ba e657 e657 e636 e636 ee57 ee78 f6d9 ff3b f6da e617 ddb4 dd73 dd53 dd12 d4d1 cc90 c44e c44e c46e cc8f ccb0 d4b0 d4f1 dd12 dd32 dd53 e594 e5b4 edf5 ee17 ee57 f6b9 eeb8 eeb9 f6fa f71a f71b f71a f6fa f6b9 ee77 e616 e615 e5d5 ddb4 dd73 dd52 ccf1 c4af bc6e b42d 936a 6a26 5184 7247 934b a3ac c48f ccf1 dd93 dd73 ccf1 cc90 d4f1 ccf1 c4d0 c4f1 d532 cd53 8b6c 1861 0820 0800 0800 20c2 1861 20c2 3145 18a2 1041 0000 0000 1061 0820 1081 1881 0820 1882 1040 0800 1061 1020 1041 1020 1861 1020 1860 5247 734b d637 a470 5a48 de79 ffdf f7be f7bf ffdf ffdf ffdf ffdf ffdf ffbf f7de f7de ffdf ffdf ffdf ffdf ffdf ffdf ffdf f7be ffdf ffdf f7be ffdf ffdf ffdf f7be f7be f7be ffdf ffdf ffdf ffdf ffdf f7be f7be ffdf ffdf ffdf ffdf ffdf ffdf f7be f7df ffdf ffdf ffdf ffdf ffdf ffdf ffdf f7be ffdf ffdf ffbf ffdf ffdf ffdf 
ffdf ffdf ffdf ffdf ffdf ffdf ffdf ffdf ffdf ffdf ffdf ffdf ffdf ffdf ffdf ffdf ffdf ffdf ffdf ffdf ffdf ffdf ffdf ffdf ffdf ffdf ffdf ffdf f7be ffdf ffdf ffdf ffdf ffdf ffdf ffdf ffdf ffdf ffdf ffdf ffdf ffdf ffdf ffdf ffdf ffdf ffdf ffdf ffdf ffdf ffdf ffdf ffdf ffdf ffdf ffdf ffdf ffdf ffdf ffdf f7be ffdf ffdf ffdf ffdf ffdf ffdf ffdf ffdf ffdf ffdf ffdf ffdf ffdf ffdf ffdf ffdf ffdf ffdf ffdf ffdf ffdf ffdf ffdf ffdf ffdf ffdf ffdf f7be ffdf ffde ffdf ffdf ef7d e71c e73d debb de9a 9c71 62aa 8bcf 1061 1040 20c3 0800 0000 0000 0000 0000 0000 0000 0000 0000 0000 0000 0000 0000 0000 0800 0800 0800 0800 0800 1820 30e2 4964 7aa8 934b a3cc a3cc a3ac 9b6b 9b4a 9b4a 9309 9b09 9b2a a34a ab8b abac bbed bc0e c46f ccb0 ccd1 d4f2 cd11 d512 d511 ccf1 c48f bc2e b40d bc6f d532 ddb5 e637 ee78 f6da ee99 e657 e637 e636 ee37 ee57 ee58 ee98 f6da ff1b f6d9 ee36 e5d5 dd74 dd74 e573 dd33 d512 d4f2 d4f1 d512 d533 dd53 dd73 e594 e5d5 e5d5 edf6 e5f6 ee37 ee58 f699 f6b9 f71a f71a f73b f71b f73b f73b f6fa f6b9 ee77 ee36 e5f5 e5d5 e5b4 dd73 d532 ccd0 c48f bc4e abec 934a 61e5 5163 82e9 a3ac c4f0 dd52 e5d4 d552 d512 c4d1 d553 d553 d574 e5d5 e5f5 d594 8b8d 2061 1041 0820 0800 0800 20a2 1841 20a2 28e3 20c2 1041 0820 0800 0820 0820 1040 1882 1041 1881 1041 1020 1061 0820 1061 1020 1861 1040 1840 5a68 8bce cdd6 c575 62aa 9c71 ff9e ffdf ffdf ffdf ffdf ffdf f7be ffdf ffdf ffdf ffdf ffdf ffdf ffdf ffdf ffdf ffdf ffdf ffdf ffdf f7be ffdf ffdf ffdf ffdf ffdf ffdf ffdf ffdf ffdf ffdf ffdf ffdf ffdf ffdf ffdf ffdf ffdf ffdf ffdf ffdf ffdf ffdf ffdf ffdf ffdf ffdf ffdf ffdf ffdf ffdf ffdf f7be ffdf ffdf ffdf ffdf 
ffdf ffdf ffdf ffdf ffdf ffdf ffdf ffdf ffdf ffdf ffdf ffdf ffdf ffdf ffdf f7df ffdf ffdf ffdf ffdf ffdf ffdf ffdf ffdf ffdf ffdf ffdf ffdf ffdf ffdf ffdf ffdf ffdf ffdf ffdf ffdf ffdf ffdf ffdf ffdf ffdf ffdf ffdf ffdf ffdf ffdf ffdf ffdf ffdf ffdf ffdf ffdf ffdf ffdf ffdf ffdf ffdf ffdf ffdf ffdf ffdf ffdf ffdf ffdf ffdf ffdf ffdf ffdf ffdf ffdf ffdf ffdf ffdf ffdf ffdf ffdf ffdf ffdf ffdf ffdf ffdf ffdf ffdf ffdf ffdf ffdf ffdf ffdf ffdf ffdf ffdf ffdf ffdf ef3d e73d ef7e e73d ef1c 6acb 5a28 8bef 1020 0820 18a2 0800 0000 0000 0000 0800 0000 0000 0000 0000 0000 0000 0000 0000 0000 0000 0800 0800 0820 0800 1000 28a2 4964 7aa8 9b6b abcd b40d abed ac0d b40d b40d b40d b40e bc4e c46f c4b0 ccd1 d4f1 d4f2 d512 d532 d512 d532 d532 d532 d511 ccf1 c46f b42d b40d bc6f d532 e5d5 e637 ee78 f6d9 f6b9 e657 ee37 ee37 ee37 ee57 ee58 ee78 f6b9 ff3b f6fa ee78 e616 e5f5 ddb4 e5b5 e595 e5b5 dd74 dd94 dd94 ddb5 e5d5 e616 ee16 e617 ee37 ee37 ee78 ee78 ee98 f6d9 f6fa f71a f71b ff5c ff3b f73b f71a f6d9 ee98 ee57 e616 e5f5 e5d4 dd94 dd53 d511 ccb0 c46f b40d abcc 8b09 5984 6206 934b bc6f d552 dd93 dd53 ccf1 c4b0 d533 ddb5 e5f6 e616 e616 d594 8b8d 2081 1041 1021 0821 0800 0800 1861 1861 1881 20c3 20e3 1061 0820 0820 0820 1041 0800 20c3 1041 1061 1041 1020 1882 0820 1041 1020 1881 1040 1861 3924 7b0c b4f3 cdd6 acd3 5a6a f75d ffbe ffdf ffbf ffdf ffdf ffdf ffdf ffdf ffbf ffbf ffdf ffdf ffdf ffdf ffdf ffdf ffdf ffdf ffdf ffdf ffdf ffdf f7df f7df ffdf ffdf ffdf ffdf ffdf ffdf ffdf ffdf ffdf ffdf ffdf ffdf ffdf ffdf ffdf ffdf ffdf ffdf ffdf ffdf ffdf ffdf ffdf ffdf ffdf ffdf ffdf ffdf ffdf ffdf ffdf ffdf 
ffdf ffdf f7be ffdf ffdf ffdf ffdf ffdf ffdf ffdf ffdf ffdf ffdf ffdf ffdf ffdf ffdf ffdf ffdf ffdf ffdf ffdf ffdf ffdf ffdf ffdf ffdf ffdf f7be ffdf ffdf f7be ffdf ffdf ffdf ffdf ffdf ffdf ffdf ffdf ffdf ffdf ffdf ffdf ffdf ffdf ffdf ffdf f7be ffdf ffdf ffdf ffdf ffdf ffdf ffdf ffdf f7be ffdf ffdf ffdf ffdf ffdf ffdf ffdf ffdf ffdf ffdf ffdf ffdf ffdf ffdf ffdf ffdf ffdf ffdf ffdf ffdf ffdf ffdf ffdf ffbf ffdf ffdf f7df ffdf ffdf ffdf ffdf ffdf ffdf ffdf ffdf e73d ef7e ef7e ef3d de9a 6aaa 836d b513 1020 0820 3165 0800 0800 0800 0800 0000 0000 0000 0000 0000 0000 0000 0000 0000 0000 0000 0800 0000 0800 0800 0800 1841 51a6 7247 a38c b42e bc4f bc4e bc4e c48f c46f c490 ccb0 ccd1 ccf1 d512 d532 d553 d553 dd53 d553 dd53 dd53 d552 d532 d511 ccd0 bc4e b40d b40d bc8f d532 e5d6 e637 ee99 f6da f6ba e657 e637 ee37 ee37 ee57 ee57 ee57 f6b9 f6da f71b f6da f698 e637 e5f6 ddd5 e5d6 e5f6 e5d6 e5d5 e5d6 e5f6 e5f6 e616 ee37 ee58 ee58 ee58 ee78 ee99 f6b9 f6da f6fa f73b ff5c f75c ff5c ff3b f71a f6d9 ee98 ee57 e616 e5d5 e5b4 dd93 dd52 ccf0 c48f bc4e b3ed a38b 82c8 61e5 7a88 a3cd c4d1 dd93 ddb4 dd94 d554 dd94 ddb5 ddb5 e616 e5f5 d554 72a9 28a1 1061 1040 1041 1020 0820 0800 1861 1841 2081 28e3 3124 1041 0840 0820 0820 1040 0820 20a2 1040 1041 1041 1041 1061 0820 1020 1020 1861 1040 1840 3103 730b d5f7 c5d7 cdf7 83ae de59 ffde ffdf ffdf ffdf ffdf ffdf ffdf ffdf ffdf ffdf ffdf ffdf ffdf ffdf ffdf ffdf ffdf f7be ffdf ffdf ffdf ffdf ffdf ffdf ffdf f7be ffdf ffdf ffdf ffdf ffdf ffdf ffdf ffdf ffdf ffdf ffdf ffdf ffdf ffdf f7df f7df ffdf ffdf ffdf ffdf ffdf ffdf ffdf ffdf ffdf ffdf ffdf ffdf ffdf ffbf 
ffdf ffdf ffdf ffdf ffdf f7be ffdf ffdf ffdf ffdf ffdf ffdf ffdf ffdf ffdf ffdf ffdf ffdf ffdf ffdf ffdf ffdf ffdf ffdf ffdf ffdf ffdf ffdf ffdf ffdf ffdf ffdf ffdf ffdf ffdf ffdf ffdf ffdf ffdf ffdf ffdf ffdf ffdf ffdf ffdf ffdf ffdf ffdf f7be ffdf ffdf ffdf ffdf ffdf ffdf ffdf ffdf ffdf ffdf ffdf ffdf ffdf ffdf ffdf ffdf ffdf ffdf ffdf ffdf ffdf ffdf ffdf ffdf ffdf ffdf ffdf ffdf ffdf ffdf ffdf ffdf ffbf ffde ffde ffde ffde ffde ffde ffde ffde ffdf ffdf f7df ef5d ef7e ef7e ef1d ce18 49c6 c595 acf3 0800 1020 41c6 0820 0820 0820 0800 0000 0000 0000 0000 0000 0000 0000 0000 0000 0000 0000 0000 0000 1040 0820 0800 1861 4984 7288 936b b42e bc4f c48f c48f c4b0 c490 c4b0 ccd1 ccf1 d532 d532 d533 d553 dd73 d574 dd74 dd73 dd74 dd73 d532 ccf1 c4b0 b42d abed b40d c48f d553 e5d5 e617 ee99 ff1a f6da ee58 e5f7 e616 e5f6 ee16 ee57 ee57 ee98 f6fa ff1b f6fa f699 ee78 e637 e636 e5f6 e5f6 e5d5 e5f6 e5d5 e5f6 e616 e616 ee37 ee57 ee78 ee78 f698 f6b9 f6d9 f6fa f71a ff3b ff5c f75c ff5c f73b f6fa f6b9 ee78 e636 e616 e5d5 e594 dd72 d532 ccd0 c48e bc2d b3ec a38b 8ac8 7246 8b09 b42e d532 ddb4 e5f6 e5f6 ddb5 ddd5 ddd5 e5d5 ddd5 c512 51c6 1860 20c2 1060 1020 1040 0820 0820 0820 1040 1861 1882 20e3 20c3 1882 0820 0820 0800 0820 1061 18a2 1061 1040 1061 1041 1041 1040 1020 1020 1861 1020 2040 30c2 49a5 de79 ce18 d679 83ae a4d2 ffde ffdf ffdf ffdf f7be ffdf f7df ffdf ffdf ffdf ffdf ffdf ffdf ffdf ffdf ffdf ffdf ffdf ffdf ffdf ffdf ffdf ffdf ffdf ffdf f7be ffdf ffdf ffdf ffdf ffdf ffdf ffdf ffdf ffdf ffdf ffdf ffdf ffdf ffdf ffdf ffdf ffdf ffdf ffdf ffdf ffdf ffdf ffdf ffdf ffdf ffdf ffdf ffdf f7df ffdf 
ffdf ffdf ffdf ffdf ffdf ffdf ffdf ffdf ffdf ffdf ffdf ffdf ffdf ffdf ffbf ffdf ffdf ffdf ffdf ffdf ffdf ffdf ffdf ffdf ffdf ffdf ffdf ffdf ffdf f7be ffdf ffdf ffdf ffdf ffdf ffdf ffdf ffdf ffdf ffdf ffdf ffdf ffdf ffdf ffdf ffdf ffdf f7be ffdf ffdf ffdf ffdf ffdf ffdf ffdf ffdf ffdf ffdf ffdf ffdf f7be ffdf ffdf ffdf ffdf ffdf ffdf ffdf ffdf ffdf ffdf ffdf ffdf ffdf ffdf ffdf ffdf ffdf ffdf ffdf ffdf ffdf ffdf ffdf ffdf ffdf ffdf ffdf ffde ffde ffdf ffdf ffdf ef7e f77e f77e ef3d ce18 6acb e699 8bef 1041 1040 5a69 0820 0800 0800 0800 0000 0000 0000 0000 0000 0000 0000 0000 0000 0000 0000 0800 0800 0820 0800 0800 2081 30e2 7267 8b09 ac0d bc6f c4b0 c4b0 ccf1 ccd0 ccd1 ccf1 cd12 cd12 d532 d553 d553 dd73 dd94 dd73 dd94 dd74 dd53 d512 ccf1 c46f b3ed abac b3ed bc6f d553 e5d5 e616 ee98 f6fa f6b9 ee58 ee37 edf6 edf6 e5f6 ee36 ee57 ee78 f6b9 f6da f6ba f6b9 ee99 ee58 e637 e637 e616 e616 e616 e5f6 e5f6 e617 e637 ee58 ee58 ee78 f699 f6b9 f6b9 f6b9 f6fa f71b ff3b f73b f75c f75c f71b f6da ee98 ee37 e616 e5f5 ddb4 dd93 dd52 d511 c4cf bc6e b3ec abcc 9b6a 82a8 7a67 9bac bc6f d573 e5f5 e616 e616 ddd5 ddb5 dd94 d553 bcd1 3924 1861 20e2 20e3 1061 0820 0820 1020 0820 0820 1061 1861 1861 2903 28e3 20c3 1040 0820 0800 0820 1861 18a2 1882 1041 1061 1061 1020 1020 1020 1020 1861 1820 2060 3103 4185 cdf7 de79 f75d c5d6 a4d2 ffde ffde ffdf ffdf ffdf ffdf ffdf ffdf ffdf ffdf ffdf ffdf ffdf ffdf ffdf ffdf ffdf ffdf ffdf ffdf ffdf ffdf ffdf ffbf ffdf ffdf ffdf ffdf ffdf ffdf ffdf ffdf ffdf ffdf ffdf ffdf ffdf ffdf ffdf ffdf ffdf ffdf ffdf ffdf ffdf ffdf ffdf ffdf ffdf ffdf ffdf ffdf ffdf ffdf ffdf ffdf 
ffdf ffdf ffdf ffdf ffdf ffdf ffdf ffdf ffdf ffdf ffdf ffdf ffdf ffdf ffdf ffdf ffdf ffdf ffdf ffdf ffdf ffdf ffdf ffdf ffdf ffdf ffdf ffdf ffdf ffdf ffdf f7be ffdf ffdf ffdf ffdf ffdf ffdf ffdf ffdf ffdf ffdf ffdf ffdf ffdf ffdf ffdf ffdf ffdf ffdf ffdf ffdf ffdf ffdf ffdf ffdf ffdf ffdf ffdf ffdf f7be ffdf ffdf ffdf ffdf ffdf ffdf ffdf ffdf ffdf ffdf ffdf ffdf ffdf ffdf ffdf ffdf ffdf ffdf ffdf f7df f7df ffdf ffdf ffdf ffdf ffdf ffdf ffdf ffdf ffdf ffdf ffdf ef7e f77e f77e ef3c ad34 628a eeba 8bef 1861 28e3 62aa 0820 0820 0820 0800 0820 0800 0800 0800 0000 0820 0000 0000 0000 0000 0000 0000 0800 0800 0800 0800 2061 38e3 6205 82e9 abed bc4f c4d0 cd11 ccf1 d512 d532 d532 cd32 d532 d553 d553 dd73 dd94 ddb4 dd94 dd94 dd74 dd73 d532 ccf1 bc4e abcc abac b3ed c46f d553 ddb5 e617 f699 ff1a f6b9 ee78 ee37 e5f6 edf6 e5f6 e5f6 ee16 ee37 ee78 f6b9 f6da f6b9 ee98 ee98 ee78 ee37 ee57 ee37 ee17 e617 e617 ee17 ee37 ee58 f678 f699 f699 f6b9 f6b9 f6fa f6fa f73b ff5c ff5c f75c f73c f71b f6b9 ee78 ee57 e5f6 e5d5 dd94 dd53 d552 d511 c48f bc2e abec a3ab 9b6b 82c8 8287 a3cc c4f1 d594 e5f5 e616 e616 e5f5 dd94 d573 b4b1 30c2 1861 20e3 20c2 1061 1041 1020 1040 0820 1021 1041 20a2 1861 1861 20c2 20c3 2904 0820 1040 0800 0800 1881 1061 20c2 1041 1061 1020 1021 1020 1041 1041 1841 1820 2060 30e2 5a07 c596 bd96 f73d de9a 9451 ffde ffdf ffbf ffdf ffbf ffdf ffbf ffdf ffdf ffdf ffdf ffdf ffdf ffdf ffdf ffdf ffdf f7be ffdf ffdf ffdf ffdf ffdf ffdf ffdf ffdf ffdf ffdf ffdf ffdf ffdf ffdf ffdf ffdf ffdf ffdf ffdf ffdf ffdf ffdf ffdf ffdf ffdf ffdf ffdf ffdf ffdf ffdf ffdf ffdf ffdf ffdf ffdf ffdf ffdf ffdf 
ffdf ffdf ffdf ffdf ffdf ffdf ffdf f7be ffdf ffdf ffdf ffdf ffdf ffdf f7df ffdf ffdf ffdf ffdf ffbf ffbf ffdf ffdf ffdf ffdf ffdf f7df f7df ffdf ffdf f7df f7df ffdf ffdf ffdf ffdf ffdf ffdf f7be ffdf ffdf ffdf ffdf ffdf ffdf ffdf ffdf ffdf ffdf ffdf ffdf ffdf ffdf ffdf ffdf ffdf ffdf ffdf ffdf ffdf ffdf ffdf ffdf ffdf ffdf ffdf ffdf ffdf ffdf ffdf ffdf ffdf ffdf ffdf ffdf ffdf ffdf ffdf ffdf ffdf ffdf ffdf ffbf ffbe ffdf ffdf f7be ffdf ffdf ffdf ffdf ffdf f7df f7bf f7bf ef7e eefc 6aeb 7b6d e699 7b6c 1860 3103 6aeb 1020 1061 0820 0841 0020 0020 0000 0000 0800 0821 0000 0000 0000 0800 0000 0000 0800 0800 0800 0800 1020 49a5 4122 7a88 a3ac bc2e c4b0 c4d1 cd12 d532 d532 d532 d553 d553 d553 dd73 dd94 dd94 ddb5 ddb5 dd94 dd94 dd73 d512 c4b0 bc2e a3ab a38b abec c490 d553 ddd5 e617 f6d9 f6fa ee99 ee58 ee37 ee16 e5f6 e5f5 e616 e616 e616 ee77 ee98 f6b9 ee99 f6b9 ee98 ee77 ee57 ee57 ee37 ee37 ee37 ee37 ee57 ee58 ee58 ee78 ee78 ee98 f6b9 f6b9 f6fa f6fa f73b ff3c ff5c f75c f71b f6fa ee98 e657 e616 e5f5 e5b4 dd93 d552 d511 ccf0 bc6f b42d b3ed a38b 9b4a 82c8 8ac8 ac0d d573 dd94 e5f5 e616 e615 ddd5 d573 cd32 51c6 1840 1882 20c3 20c3 1882 1041 1041 1020 0800 1020 1041 1882 1861 20a2 20a2 3124 28e3 1041 1041 0800 0821 1041 1020 2903 1861 1041 1041 0820 0820 1040 1020 1040 1820 2061 38e3 72aa c535 c5b7 e6dc f73d c5f7 ffde ffdf ffbf ffdf ffde ffde ffdf ffdf ffdf ffdf ffdf ffdf ffdf ffdf ffdf ffdf ffdf ffdf ffdf ffdf ffdf ffdf f7de f7df ffdf ffdf ffdf ffdf ffdf ffdf f7be ffdf ffdf ffdf ffdf ffdf ffdf ffdf ffdf ffdf ffbf ffdf ffbf ffdf ffdf ffdf ffdf ffdf ffdf ffdf ffdf ffdf ffdf f7de f7df f7df 
f7be f7be ffdf ffdf ffdf ffdf ffdf ffdf f7be ffdf ffdf ffdf ffdf ffdf ffdf ffff f7de f7df ffdf f7df ffdf ffdf ffdf ffdf ffdf f7be ffdf ffdf ffdf ffdf ffdf ffdf f7de f7de ffdf ffdf ffdf ffdf ffdf ffdf ffdf ffdf ffbf ffdf ffbf ffbf ffbe ffdf f7be f7be f7be f7be ffdf ffdf ffdf ffdf f7be ffdf ffdf ffdf ffdf ffdf ffdf ffdf ffdf f7be ffdf ffdf ffdf ffdf ffdf ffdf ffdf f7be ffdf ffdf ffdf ffdf ffdf ffdf f7be f7be ffde ffdf ffdf ffdf ffdf ffbf f7be f7be ffdf ffdf ffdf f79f f7df ef7e e6fa 41c5 c5b5 cdf6 7b4c 2060 4165 5a48 1020 1040 0841 1041 0820 0800 0821 0820 0820 0020 0020 0000 0000 0000 0000 0000 0000 0000 0800 0820 0800 4185 4103 6a27 934a ac0d bc8f c4d1 cd11 d532 d553 d553 d553 d573 d593 dd94 dd94 ddb5 e5d5 ddb4 dd94 dd93 d552 d532 c48f b40d a3ab a38b abcc bc90 dd53 e5d5 e617 f6b9 ff1b f6b9 e657 e636 e616 e5f5 e5f6 e5f6 e616 ee37 ee37 ee57 f699 f6d9 f699 ee99 f678 ee78 e657 e657 ee57 ee57 ee37 ee57 ee78 ee78 e657 ee78 ee99 f6b9 f6ba fefa f71b f73b f73b f73b f73b f71a f6d9 ee98 ee37 ee16 ddd4 dd73 dd73 d532 ccf1 ccb0 c46f b40d a3ab 9b8a 9349 8ae8 8b09 b46f d552 dd93 ddb4 e5d5 e5b4 dd74 cd13 7289 1841 18a2 20e3 20c2 1061 1061 1020 1861 1040 1041 0800 1041 1041 18a2 1881 20a2 3144 2903 1081 0840 0840 0820 0820 1020 2904 1861 1040 1020 1040 1020 1020 1021 1861 1820 2081 3103 6aca b513 e6bb e6fc f79e dedb ef7d f7be ffdf ffdf ffdf ffdf ffdf ffbf f7be f7be ffdf ffdf ffdf ffdf ffdf ffdf f7be f7be ffdf ffdf ffdf ffdf ffdf ffdf f7df f7de f7df f7df ffdf ffdf ffdf ffdf f7be f7be ffdf ffdf ffdf ffdf ffdf ffdf ffdf f7be ffdf ffdf ffdf ffdf ffdf ffdf ffdf f7be ffdf ffdf ffdf ffdf ffdf ffdf 
ffdf ffdf ffdf f7be ffdf ffdf ffdf ffdf ffdf ffdf f7be ffdf ffdf ffdf ffdf ffdf ffdf ffdf ffdf ffdf ffdf ffdf ffdf ffdf ffdf f7be ffdf ffdf ffdf ffdf ffdf ffdf ffdf ffdf ffdf ffdf ffdf ffdf ffdf ffdf ffdf ffdf ffdf ffdf ffdf f7be ffdf ffdf ffdf ffdf ffdf ffdf ffdf ffdf ffdf ffdf ffdf ffdf ffdf ffdf ffdf ffdf ffdf ffdf ffdf ffdf ffdf ffdf ffdf ffdf ffdf ffdf ffdf ffdf ffdf ffdf ffdf ffdf ffdf ffdf ffde ffde ffdf ffde ffdf ffdf ffdf ffbf ffdf ffdf ffdf ffdf ffdf f79f f7bf f79e e69a 6aaa e6b9 bd75 730b 1840 6aca 7b6d 1041 1061 0840 1061 0820 0820 0820 0820 0821 0820 0820 0820 0000 0000 0000 0000 0000 0000 0000 0800 0800 30e3 51a5 5163 82c8 abec bc6f c4d0 cd11 d532 d553 d553 d573 dd73 dd94 ddb4 dd94 ddb5 ddb4 ddb4 dd94 dd94 d553 ccf1 bc4f b3ed a36b 9b4a abcc c4b0 dd73 e5d5 e637 f6da ff1b ee79 e657 e637 e616 e5f6 e5d5 e5f6 e616 e616 ee57 ee57 ee78 ee98 ee98 ee78 ee78 ee58 ee57 ee78 ee58 ee58 ee58 ee58 ee58 ee78 ee78 ee78 ee98 ee98 f6b9 f6b9 f6fa f71a f73b f73b f71a f6d9 f6d9 ee78 ee36 e5f6 ddb4 dd94 dd73 d532 ccf1 c48f bc2e b3ed abcb 9b6b 934a 8ae9 8b2a bcb0 d532 dd73 dd94 dd74 d553 c4f2 7aca 1820 1881 18c2 20e3 28e3 1881 1061 1041 1041 0820 1040 0820 1061 1040 1861 20c2 1861 2903 2903 20c3 1020 0840 0800 0800 1021 20c2 20a2 1041 1020 1061 1020 0800 1020 1861 1020 2081 3944 730b bd74 e6db ef1c f79e e6fc ef5d ffbf ffdf ffdf ffdf ffdf ffdf f7df ffdf ffdf ffdf ffdf ffdf ffdf ffdf ffdf ffdf ffdf ffdf ffdf ffdf ffdf ffdf ffdf ffdf ffdf ffdf ffdf ffdf ffdf f7be ffdf ffdf ffdf ffdf ffdf ffdf ffdf f7df f7df ffdf ffdf ffdf ffdf ffdf ffdf ffdf ffdf ffdf ffdf ffdf ffdf f7be ffdf ffdf ffdf 
ffdf ffdf ffdf f7be ffdf ffdf ffdf ffdf ffdf ffdf f7be f7be ffdf ffdf ffdf ffdf ffdf ffdf ffdf ffdf ffdf ffdf ffdf ffdf ffdf ffdf ffdf ffdf ffdf ffdf ffdf ffdf ffdf ffdf ffdf ffdf ffdf ffdf ffdf ffdf ffdf ffdf ffdf ffdf ffdf ffdf ffdf ffdf ffdf ffdf ffdf ffdf ffdf ffdf ffdf ffdf ffdf ffdf ffdf ffdf ffdf ffdf ffdf ffdf ffdf ffdf ffdf ffdf ffdf ffdf ffdf ffdf ffdf ffdf ffdf ffdf ffdf ffdf ffdf ffdf ffdf ffdf ffdf ffde ffdf ffdf ffdf ffdf ffdf ffdf ffdf ffdf ffdf f7bf f7be e6fc a491 7b2c eeba acd2 5a48 2081 b533 732c 1861 1882 0820 1061 0820 0820 0820 0820 1021 0821 0820 0820 0000 0000 0000 0000 0000 0000 0000 0800 0800 2081 51c6 4123 7aa8 9b6b b46e c4b0 ccf1 d532 d553 d573 d573 dd94 dd94 dd94 ddb4 ddb4 e5d5 ddb4 ddb4 dd94 d553 ccf1 bc4e abcc 9b6a 9b4a abcc c490 dd74 e5d5 e637 f6da f6fa ee78 ee57 ee37 e616 e5d5 e5d5 e5d5 e5f6 e616 e616 ee37 ee57 ee78 ee78 ee78 ee58 ee58 ee78 ee78 ee58 ee78 ee78 f678 ee78 ee98 ee98 ee98 ee99 ee99 eeb9 f6d9 f6da f6fa f6fa f6fa f6da eeb9 ee98 ee58 e616 e5d5 ddb4 dd73 d552 d512 ccd0 c48f b42d abed a3cc 9b6b 9329 8ae9 932a c46f d4f1 d511 d531 cd11 a42e 4985 1020 1041 1861 20c3 20c2 18a2 1882 1040 1020 1040 0820 1041 0820 1041 1040 1861 20a1 2081 3124 3144 28e3 1061 0820 0800 0820 0820 1881 20c3 1020 1020 1061 0820 1020 1020 1860 1840 28e2 3103 5a28 b513 de9a ef5d f7be e71c e73d ffbf f7be ffde ffdf ffdf ffdf ffdf ffdf ffdf ffdf ffdf ffdf ffdf ffdf ffdf ffdf ffdf ffdf ffdf ffdf ffdf ffdf ffdf ffdf ffdf ffdf ffdf ffdf ffdf ffdf ffdf ffdf ffdf ffdf ffdf ffdf ffdf ffdf ffdf ffdf ffdf ffdf ffdf ffdf ffdf ffdf ffdf ffdf ffdf ffdf ffdf ffdf ffdf ffdf ffdf 
ffdf ffdf ffdf ffdf ffdf ffdf ffdf ffdf ffdf ffdf ffdf ffdf ffdf ffdf ffdf ffdf ffdf ffdf ffdf ffdf ffdf ffdf ffdf ffdf ffdf ffdf ffdf ffdf ffdf ffdf ffdf ffdf ffdf ffdf ffdf ffdf ffdf ffdf ffdf f7be ffdf ffdf ffdf ffdf ffdf ffdf ffdf ffdf ffdf ffdf ffdf ffdf ffdf ffdf ffdf ffdf ffdf ffdf ffdf ffdf ffdf ffdf ffdf ffdf ffdf ffdf ffdf ffdf ffdf ffdf ffdf ffdf ffdf ffdf ffdf ffdf ffdf ffdf ffdf ffdf ffdf ffdf ffdf ffdf ffdf ffdf ffdf ffdf ffdf ffdf ffbf ffdf f7df f7bf ef9e e71c 6aeb c575 e679 72eb 28c2 28c2 bd74 8c0f 1881 1881 1040 1061 0840 0820 0820 0800 1041 1021 1021 0800 0000 0000 0000 0000 0000 0000 0000 0800 0800 1020 4985 51a5 59c5 8b2a abed c490 c4d1 cd12 d532 d553 d573 dd94 dd94 ddb5 ddb4 ddb4 ddb4 ddb4 ddb5 dd74 d532 ccd1 b44e a3ac 9b4a 9b4a abac c490 dd73 e5f6 ee78 fefa f6da ee79 ee58 ee37 ee16 e5d5 e5d5 e5d5 e5f5 e5f6 e5f5 e616 e616 ee37 ee58 ee37 ee37 ee57 ee58 ee58 ee58 ee78 ee78 ee78 ee78 ee78 f699 f699 ee98 f6b9 eeb9 f6d9 f6da f6da f6da f6da eeb9 f699 ee78 ee37 ee36 e5b5 dd94 d553 d532 cd11 c4d0 bc6f b40d abec a3ab 9b6b 9329 8ac8 8ae8 abec bc4e bc6e 8b2a 4985 1040 0820 0820 0820 20c3 20c2 20e3 1881 20a2 1040 1020 1020 1040 1040 1040 1040 1061 1861 20a2 20a1 3103 3124 2903 1881 0800 0820 0821 1041 1061 18a2 1020 1040 1040 0800 0800 1041 1861 1820 28c2 30e2 49c6 e6ba d69a ef5d ffbf dedb f79e ffbf ffde ffde ffde ffde ffdf ffdf ffdf ffdf ffdf ffdf ffdf ffdf ffdf ffdf ffdf ffdf ffdf ffdf ffdf ffdf ffdf ffdf ffdf ffdf ffdf ffdf ffdf ffdf ffdf ffdf ffdf ffdf ffdf ffdf ffdf ffdf ffdf ffdf ffdf ffdf ffdf ffdf ffdf ffdf ffdf ffdf ffdf ffdf ffdf ffdf ffdf ffdf f7be f7be 
ffdf ffdf ffdf ffdf ffdf f7be ffdf ffdf ffdf ffdf ffdf ffdf ffdf ffdf ffdf ffdf ffdf ffdf ffdf ffdf ffdf ffdf ffdf ffdf ffdf ffdf ffdf ffdf ffdf ffdf ffdf ffdf f7be ffdf ffdf ffdf ffdf ffdf ffdf ffdf ffdf ffdf ffdf ffdf ffdf f7be ffdf ffdf ffdf ffdf ffdf ffdf ffdf ffdf ffdf ffdf ffdf ffdf ffdf ffdf ffdf ffdf ffdf ffdf ffdf ffdf ffdf ffdf ffdf ffdf ffdf ffdf ffdf ffdf ffdf ffdf ffdf ffdf ffdf ffdf ffdf ffdf ffdf ffbf ffdf ffdf ffdf ffdf ffdf ffdf ffdf ffdf ffdf f7be ef7e d69a 8bcf e699 e679 6aaa 20a1 49c6 c5b5 b4f3 20a2 1881 1061 1040 1061 0841 0000 0820 0821 0821 1041 0800 0000 0000 0000 0000 0000 0000 0000 0000 0000 0800 3924 59e6 4923 82e9 9bac b44e c4b0 ccf1 cd32 d533 d573 dd74 dd94 ddb5 ddb5 dd94 ddb5 ddb5 dd94 dd73 d532 c4b0 b40d 9b4a 9329 9b6a b3ed ccb1 dd94 e616 f679 feda f6da ee99 ee58 ee37 e5f6 e5b5 e5b4 e5d5 e5d5 e5f6 e5f5 e5f6 e5f6 e5f6 ee17 ee37 ee57 ee57 ee78 ee58 ee57 ee58 ee78 ee78 ee78 ee78 f698 f678 ee98 f6b9 f6d9 eeb9 eeb9 eeb9 f6da f6b9 ee99 ee78 ee57 ee37 e5f5 ddb4 d573 d553 d512 ccd1 c48f bc6f b42d abec a38b 9b6b 932a 7aa8 59c5 4123 4164 30e2 0800 0800 0000 0861 0820 0820 20c2 20c2 28e3 1882 20c2 1840 1041 1040 1020 1020 1040 1040 1881 1881 20a2 1881 28e2 28e3 3104 1881 0820 0000 0821 0820 1061 20a2 1020 1020 0820 0800 0820 1841 1840 1840 3924 4144 3944 eedb d659 e71d ffbf dedb ffdf ffde ffdf ffdf f7be ffdf ffdf ffdf ffdf ffdf ffdf ffdf ffdf ffdf ffdf ffdf ffdf ffdf ffdf ffdf ffdf ffdf ffdf ffdf ffdf ffdf ffdf ffdf ffdf ffdf ffdf ffdf ffdf ffdf ffdf ffdf ffdf ffdf ffdf ffdf ffdf ffdf ffdf ffdf ffdf ffdf ffdf ffdf ffdf ffdf ffdf f7be ffdf ffdf ffdf ffdf 
ffdf ffdf ffdf ffdf ffdf ffdf ffdf f7be f7be ffdf ffdf ffdf ffdf ffdf ffdf ffdf ffdf ffdf ffdf ffdf ffdf f7be ffdf ffdf ffdf ffdf ffdf ffdf ffdf ffdf ffdf ffdf ffdf ffdf ffdf ffdf ffdf ffdf ffdf ffdf ffdf ffdf ffdf ffdf ffdf f7be ffdf ffdf ffdf ffdf ffdf ffdf ffdf ffdf ffdf ffdf ffdf ffdf ffdf ffdf ffdf ffdf ffdf ffdf ffdf ffdf ffdf ffdf ffdf ffdf ffdf ffdf ffdf ffdf ffdf ffdf ffdf ffdf ffdf ffdf ffdf ffdf ffdf ffbf ffdf ffdf ffdf ffdf ffdf ffdf ffdf ffdf ffdf f79e f77d 9c92 9c91 de79 cdd6 8b8e 30e2 7b4c cdd6 9c50 20c2 1881 1061 0820 0841 1041 0820 0820 0820 1021 1041 0820 0000 0000 0000 0000 0000 0000 0000 0000 0000 0000 20a2 51a5 51c5 59a4 934b abed c48f ccd1 cd12 d553 d553 d574 dd94 ddb5 ddb5 ddb5 ddb5 ddb5 dd74 dd73 d512 c4b0 abec 932a 9329 9b6b abed ccd1 ddb4 e616 ee99 f6da f6b9 ee78 ee37 e616 e5d5 e5b5 e5d5 e5d5 e5f5 e5d5 e5d5 e5d5 e5d5 e5f6 e5f6 ee37 ee37 ee37 ee37 ee37 ee57 ee78 ee78 ee78 ee78 f698 f698 f699 f6b9 f6b9 f6da f6da eeb9 eeb9 eeb9 ee99 ee98 ee58 ee57 ee16 e5d5 dd94 dd93 dd53 cd11 c4d0 c48f bc4e b40d abcc 9b6b 934a 8b09 6a47 2060 0800 0000 0000 0000 0000 0820 0820 0800 1862 20c2 20c3 20c2 1861 20a2 1040 1061 1020 1020 1020 1040 1041 1881 1881 20a1 20c2 3103 28e3 3103 1881 0820 0800 0820 1021 0820 28e3 1020 0820 1021 0800 0800 1020 1841 1820 28c2 20a1 41a6 c5d7 dedb dedc f77e e71d ffdf ffdf ffdf ffdf ffdf ffdf ffdf ffdf ffdf ffdf ffdf ffdf ffdf ffdf ffdf ffdf ffdf ffdf ffdf ffdf ffdf ffdf ffdf ffdf ffdf ffdf ffdf ffdf ffdf ffdf ffdf ffdf ffdf ffdf ffdf ffdf ffdf ffdf ffdf ffdf ffdf ffdf ffdf ffdf ffdf ffdf ffdf ffdf ffdf ffdf ffdf ffdf ffdf ffdf ffdf ffdf 
ffdf ffdf ffdf ffdf ffdf ffdf ffdf ffdf ffdf ffdf ffdf ffdf ffdf ffdf ffdf ffdf ffdf ffdf ffdf ffdf ffdf ffdf ffdf ffdf ffdf ffdf ffdf ffdf ffdf ffdf ffbf ffdf ffdf ffdf ffdf ffdf ffdf ffdf ffdf ffdf ffdf ffdf ffdf ffdf ffdf ffdf ffdf ffdf ffdf ffdf ffdf ffdf ffdf ffdf ffdf ffdf ffdf ffdf ffdf ffdf ffdf ffdf ffdf ffdf ffdf ffdf f7be ffdf ffdf ffdf ffdf ffdf ffdf ffdf ffdf ffdf ffdf ffdf ffdf ffdf ffdf ffdf ffdf ffbf ffdf ffdf ffdf ffdf ffdf f7be ffdf ffdf f7be f79e ef3c 6b0b d659 e6ba bd54 5a27 4164 a470 bd54 a4b2 28e2 1881 1861 0820 0820 0841 0820 0820 0800 0800 0821 0820 0000 0000 0000 0000 0000 0000 0000 0000 0000 0000 1020 4164 5a06 40e1 82c9 a3ac bc6f c4b0 cd11 d533 d553 dd74 dd94 dd94 ddb5 ddb5 ddb5 dd94 dd94 d553 cd12 c4b0 abcc 932a 9b6b a38b b40e ccd1 ddb5 ee37 f699 ee99 f6b9 ee78 ee37 ee16 e5d5 e5b4 e5d5 e5f6 edf6 e5f6 e5d5 e5b5 e5d5 e5d5 e5f6 ee16 ee37 ee37 ee37 ee37 ee57 ee58 ee78 ee78 f698 f698 f698 ee78 ee99 f699 f6b9 f699 f6b9 f6b9 f6b9 ee98 ee98 ee57 ee37 e5f6 ddd5 ddb4 dd93 d532 ccf1 c4b0 bc8f b42e abed abcc 9b6a 932a 82c9 4964 0800 0000 0000 0000 0000 0800 1020 0800 1861 1861 20a2 20c3 20c3 2082 20a2 1040 1041 0820 1020 1020 1040 1861 20a2 2082 2081 3103 28c3 28e3 3124 28c3 0820 0820 0800 1021 0820 20a2 1041 0800 0820 0800 0800 1041 1861 1840 28a2 28c2 940f a4b2 deba debb ef3d ef5d ffdf ffde ffdf ffdf ffdf ffdf ffdf ffdf ffdf ffdf ffdf ffdf ffdf ffdf ffdf ffdf ffdf ffdf ffdf ffdf ffdf ffdf ffdf ffdf ffdf f7df ffdf ffdf ffdf ffdf ffdf ffdf ffdf ffdf ffdf ffdf ffdf ffdf ffbf ffbf ffdf ffdf ffdf ffdf ffdf ffdf ffdf ffdf f7be ffdf ffdf ffdf ffdf ffdf ffdf ffdf 
ffdf ffdf ffdf ffdf ffdf ffdf ffdf ffdf ffdf ffdf ffdf ffdf ffdf ffdf ffdf f7be ffdf ffdf ffdf ffbf ffdf ffdf ffdf f7be ffdf ffdf ffdf ffdf ffdf f7df f7de f7be ffdf ffdf ffbf ffbe ffbf ffdf f7be f7be ffdf ffdf ffdf ffdf ffdf f7df ffdf f7df ffdf ffdf ffdf ffdf ffdf ffdf ffdf ffdf ffdf ffdf ffdf ffdf ffdf ffdf ffdf ffdf ffdf ffdf ffdf ffdf f7be ffdf ffdf ffdf ffdf ffdf ffdf ffdf ffdf ffdf f7be ffdf ffdf ffdf ffdf ffdf ffde ffde ffdf ffdf ffdf ffdf ffdf ffdf f7bf ffbe acf2 9c30 eefc eedb 72eb 3903 51e7 acb2 bd54 c575 28e3 1861 1061 1061 0820 0820 1061 0820 1882 0801 1021 0801 0000 0000 0000 0000 0000 0000 0000 0000 0000 0000 0800 28e2 51a5 5185 5984 9b6b b42e c4b0 c4d0 cd12 dd74 dd94 d574 dd94 ddb5 ddb5 ddb4 dd94 dd94 d553 cd12 c4b0 9b6b 9b6b a38b a3ac b42e d512 ddb5 e637 f6d9 f6fa f6ba ee58 ee37 edf6 e5d5 e5b5 e5d5 e616 edf6 e5d5 e5d6 e5d5 e5b5 e5d5 e5d5 e5f6 e616 ee37 ee37 ee37 ee37 ee58 ee57 ee78 ee78 ee78 ee78 ee78 ee78 ee99 ee99 f699 ee99 f6b9 f699 f698 ee58 ee37 ee37 e5f6 ddb5 dd94 d573 d532 ccf1 c48f bc6e b42d abec a3ac 9b6b 8b0a 72a9 30e2 0800 0000 0000 0000 0000 0800 0841 0800 1040 20a2 28e3 3104 20a2 2082 1881 1840 1041 1020 1020 0800 1040 1861 2082 1882 20a2 3123 28e3 20c2 28e3 3104 1020 0800 0800 1041 1041 1882 1861 1020 1020 0800 0820 1040 1860 1840 2081 30e2 6269 9c30 d659 de7a e6fc ffdf ffdf ffdf ffde ffde ffdf ffdf ffdf ffdf ffdf ffdf ffdf ffdf ffdf ffdf ffdf f7be ffdf ffdf ffdf ffdf ffdf ffdf ffdf ffdf ffdf ffdf ffdf ffdf ffdf ffdf ffdf ffdf ffdf ffdf ffdf ffdf f7df f7df f7df f7df ffdf ffdf ffdf ffdf ffdf ffdf ffdf ffdf ffdf ffdf ffdf ffdf ffdf ffdf ffdf ffdf 
ffdf f7be ffdf ffdf ffdf ffdf ffdf ffdf f7be ffdf ffdf ffdf ffdf ffdf ffdf ffdf f7be ffdf ffdf ffdf ffdf ffdf ffdf ffdf ffdf f7be ffdf ffdf ffdf ffdf ffdf ffdf f7df f7de ffdf ffdf ffdf f7df ffdf ffdf f7be ffdf ffbf ffbf ffdf ffbf ffdf ffdf ffdf f7be ffdf ffdf ffdf ffdf ffdf ffdf f7be f7be ffdf ffdf ffdf ffdf ffdf ffdf f7be f7de ffdf f7de ffdf ffdf ffdf ffdf f7be f7be ffdf ffdf ffdf ffbf ffdf ffdf f7de f7de ffde f7de ffde ffde ffdf ffdf f7be f7be ffdf f7de f7be ef3c 72eb cdb6 eefb de99 8bee 51e6 9c0f d5d6 bd33 c595 1861 1861 1041 1041 0800 0800 1021 1041 1061 0820 0840 0020 0000 0000 0000 0000 0000 0000 0000 0000 0000 0000 0800 1861 4164 59e5 4942 7a88 abed bc6f c4d0 d532 d533 d553 dd94 ddb4 ddb5 ddb5 ddb5 ddb5 d593 d573 cd31 bc8f 934a abed abcc abcc bc4e d512 ddd5 ee58 f6da ff1b f6fb ee99 e616 e5f5 e5d5 e5d5 e5f5 e5f6 e5f5 edf6 e5b5 e5b5 ddb5 e5d5 edf6 edf6 ee17 e617 e616 e636 e637 ee57 ee57 ee57 ee78 ee78 ee78 ee78 ee98 ee98 ee99 ee99 f6b9 ee98 ee98 ee77 e657 e636 e616 e5d5 ddb4 dd93 d532 ccf1 ccd0 c48f bc4e b42e abed a3ac 934a 8309 6aa8 2080 0800 0000 0000 0000 0000 0800 0841 0820 1061 20a2 20e3 20c2 1860 1881 1881 1040 1861 0800 1041 1041 1020 1061 20c2 1861 2081 3103 2082 28c2 28e2 2903 1060 0800 0800 0820 18a2 1861 1882 1020 1020 0800 1000 1021 1861 1861 1880 2902 5206 838d bd54 de79 f75d ffdf f7be ffdf ffdf ffdf ffbf ffdf ffdf ffdf f7be f7be ffdf ffdf ffdf ffdf ffdf ffdf f7be ffdf ffdf ffdf ffdf ffdf ffdf ffdf f7de f7df ffdf ffdf ffdf ffdf ffdf ffdf f7be f7be ffdf ffdf ffbf ffdf ffdf ffdf f7be f7be ffdf ffdf ffdf ffdf ffdf ffdf f7be f7be ffdf ffdf ffdf ffdf ffdf ffdf 
ffdf ffdf ffdf ffdf ffdf ffdf ffdf ffdf ffdf ffdf ffdf ffdf ffdf ffdf ffdf ffdf ffdf ffdf ffdf ffdf ffdf ffdf ffdf ffdf ffdf ffdf ffdf ffdf ffdf ffdf ffdf ffdf ffdf ffdf ffdf ffdf ffdf ffdf ffdf ffdf ffdf ffdf f7be ffdf ffdf ffdf ffdf ffdf ffdf ffdf ffdf ffdf ffdf ffdf ffdf ffdf ffdf ffdf ffdf ffdf ffdf ffdf ffdf f7be ffbe ffbf ffdf ffdf ffdf ffdf f7be ffdf ffdf f7be ffdf ffdf ffdf ffdf ffdf ffdf f7de f7de ffdf ffdf ffdf ffdf ffdf ffdf ffdf ffdf ffdf f7be f79e cdf7 730b de58 e6ba ce17 8bad 51e6 8bce de58 acd2 bd34 20a2 1861 1040 1041 1041 0820 0800 1041 1062 1041 0841 0820 0000 0000 0000 0000 0000 0000 0000 0000 0000 0000 0000 0820 3123 51c6 59e6 61c5 9b6b b44f c4b0 cd12 d553 d553 d574 ddb4 ddd5 ddd5 ddb5 ddb5 dd94 dd53 d532 bc6f a38b b3ed a3ac abed bc8f d533 ddd5 ee58 f6fa ff7d f6fb ee99 ee37 e5d5 e5d5 e5f5 e5f5 edf6 e5f6 e5d5 e5d5 e5b5 dd94 e5b5 e5d5 e5d5 e5f6 e5f6 ee37 e616 ee37 ee37 ee37 ee57 ee78 ee78 ee78 ee78 ee98 ee78 ee78 ee98 ee98 ee98 ee78 ee57 e637 e616 e5f5 e5d5 dd94 dd73 d552 cd11 c4d0 c48f bc4e b42d abec 9b8b 936a 82e9 5a27 1020 0000 0000 0000 0000 0000 1041 0820 0820 18a2 20c2 20a2 1881 20a2 28e3 1861 1040 1841 1020 1041 1020 1020 1861 28c3 1881 20a1 28e3 20a1 28e3 28c2 3144 1881 0800 0000 0800 1882 1861 1882 1020 1020 0800 1020 1041 1860 2061 2061 30e2 3923 8b8d bd34 d659 ffbf ffdf ffdf ffdf f7df ffdf ffdf ffdf ffdf f7df ffdf ffdf ffdf f7be ffdf ffdf ffdf ffdf ffdf ffdf ffdf ffdf ffdf ffdf ffdf ffdf ffdf ffdf ffdf ffdf ffdf ffdf ffdf ffdf ffdf ffdf ffdf ffdf ffdf ffdf ffdf ffdf ffdf ffdf ffdf ffdf ffdf f7be ffdf ffdf f7be ffdf ffdf ffdf ffdf ffdf ffdf ffdf 
ffdf ffdf ffdf ffdf ffdf ffdf ffdf ffdf ffdf ffdf ffdf ffdf ffdf ffdf ffdf ffdf ffdf ffdf ffdf ffdf ffdf ffdf ffdf ffdf ffdf ffdf ffdf ffdf ffdf ffdf ffdf ffdf ffdf ffdf ffdf ffdf ffdf ffdf ffdf ffdf ffdf f7be ffdf ffdf ffdf f7be ffdf ffdf ffdf ffdf ffdf ffdf ffdf ffdf ffdf ffdf ffdf ffdf f7be ffdf ffdf ffdf ffdf ffdf f7be ffdf ffdf ffdf ffdf ffdf f7be ffdf ffdf ffdf ffdf ffdf ffdf ffdf ffdf ffdf ffdf ffdf ffdf ffbf ffde ffde ffdf ffdf ffbf ffdf f7bf f79e f73c 9410 9430 f6fb e69a acf3 5a07 4164 acd2 d617 bd74 940f 2081 1861 1040 1041 1061 1881 0820 0800 1062 1041 1041 0820 0000 0000 0000 0000 0000 0000 0000 0000 0000 0000 0000 0000 28c2 4985 6227 59a5 82a8 ac0e bc90 ccf1 cd33 d573 d553 dd94 dd94 ddd5 ddb5 dd94 dd94 dd73 d532 abed a3ac abcc a38c abed bc6f d532 ddb5 ee37 f6ba fefb f6da ee58 e617 e5d5 e5d5 e5f5 e5f5 e616 e5f6 e5d5 e5d5 ddb5 ddb5 e5d5 e5f6 e5f6 e5f6 ee16 e616 e617 e617 ee37 e637 ee57 ee57 ee57 ee78 ee58 ee78 ee58 ee78 ee98 ee98 ee58 ee78 ee37 ee37 e616 e5f5 e5b5 dd94 d553 d532 ccf1 c4d0 bc8f bc4e b40d abcc 9b8b 934a 82e9 49a5 0800 0000 0000 0000 0000 0800 1041 0800 1041 1882 18a2 20a2 1861 20a2 18a2 1861 1061 1020 1020 1020 1020 1841 1841 28e3 20a2 1881 3124 2081 28e2 28c2 3124 20c2 1020 1041 0800 0820 20c3 1881 1020 1020 0800 1020 1040 1861 2061 2061 30c2 4144 49a6 acd2 c5f7 ffbf f7df ffdf ffdf ffdf ffdf ffdf ffdf f7df ffdf ffdf ffdf ffdf ffdf ffdf ffdf f7be f7be ffdf ffdf ffdf ffdf ffdf ffdf ffdf ffdf ffdf ffdf ffdf ffdf ffdf ffdf ffdf ffdf ffdf ffdf ffdf ffdf ffdf ffdf ffdf f7df ffdf ffdf ffdf ffdf ffdf ffdf ffdf ffdf ffdf ffdf ffdf ffdf ffdf ffdf f7be ffdf 
ffdf ffdf ffdf ffdf ffdf ffdf ffdf ffdf ffdf ffdf ffdf ffdf ffdf ffdf ffdf ffdf ffdf ffdf ffdf ffdf ffdf ffdf ffdf ffdf ffdf ffdf ffdf ffdf ffdf ffdf ffdf ffdf ffdf ffdf ffdf ffdf ffdf ffdf ffdf ffdf ffdf f7be ffdf ffdf ffdf ffdf ffdf ffdf ffdf ffdf ffdf ffdf ffdf ffdf ffdf ffdf ffdf ffdf ffdf ffdf ffdf ffdf ffdf ffdf ffdf f7be ffdf ffdf ffdf ffdf ffdf ffdf ffdf f7be f7be f7be ffdf ffdf ffdf f7be ffbf ffbf ffdf ffbf ffde ffde ffdf ffdf ffdf ffdf ffbf f79e d617 836d cdd6 eefb e699 8bae 51c5 7b0a d5f6 e699 b4f2 940f 2081 1881 1020 1041 1041 1881 0841 0800 0820 1041 1061 0820 0000 0800 0000 0000 0000 0000 0000 0000 0000 0000 0000 0000 1860 4164 61e6 7a88 7226 a3cc bc6f c4d1 cd12 d553 d553 dd94 dd95 dd95 dd95 ddb5 dd94 d553 ccd1 9b4b a38b a38b 9b6a a3ac bc6f cd12 d574 e5d6 ee78 ee78 ee57 e5f6 e5f6 e5b5 ddb4 e5b4 e5d5 e5f5 e5f5 e5d5 e5d5 dd95 dd95 e5b5 e5f6 e5f6 e5f6 e5f6 e5f6 e617 ee37 ee37 e637 e637 ee57 ee58 ee78 ee78 ee78 ee78 ee78 ee78 ee57 ee78 ee57 ee37 e616 e5f6 e5d5 e5b4 dd93 d553 d532 ccf1 c4d0 bc6f b42e b40d a3ac 9b6b 932a 7288 4185 0800 0000 0000 0000 0000 0800 1061 0820 1061 1861 1882 28c3 1861 1840 2081 1041 1041 1020 1040 1020 1020 1041 20a2 3103 20a2 2081 3944 28e3 28c2 28c2 3124 20c2 1041 0800 0841 0820 18a2 1861 1020 1020 0800 0800 1020 1840 1840 2081 30e2 4144 6aa9 acd2 bd95 f7be f7df f7df ffdf ffdf ffdf ffdf ffdf ffdf ffdf ffdf ffdf ffdf ffdf ffdf ffdf ffdf f7be ffdf ffdf ffdf ffdf ffdf ffdf ffdf ffdf ffdf ffdf ffdf ffdf ffdf ffdf ffdf ffdf ffdf ffdf ffdf ffdf ffdf ffdf ffdf ffdf ffdf ffdf ffdf ffdf ffdf ffdf ffdf ffdf ffdf ffdf ffdf ffdf ffdf ffdf ffdf ffdf 
ffdf ffdf ffdf ffdf ffdf ffdf ffdf ffdf ffdf ffdf ffdf ffdf ffdf ffdf ffdf ffdf ffdf ffdf ffdf ffdf ffdf ffdf ffdf ffdf ffdf ffdf ffdf ffdf ffdf ffdf ffdf ffdf ffdf ffdf ffdf ffdf ffdf ffdf ffdf ffdf ffdf ffdf ffdf ffdf ffdf f7be ffdf ffdf ffdf ffdf ffdf ffdf ffdf ffdf ffdf ffdf ffdf ffdf ffdf ffdf ffdf ffdf ffdf ffdf ffdf ffdf ffdf ffdf ffdf ffdf ffdf ffdf ffdf ffdf ffdf ffdf ffdf ffdf ffdf ffdf ffdf ffdf ffdf ffdf ffdf ffdf ffdf ffdf ffdf ffdf f7be f75c 940e 93ee e6da e6ba d617 836c 5a27 9c2f d617 eefb b513 acb1 1860 2082 1040 1020 1061 18a2 0840 0841 0820 0820 1021 0820 0800 0800 0000 0000 0000 0000 0000 0000 0000 0000 0000 0000 0800 3923 51a5 6a26 7aa8 8ae9 b42e c4b0 cd11 d512 d533 d553 d574 dd94 dd95 dd94 dd94 d553 b42e 82a8 9b6b 8b09 82a8 932a abed c4b0 d533 dd94 e5d6 e5f6 e5d5 dd95 dd94 dd73 dd52 e593 e5b4 e5d5 e5d5 e5b4 e5b5 dd94 dd94 e5f6 e616 e616 e5f6 e616 e5f6 ee16 e616 ee16 ee17 ee37 ee58 ee58 ee58 ee58 ee57 ee57 ee78 ee57 ee57 ee57 e637 e617 e5f6 e5f6 ddd5 dd94 dd93 d573 cd32 ccf1 c4d0 bc6f b44e b40d a3ab 9b6a 8b09 7267 3924 0000 0000 0000 0000 0000 0820 1061 0820 1881 20a2 20a2 20c2 20a2 1861 20a2 1020 1861 1041 1040 1041 1041 1840 2082 3103 20a2 2081 3103 28c3 1861 28e3 3124 3124 1861 0000 0000 0820 0840 1882 1041 0800 0800 0800 1020 1841 1840 28a1 28a2 51c6 49a6 730b d638 ffbf ffdf ffdf ffdf ffdf ffdf ffdf ffdf ffdf ffdf ffdf ffdf ffdf ffdf ffdf ffdf ffdf ffdf ffdf ffdf ffdf ffdf ffdf ffdf ffdf ffdf ffdf ffdf ffdf ffdf ffdf ffdf ffdf ffdf ffdf ffdf ffdf ffdf ffdf ffdf ffdf ffdf ffdf ffdf ffdf ffdf ffdf ffdf ffdf f7be ffdf ffdf ffdf ffdf ffdf ffdf ffdf ffdf 
ffdf ffdf ffdf ffdf ffdf ffdf ffdf ffdf ffdf ffdf ffdf ffdf ffdf ffdf ffdf ffdf ffdf ffdf ffdf ffdf ffdf ffdf ffdf ffdf ffdf ffdf ffdf ffdf ffdf ffdf ffdf ffdf ffdf ffdf ffdf ffdf ffdf ffdf ffdf ffdf ffdf ffdf ffdf ffdf ffdf f7be ffdf ffdf ffdf ffdf ffdf ffdf ffdf f7be ffdf ffdf f7be f7be ffdf ffdf ffdf ffdf ffdf ffdf ffdf ffdf ffdf ffdf ffdf ffdf ffdf ffdf ffdf ffdf ffdf ffdf ffdf ffdf ffdf ffdf ffdf ffdf ffde ffde ffdf ffdf ffdf ffdf ffdf ffdf f79d cdf7 838d d5f6 e6bb e6bb ac91 6247 6aa9 c595 de79 ef1c c5b6 9c50 1861 1881 1040 1020 1041 1882 1020 1041 0840 0800 0820 0800 0000 0000 0000 0000 0000 0000 0000 0000 0000 0000 0000 0000 0800 20a2 4964 61e6 7aa8 7a87 a3ed c4b0 c4d0 ccf1 cd32 d553 d594 dd94 dd74 dd94 d553 ccf1 abcd 7206 8ae9 7a67 7247 7a67 930a b3ed c470 d4f2 d533 dd33 dd33 dd33 d512 d512 d4f1 dd32 dd52 dd73 dd93 dd73 dd73 dd53 dd73 e5f6 e616 e616 e5f6 e5f6 e5f6 e5f6 e616 ee16 ee37 ee37 e637 ee57 ee57 ee57 ee57 ee57 ee57 e637 e637 ee37 e637 e5f6 e5f6 e5f6 e5d5 ddb4 dd94 d553 cd12 ccd1 bc8f bc4e b42d abcc a3ab 934a 8ae9 7267 28e2 0000 0000 0000 0000 0000 0821 0800 1061 1881 20a2 2082 20e3 18a2 1881 2082 1020 1020 1040 1040 1041 1041 1861 20a2 28e3 28e3 1881 3124 20a2 2081 20a2 20c2 3945 1882 0800 0000 0000 0820 1882 1020 0800 0800 1020 1020 1820 1840 2061 28a1 72ca 8b8d 72eb c596 ffbe ffdf ffdf ffdf ffdf ffdf ffdf ffdf ffdf ffdf ffdf ffdf ffdf ffdf ffdf ffdf ffdf ffdf ffdf ffdf ffdf ffdf ffdf ffdf ffdf ffdf ffdf ffdf ffdf ffdf ffdf ffdf ffdf ffdf ffdf ffdf ffdf ffdf ffdf ffdf ffdf ffdf ffdf ffdf ffdf ffdf ffdf ffdf ffdf ffdf ffdf ffdf ffdf ffdf ffdf ffdf ffdf ffdf 
ffdf ffdf ffdf ffdf ffdf ffdf ffdf ffdf ffdf ffdf ffdf ffdf ffdf ffdf ffdf ffdf ffdf ffdf ffdf ffdf ffdf ffdf ffdf ffdf ffdf ffdf ffdf ffdf ffdf ffdf ffdf ffdf f7be f7be ffdf ffdf ffdf ffdf ffdf ffdf ffdf f7be ffdf ffdf ffdf ffdf ffdf ffdf ffdf ffdf ffdf ffdf ffdf ffdf ffdf ffdf ffdf ffdf ffdf ffdf ffdf ffdf ffdf ffdf ffdf f7df ffdf ffdf ffdf ffdf ffdf ffdf ffdf ffdf ffdf ffdf ffdf ffdf ffdf ffbf ffdf ffdf ffde ffde ffde ffde ffdf ffdf ffdf ffbe eefb 836d 93ef e6ba e69a e69a 836c 51c5 8bee e699 de9a e6fb c595 72eb 1881 2081 1040 1020 1041 18a2 1040 1041 1081 1061 0820 0800 0000 0000 0000 0000 0000 0000 0000 0000 0000 0000 0000 0000 0000 1020 4144 59c6 7288 8309 82c9 b44e bc8f ccf1 cd12 d532 d573 dd74 dd94 d553 d533 c4d1 9b4b 5964 6a06 6a06 69e5 59a4 7a67 932a b3ee c44f cc90 ccd1 ccb1 ccb1 c490 c490 bc4f abac abac c46f ccd0 ccf1 d511 d512 dd73 e5f6 e616 ee37 e616 e5f6 e5f6 e5f6 e616 e616 e616 ee37 e617 ee17 e637 ee37 ee57 ee57 ee57 e637 e637 ee37 e616 e616 e5f6 e5d5 ddd5 ddb4 d573 d532 cd11 ccd0 c48f bc4e b40d abcc a38b 932a 7aa8 6a88 1881 0800 0000 0000 0000 0000 0841 0800 1041 20a2 20a2 20a2 1882 20a2 20a2 20a2 1041 1020 1020 1041 1041 1020 1881 2082 2082 28c3 20a2 28e3 20a2 28a2 20a2 1860 3103 20a2 0800 0800 0800 0800 1041 1041 0820 0800 1020 1020 1841 1840 1860 2081 9c50 93ee 93ef a492 ffbe ffbf ffdf ffdf ffdf ffdf ffdf ffdf ffdf ffdf ffdf ffdf ffdf ffdf ffdf ffdf ffdf ffdf ffdf ffdf ffdf ffdf f7be ffdf ffdf ffdf ffdf ffdf ffdf ffdf ffdf ffdf ffdf ffdf ffdf ffdf ffdf ffdf ffdf f7be ffdf ffdf ffdf ffdf ffdf ffdf ffdf ffdf ffdf ffdf ffdf ffdf ffdf ffdf ffdf ffdf ffdf ffdf 
ffdf ffdf ffdf ffdf ffdf ffdf ffdf ffdf ffdf ffdf ffdf ffdf ffdf ffdf ffdf ffdf ffdf ffdf ffdf ffdf ffdf ffdf ffdf ffdf ffdf ffdf ffdf ffdf ffdf ffdf ffdf ffdf ffdf ffdf ffbf ffdf ffbf ffdf ffdf ffdf ffdf ffdf ffdf ffdf ffdf ffdf f7df ffdf ffdf ffdf ffdf ffdf ffdf ffdf ffdf ffdf ffdf ffdf ffdf ffdf ffdf ffdf ffdf ffdf ffdf ffdf ffbf ffdf ffdf ffdf ffdf ffdf ffdf ffdf ffdf ffdf f7df f7df f7df ffdf ffdf ffdf ffdf ffdf f7df ffdf ffde ffde ffdf ffbe bd13 8b8c cdf7 e6db e6db bd55 72eb 8bad e699 ef1c eefb e6ba cdd6 6289 41c6 20a1 1861 1020 1020 1861 1040 1060 1861 1041 1082 0820 0000 0000 0000 0000 0000 0000 0000 0000 0000 0000 0000 0000 0000 0800 3103 51c5 6a47 7aa8 8b09 9b8b bc6f ccd1 cd11 cd12 d573 dd73 dd73 dd53 d532 c490 8b0a 5943 4902 61e5 59a4 4101 5142 7247 9b4a abcd bc2e c44f c44f c44f c44f abad 8a88 8226 71e5 8247 bc2e ccb0 ccf1 ccf1 dd94 edf6 ee37 ee57 ee37 ee16 e5f6 e5f6 e5f6 e5f6 ee16 ee16 e616 ee37 e637 e637 ee37 e637 e636 e637 e636 e616 e616 e5f6 e5d6 ddb5 ddb4 dd94 d573 d532 ccd1 c4b0 c48f bc4e b3ed abcc 9b6b 8b09 7267 72c9 1000 0000 0000 0000 0000 0000 1062 0800 1041 20a2 20c2 2082 20a2 1861 20a2 20a2 1841 1021 1020 1041 1861 1040 1881 20a1 20a2 20c2 28e3 3144 2081 20a2 20a2 2082 28e3 28e3 1041 0800 0000 0800 1020 1041 0820 0800 0800 1020 1860 1840 2061 2061 5a48 93ef acb1 8bef e6fb ffdf ffdf ffdf ffdf ffdf ffdf ffdf ffde ffde ffdf ffdf ffdf ffdf ffdf ffdf ffdf ffdf ffdf ffdf ffdf ffdf ffdf f7be ffdf ffdf ffdf ffdf ffdf ffbf ffdf ffdf ffdf ffdf ffdf ffdf ffdf ffdf ffdf f7df ffdf f7de ffdf ffdf f7be f7be ffdf ffdf f7be f7be ffdf ffdf ffdf ffdf ffdf ffdf ffdf ffdf 
f7be f7be ffdf ffdf ffdf ffdf ffdf ffdf f7be ffdf ffdf ffdf ffdf ffdf ffdf ffdf f7de f7de f7df ffdf ffdf ffdf ffdf ffdf f7be ffdf ffdf ffdf ffdf ffdf ffdf ffdf f7de f7df ffdf ffdf ffdf f7be ffbf ffdf f7de ffdf ffdf ffdf ffdf ffbf ffbf ffdf f7be f7be ffdf ffdf ffdf ffdf ffdf ffdf f7be ffdf ffdf ffdf ffdf ffdf ffdf ffdf f7de f7df ffdf ffdf ffdf ffdf ffdf ffdf f7be ffdf ffdf ffdf ffbf ffbf ffdf ffdf f7de f7de f7de f7de f7de f7df ffdf ffde ffbe e6da 8b8c b4d2 e6bb de9a e659 836d 5248 de98 e71b e6fb e6fb e6ba cdd6 51e6 3123 1861 1861 1020 1041 20a2 1041 1861 1061 0820 1881 0820 0000 0000 0000 0020 0000 0000 0000 0000 0000 0000 0000 0000 0000 0000 18a1 49a5 6206 7a67 8ae9 932a abed c490 ccf1 cd12 d533 dd54 dd74 dd73 cd31 bc6e 8b09 5984 40c2 38a2 3903 38e2 30a1 40e2 6a06 8ae9 a36b b3cd b3cd b3ed a38b 9b8a b40d bc2d b40d a36b ab6b bc0d c46f d533 ee16 ee37 ee37 ee37 ee38 e637 e616 ddf6 e636 e616 e616 e617 e617 ee17 e5f6 e616 ee17 ee17 ee37 ee17 ee16 ee16 ddf5 ddd5 ddd5 ddb4 ddb4 dd73 d532 d532 c4b0 c490 c46f bc2e b3cd abac 9b4a 8ae9 6a46 6267 0800 0000 0000 0000 0000 0000 1061 0000 1861 2082 2082 2082 28e3 1881 20a2 1881 1040 1040 1020 1040 1861 1840 2081 1860 1881 20a2 28c3 3945 20a1 28e3 18a1 1881 28e2 2923 18a1 0820 0020 0000 0000 1041 1020 0800 1021 1020 1841 1840 1840 2080 3143 8bcd 8bcd 6289 ce17 ffdf f7be f7be ffdf ffdf ffdf ffdf ffdf ffdf f7de f7de ffdf ffdf ffdf ffdf ffdf ffdf ffdf f7be ffdf ffdf ffbf ffdf ffdf ffdf f7be f7be f7be ffdf ffdf ffdf ffdf ffdf f7be f7be ffdf ffdf ffdf ffdf ffdf ffdf f7be f7be ffdf ffdf ffdf ffdf ffdf ffdf ffdf ffdf ffdf ffdf ffdf ffdf ffdf ffdf 
ffdf f7be ffdf ffdf ffdf ffdf ffdf ffdf ffdf ffdf ffdf ffdf ffdf f7be ffdf ffdf ffdf ffdf ffdf ffdf ffdf ffdf ffdf ffdf ffdf ffdf ffdf ffdf ffdf ffdf f7de ffdf f7be ffdf ffdf ffdf ffdf ffdf ffdf ffdf f7df ffdf ffdf ffdf ffdf ffdf ffdf ffdf ffdf ffdf ffdf ffdf ffdf ffdf ffdf ffdf ffdf ffdf ffdf ffdf ffdf ffdf ffdf f7be ffdf ffdf ffdf ffdf ffdf ffdf ffdf ffdf ffdf ffdf ffdf ffdf ffdf f7be f7df f7df ffde ffde ffde ffdf ffdf ffdf f7df ffdf f79d c5b5 838c d617 de7a e6bb cdb6 7b4c 732b e6da e6fb ef3c eefb e69a b513 49a6 49c6 1881 1881 1020 1040 20a2 1040 1040 1881 0820 1882 0800 0800 0000 0000 0000 0000 0000 0000 0000 0000 0000 0000 0000 0000 0000 1020 4164 59e5 7267 82c8 932a a3ac b44f c4b0 ccf1 cd12 d533 d553 d553 ccf1 bc4f 934a 6a06 5143 40e2 3081 2840 2860 2881 38a1 5985 7a68 930a a34b a36c abcd c46f d512 d532 d532 ccf1 c4b0 ccf1 dd74 ee17 ee57 ee57 ee58 ee57 ee57 ee37 e636 e636 ee36 e616 e5f6 e5f6 e5f6 e5f6 e5f6 e5f6 e5f6 e5f6 e616 e616 e5f6 e5f6 ddd5 ddd5 ddb4 ddb4 d593 d573 d532 d512 ccd0 c490 bc6f b40d abac a36b 932a 7aa8 7aa8 6226 0800 0000 0000 0000 0000 0800 1061 0800 1040 18a2 1061 1881 20c3 20a2 1881 1881 1040 1841 1040 1861 1861 1040 1881 1881 1881 20a2 28c2 3124 20a2 20a2 20a2 20c2 1860 28c3 20c2 0820 0000 0000 0800 1041 1041 0820 0800 1020 1040 1040 1840 2081 3923 6aa9 b4d2 6aa9 9c91 ff9e f7be ffdf ffdf ffdf ffdf ffdf f7be ffde ffdf ffdf ffdf ffdf ffdf ffdf ffdf ffdf ffdf ffdf ffdf ffdf ffdf ffdf ffdf ffdf ffdf ffdf ffdf ffdf ffdf ffdf ffdf ffdf ffdf ffdf ffdf ffdf ffdf ffdf ffdf ffdf ffdf f7be ffdf ffdf ffdf ffdf ffdf ffdf ffdf ffdf ffdf ffdf ffdf ffdf ffdf ffdf 
ffdf ffdf ffdf ffdf ffdf ffdf ffdf ffdf ffdf ffdf ffdf ffdf ffdf ffdf ffdf ffdf ffdf ffdf ffdf ffdf ffdf ffdf ffdf ffdf ffdf ffdf ffdf ffdf ffdf ffdf ffdf ffdf ffdf ffdf f7be ffdf ffdf f7be ffdf ffdf ffdf ffdf ffdf ffdf ffdf ffdf ffdf ffdf ffdf ffdf ffdf ffdf ffdf ffdf ffdf ffdf ffdf ffdf ffdf ffdf ffdf ffdf ffdf ffdf ffdf ffdf ffdf ffdf ffdf ffdf ffdf ffdf ffdf ffdf ffdf ffdf ffdf ffdf f7df f7df ffdf ffdf f7df ffdf ffde ffdf f7df f7be d638 9c0f a471 eedb de59 d638 7b0b 4985 b554 e6db e6fb ef3c e6ba d638 9c50 49a5 49a5 1861 20a2 1020 1041 1881 1040 1041 1881 1041 1881 0820 0000 0800 0000 0000 0000 0000 0000 0000 0000 0000 0020 0000 0000 0000 0800 28e2 4984 6a26 7aa7 8b09 9b6b abed bc6f ccf1 d512 d512 d532 d552 cd12 bc90 a3ac 82a8 7226 59a5 4943 38e3 30a1 3081 30a1 38a1 40e1 61a4 8288 abcc ccf2 dd74 e5b5 e5d6 e5d6 e5d6 e5f6 e5f6 ee37 f658 ee58 ee58 ee58 ee57 e637 ee57 ee37 ee37 ee16 e616 e5f6 e5f6 e5f6 e5f6 e5f6 e5f6 e5f6 e5f6 e5d5 e5d5 e5f5 ddd5 e5d5 ddd5 dd94 d593 d573 d553 cd32 cd12 c4d0 c490 bc4e b3ed a3ac 9b6b 8b09 7246 8b4a 51a5 0800 0000 0000 0000 0000 0820 1061 0820 1881 18a2 1881 18a2 20a2 1861 1881 1881 1040 1861 1040 1841 1020 1861 20a1 1861 2081 28e3 28c2 3144 28c2 20c2 20a2 28c3 1860 28c2 20c3 1041 0000 0000 0800 1020 1020 1020 0800 0800 1040 1860 1840 2081 4164 3924 c554 7b2c 838d eefb ffde ffdf f7bf ffdf ffbf ffdf ffde ffdf ffbf ffbf ffdf ffdf ffdf ffdf ffdf ffdf ffdf ffdf ffdf ffdf ffdf ffdf ffdf ffdf ffdf ffdf ffdf ffdf ffdf ffdf ffdf ffdf ffdf ffdf ffdf ffdf ffdf ffdf ffdf ffdf ffdf ffdf ffdf ffdf ffdf ffdf ffdf ffdf ffdf ffdf ffdf ffdf ffdf ffdf ffdf ffdf 
ffdf ffdf ffdf ffdf ffdf ffdf ffdf ffdf ffdf ffdf ffdf ffdf ffdf ffdf ffdf ffdf ffdf ffdf ffdf ffdf ffdf ffdf ffdf ffdf ffdf ffdf ffdf ffdf ffdf ffdf ffdf ffdf ffdf ffdf ffdf ffdf ffdf ffdf ffdf ffdf ffdf ffdf ffdf ffdf ffdf ffdf ffdf ffdf ffdf ffdf ffdf ffdf ffdf ffdf ffdf ffdf ffdf ffdf ffdf ffdf ffdf ffdf ffdf ffdf ffdf ffdf ffdf ffdf ffdf ffdf ffdf ffdf ffdf ffdf f7be ffdf ffdf ffdf ffdf ffdf ffdf ffdf ffdf ffdf ffde ffdf f7df ef3c bd54 9c0f de99 de99 eefb bd54 6268 49a5 e699 e6db ef3c ef1c e6da cdd6 7b2b 72ea 3924 2061 20a2 1020 1040 1881 1041 1041 1881 1861 1061 0820 0800 0000 0000 0000 0000 0000 0000 0000 0000 0000 0000 0000 0000 0000 0000 1881 4164 59e5 7287 8b09 9b6a 9b6a b42e bc6f ccf1 ccf1 cd11 cd11 ccf1 c490 abed 9b6b 8ae9 7267 61c5 59a5 4943 4923 4923 5144 69e5 8ae9 b44e cd12 ddb5 e637 ee57 e657 e657 ee57 ee77 ee78 ee78 f698 f678 ee58 ee58 ee58 ee58 ee57 ee37 ee37 e616 e5f6 e616 e5f6 e5f6 e5f5 e5f5 e5f6 e5f5 e5f5 e5d5 e5d5 e5d5 e5d5 e5d5 ddb4 dd94 dd73 d553 cd32 cd11 ccf1 c4b0 c46f bc2e abed a38b 932a 82c8 7a87 93ac 3923 0800 0000 0000 0000 0000 1041 0840 1040 1881 1881 2081 20a2 20a2 2082 2903 18a2 1020 1882 1020 1861 1840 2081 2081 1861 20c2 28e3 28e3 3124 28c2 28e3 2081 28e3 1840 20a2 28e3 1881 0000 0000 0000 0820 1041 0800 0800 1020 1040 1860 28a1 2061 3923 49c6 8bce b4f3 940f bd75 ffde ffbf ffdf ffdf ffdf ffdf ffdf ffdf ffdf ffdf ffdf ffdf ffdf ffdf ffdf ffdf ffdf ffdf ffdf ffdf ffdf ffdf ffdf ffdf ffdf ffdf ffdf ffdf ffdf ffdf ffdf ffdf ffdf ffdf ffdf ffdf ffdf ffdf ffdf ffdf ffdf ffdf ffdf ffdf ffdf ffdf ffdf ffdf ffdf ffdf ffdf ffdf ffdf ffdf ffdf ffdf 
ffdf ffdf ffdf ffdf ffdf ffdf ffdf ffdf ffdf ffdf ffdf ffdf ffdf ffdf ffdf ffdf ffdf ffdf ffdf ffdf ffdf ffdf ffdf ffdf ffdf ffdf ffdf ffdf ffdf ffdf ffdf ffdf ffdf ffdf ffdf ffdf ffdf ffdf ffdf ffdf ffdf ffdf ffdf ffdf ffdf ffdf ffdf ffdf ffdf ffdf ffdf f7be ffdf ffdf ffdf ffdf ffdf ffdf ffdf ffdf ffdf f7be ffdf ffdf ffdf ffdf ffdf ffdf ffdf ffdf ffdf ffdf ffdf ffdf ffdf ffdf ffdf ffdf ffdf ffdf ffdf ffdf ffbf ffdf ffdf ffde ff9d d617 a44f bd53 ef1b d679 e69a a491 5206 83ad ef1c e6db ef3d ef1c eeda c595 836c 6aca 3103 2081 20a2 1020 1861 1061 1040 1061 1861 1882 1061 0800 0820 0000 0000 0000 0000 0000 0000 0000 0000 0000 0000 0000 0000 0000 0000 1020 3923 51c5 6a46 82c8 9b4a 9b6b b40d bc6f c4af ccf0 cd11 cd11 ccd1 c490 bc2e abcd 9b4b 8ae9 82a8 7a67 6a26 6a06 7226 8ac9 abed ccd1 d552 dd73 ddd5 e637 ee78 ee98 ee98 ee78 ee77 ee77 ee98 ee98 ee78 ee78 ee78 ee78 ee58 ee37 e616 ee16 ee16 ee16 ee16 e5f6 e5f6 e5f5 e5f5 e5d5 e5f5 e5d5 e5d5 e5d5 ddb4 ddb5 ddb4 dd74 dd94 dd73 d532 d532 d511 ccd1 c4b0 c48f b42e abcc 9b6b 8b09 7266 8b4a 9bed 3903 0800 0000 0000 0000 0000 1082 0820 1061 1061 18a2 1881 28e3 1882 20a2 28c3 1881 1020 1861 1020 1861 1841 1861 1881 20a1 20a2 28e3 28c3 3124 2081 28c2 28a2 30e3 1861 20a2 20a2 1882 0820 0000 0800 0820 1020 1020 0820 0820 1061 1840 28c2 2081 3924 6aaa 7b4d b513 9c50 83ad ffde ffbe f7be ffde f7de ffde ffff ffdf ffdf ffdf ffdf ffdf ffdf ffdf ffdf ffdf ffdf ffdf ffdf ffdf ffdf ffdf ffdf ffdf ffdf ffdf ffdf ffdf ffdf ffdf f7be ffdf ffdf ffdf ffdf ffdf ffdf ffdf ffdf ffdf ffdf ffdf ffdf ffdf ffdf ffdf ffdf ffdf ffdf ffdf ffdf ffdf ffdf ffdf ffdf ffdf 
f7be ffdf ffdf ffdf ffdf ffdf ffdf ffdf ffdf ffdf ffdf ffdf ffdf ffdf ffdf ffdf ffdf ffdf ffdf ffdf ffdf ffdf ffdf ffdf ffdf ffdf ffdf ffdf f7be ffdf ffdf ffdf ffdf ffdf ffdf ffdf ffdf ffdf ffdf ffdf ffdf ffdf ffdf ffdf ffdf ffdf ffdf ffdf ffdf ffdf ffdf ffdf ffdf ffdf ffdf ffdf ffdf ffdf ffdf ffdf ffdf ffdf ffdf ffdf f7de f7df ffdf ffdf ffdf ffdf ffdf ffdf ffdf ffdf ffdf ffdf ffdf ffdf ffdf ffdf ffbf ffdf ffdf ffdf ffdf ffbe e6da acf2 bd33 d638 e6db ef1c b533 7b4c 732b de78 ef1b f75d ef1c ef1c e699 bd33 6288 8bad 28a1 2081 20a2 1020 1861 1881 1041 1861 1041 20a2 1061 0820 0800 0800 0800 0800 0000 0000 0000 0000 0000 0000 0000 0000 0000 0000 0000 0800 28c2 4985 6206 7287 9329 9b8b abcc bc4e bc6e c4af ccd0 ccd0 ccd1 c490 bc4e ac0d abcc 9b6b 9b4a 9329 932a 932a a38b bc4f cd12 e5b4 e5d5 dd74 ddb5 ee37 ee78 ee78 ee78 ee58 ee78 ee57 ee57 ee77 ee78 ee58 e657 e657 e637 e617 e637 e616 e616 e616 e616 e5f5 e5f5 e5f5 e5d5 e5d5 e5d5 e5d5 e5b5 dd94 e5d5 ddb4 dd94 d553 dd73 dd53 d553 d512 ccf1 ccd1 c4b0 bc6f abed a38b 932a 82a8 7226 a3ed 9bad 28a2 0800 0000 0000 0000 0000 1862 0820 0820 1061 20a2 1881 20e3 1861 1861 20a2 2082 1020 1020 1020 1841 1861 1861 2081 20c2 20a2 20c2 2082 3104 28e3 20a2 20a1 28c2 28c2 1861 20a2 20a2 1040 0000 0000 0800 1041 1021 0800 0800 1040 1861 2903 2081 28e3 7b2c 940f a450 acb1 836c ef1b ffbe f7be f7be ffdf ffdf ffdf f7be ffdf ffdf ffdf ffdf ffdf ffdf ffdf ffdf ffdf ffdf ffdf ffdf ffdf ffdf ffbf ffbf ffdf ffdf ffdf ffdf ffdf ffdf ffdf ffdf ffdf ffdf ffdf ffdf ffdf ffdf ffdf ffdf ffdf ffdf ffdf ffdf ffdf ffdf ffdf ffdf ffdf ffdf ffdf ffdf ffdf ffdf ffdf ffdf 
ffdf ffdf ffdf ffdf ffdf ffdf ffdf ffdf ffdf ffdf ffdf ffdf ffdf ffdf ffdf ffdf ffdf ffdf ffdf ffdf ffdf ffdf ffdf ffdf ffdf f7be ffdf ffdf ffdf ffdf ffbf ffdf ffdf ffdf ffdf ffdf ffdf ffdf ffdf ffdf ffdf ffdf ffdf ffdf ffdf ffdf ffdf ffdf ffdf ffdf ffdf ffdf ffdf ffdf ffdf ffdf ffdf ffdf ffdf ffdf ffdf ffdf ffdf ffdf ffdf ffdf ffdf ffdf ffdf ffdf ffdf f7be ffdf ffdf ffdf ffdf ffdf ffdf ffdf ffdf ffdf ffdf f7df f7df f7de ef5d cdf7 cdd7 bd76 ef1c deba de79 93ee 6268 b512 ff5c deba f77d ef3c e6fb de98 a491 72ea 93ee 2081 20a2 20a2 1841 1861 1061 1041 1061 1861 1861 1061 1040 0800 0800 0800 0820 0000 0000 0000 0000 0000 0000 0000 0000 0000 0000 0000 0800 1861 3944 59e6 7267 82e8 9b6a a38b b40d bc6e c48f ccd0 c4b0 c4b0 c48f bc6e ac0d abed a3ac a3ab a38b b3ed b3ed bc6f d512 ddb4 e616 e5d5 d553 dd94 e5d5 ee57 ee58 e657 ee57 ee57 ee57 ee57 ee57 ee57 ee57 e637 ee57 ee37 e617 e616 e616 e5f6 e5f6 e5f6 e5f5 e5f5 e5f5 e5d5 ddb5 e5d5 dd94 dd94 dd94 ddb4 dd94 dd94 d573 dd73 d553 d512 d512 ccf1 ccd0 c48f bc4e abed 9b6b 8ae8 7a67 9309 ac0e 832b 2040 0800 0000 0000 0000 0000 1041 0800 0820 1040 20a2 18a2 20a2 1040 20c2 20c2 20a2 1841 1020 1040 1861 1861 20a2 1881 28c2 20a2 20a2 2082 3104 30e3 20a2 2903 28e2 3124 1840 28c3 1881 1881 0000 0000 0800 1021 1021 0800 1020 1861 1841 4185 2061 3944 6269 7b2b 838d bd33 7b2b d638 ffbe ffde ffdf f7bf ffdf ffdf ffbf ffdf ffdf f7be ffdf ffdf ffdf ffdf ffdf ffdf ffdf ffdf ffdf ffdf ffdf ffdf ffdf ffdf ffdf ffdf ffdf ffdf ffdf ffdf ffdf ffdf ffdf ffdf ffdf ffdf ffdf ffdf ffdf ffdf ffdf ffdf ffdf ffdf ffdf ffdf ffdf ffdf ffdf ffdf ffdf ffdf ffdf ffdf ffdf 
ffdf ffdf ffdf ffdf ffdf ffdf ffdf ffdf ffdf ffdf ffdf ffdf ffdf ffdf f7be ffdf ffdf ffdf ffdf ffdf ffdf ffdf ffdf f7be ffdf ffdf ffdf ffdf f7df ffdf f7df f7be ffdf ffdf ffdf ffdf ffdf ffdf f7df ffdf ffdf ffbf ffdf ffdf ffdf ffdf f7df f7df ffdf ffdf ffdf ffdf ffdf ffdf ffdf f7be ffdf ffdf ffdf ffdf ffdf ffdf ffdf ffdf ffdf ffdf ffdf ffbf ffdf ffdf ffdf ffdf ffdf ffdf ffdf ffdf ffdf ffdf f7df ffdf ffdf ffdf ffdf ffbf ffde d617 b4f3 d5f7 cdd7 eedb eefb bd54 5a27 8bad cdd6 f73c e6fb f77d ef3c eefb d617 836c 72ea 730a 2081 28c2 20a1 1840 1041 1040 1020 1881 1861 1861 1041 1021 0800 0800 0800 0800 0000 0000 0000 0000 0000 0000 0000 0000 0000 0000 0000 0000 1000 3123 49a5 6227 7aa8 9329 a38b abac b42d bc6e c48f c48f c48f c490 bc4e b40d abed abcc abcc abed bc4e bc6f ccb0 dd53 e5b5 ee16 e5d5 d532 dd32 e594 ee16 ee37 ee37 ee37 ee37 e637 e637 e637 ee37 ee37 e637 e637 e637 e616 e616 e5f6 e5d5 e5d5 e5d5 e5f5 e5d5 e5f6 e5d5 e5d5 e5d5 ddb5 ddb4 dd94 dd94 dd74 dd74 d573 d573 d533 d512 d512 ccd1 ccb0 c48f b42e a3ac 9309 7a87 7226 abec ac0d 7aea 1820 0000 0000 0000 0000 0000 1081 0820 0800 1061 20c2 1861 1881 1040 1881 20c2 20c2 1861 1040 1020 1861 1861 1841 1861 28e3 20a2 28e3 28c2 28c3 3124 20a2 28e3 3103 3124 1861 28e3 1841 1061 0840 0820 0800 0820 1041 0820 0820 0820 1861 4185 28c2 72ea 51e7 834c 8bae 9c50 b533 9c71 f77d ffbe ffdf ffdf ffdf ffdf ffbf ffdf ffdf ffbf ffbf ffdf ffdf ffdf ffdf ffdf ffdf ffdf ffdf ffdf ffdf f7df ffdf ffdf ffdf ffdf ffdf ffdf ffdf ffdf ffdf ffdf ffdf ffdf ffdf ffdf ffdf f7be ffdf ffdf ffdf f7be ffdf ffdf ffdf ffdf ffdf ffdf ffdf ffdf ffdf ffdf ffdf ffdf ffdf 
f7de f7de ffdf ffdf ffdf ffdf ffdf ffdf f7be f7be ffdf ffdf ffdf ffdf ffdf ffdf f7be f7be ffdf ffdf ffdf ffdf ffdf ffdf f7be ffdf ffdf ffdf ffdf ffdf ffdf ffdf f7de f7de ffdf f7df ffdf ffdf ffdf ffdf f7be f7be ffdf ffdf ffdf ffbf ffdf ffdf f7be f7be ffdf ffdf ffdf ffdf ffdf ffdf f7be ffdf ffdf ffdf ffdf ffdf ffdf ffdf f7be f7be ffdf ffdf ffdf ffdf ffdf ffdf f7be f7be ffdf ffdf ffdf ffdf ffdf ffdf f7de f7de f7de ffde f71b b4f3 d638 d638 e6db de9a d658 9c50 49a5 b4f3 f75c deda ef7d ef7d ef3c e6da c595 7aea 9c0f 51e7 2081 20a2 1881 1861 1041 1020 1041 20a2 1061 1040 1040 0840 0820 0800 0820 1041 0000 0000 0000 0000 0000 0000 0000 0000 0000 0000 0020 0000 0800 20a1 4985 6206 7287 82c9 932a a38c abcc b40d bc4e c48f bc6e bc6e b42d b42d abed abcc abed b42e bc2e bc2e cc8f d4d1 e532 ed94 e532 dd11 d511 dd52 f656 ee16 ee16 ee37 ee57 ee37 ee16 ee17 ee37 ee37 ee17 ee37 e617 ee17 e5f5 e5d5 e5f5 e5d5 e5d5 e5f5 e5d5 e5d5 ddb4 ddb4 ddb4 dd94 dd94 dd94 dd74 dd94 d573 d573 d572 d552 cd12 ccf1 ccf1 c4b0 bc2e abcc 9b6b 8ac8 7226 932a bc2e a3ed 6a88 0820 0000 0000 0000 0000 0000 1061 0800 0800 1861 20c2 1861 1861 1861 1881 20c1 1880 1880 1040 1040 1061 1861 1881 1840 20c2 28c2 28e2 28e3 20a2 3124 28c3 20a2 20c2 3123 2081 2903 1861 18a2 1862 0000 0000 0800 1040 1041 0800 1020 1861 1060 5227 41a5 5207 93ee a450 ac91 b4f3 a491 e6fb ffde ffbf ffdf ffbf ffbf ffdf f7be f7be ffdf ffdf f7be ffdf ffdf ffdf f7be f7be ffdf ffdf ffdf ffdf ffdf ffdf f7be ffdf ffdf ffdf ffdf ffdf ffdf ffdf f7be ffdf ffdf ffdf ffdf ffdf ffdf ffdf f7be f7be ffdf f7be ffdf ffdf ffdf ffdf f7be f7be ffdf ffdf ffdf ffdf ffdf ffdf 
ffdf ffbe f7be ffdf ffdf ffdf ffdf ffdf ffdf ffdf ffdf ffdf ffdf ffdf ffdf ffdf ffdf ffdf ffdf ffdf ffdf ffdf ffdf ffdf f7be f7be ffdf ffdf ffdf ffdf ffdf ffdf ffdf ffbf ffdf ffdf ffdf ffdf ffdf ffdf ffdf ffdf ffdf ffdf ffdf ffdf ffdf f7df ffdf ffdf ffdf ffdf ffdf ffdf ffdf ffdf ffdf ffdf ffdf ffdf ffdf ffdf ffdf ffdf ffdf ffdf ffdf ffdf ffdf ffdf ffdf ffdf ffdf ffdf ffdf ffdf ffdf ffdf ffdf ffdf ffdf ffdf ffde ffbe b534 d618 d639 e6db e71c deba c5b5 5a48 7b2c e699 f75c e71c f79d ef7d ef3c de78 acd2 6248 9c2f 3924 28a2 28a2 1861 1841 1041 1861 1040 1881 1041 1040 1040 1040 0820 0800 0800 1041 0000 0000 0000 0000 0000 0000 0000 0000 0000 0000 0000 0000 0800 1860 3923 59e5 6a47 82a8 8b09 9b4a a3ab abec b42d bc2e bc4e bc4e b42d abed a3cc a3ac a38b abac b3cc bbac bbcc cc0e d46e dcb0 dcd0 dcb0 e4b0 dc90 dcd1 e532 edb4 f5f5 f636 e5f6 e5f6 ee17 e616 e616 e616 ee16 e616 e616 e5f5 ddd5 ddd4 ddd4 e5b5 e5d5 e5d5 e5d5 e5d5 ddb4 ddb4 dd94 dd94 dd94 dd74 dd74 d553 d553 d553 d512 ccf1 ccf1 c4b0 bc6f b40d a3ac 9309 8287 7a46 b40d bc6e a3cc 6247 1000 0000 0000 0000 0000 0000 1040 1040 0800 1040 20a2 1881 1841 1861 1861 28c2 1881 20a2 1840 1020 1861 1841 1841 1881 20c2 28e3 20c2 2903 20a1 3123 28e2 1861 28e2 3123 28c2 28c2 20a2 1881 1061 0841 0000 0820 1021 1041 0800 0800 1841 1860 3924 3944 5a27 93ef acb2 c575 acd3 cdd7 c5d6 ffbf ffdf ffdf ffdf ffde ffde ffdf ffdf ffdf ffdf ffdf ffdf ffdf ffdf ffdf ffdf ffdf ffdf ffdf f7be ffdf f7be ffdf ffdf ffdf ffdf ffdf ffdf ffdf ffdf ffdf ffdf ffdf ffdf ffdf ffdf ffdf ffdf ffdf ffdf ffdf ffdf ffdf ffdf ffdf ffdf f7be ffdf ffdf ffdf ffdf ffdf ffdf ffdf 
ffdf ffdf ffdf ffdf ffdf ffdf ffdf ffdf ffdf ffdf ffdf ffdf ffdf ffdf ffdf ffdf ffdf ffdf ffdf ffdf ffdf ffdf ffdf ffdf ffdf ffdf ffdf ffdf ffdf ffdf ffdf ffdf ffbf ffdf ffdf ffdf ffdf ffdf ffdf ffdf ffdf ffdf ffdf ffdf ffdf ffdf f7df f7df ffdf ffdf ffdf ffdf ffdf ffdf ffdf ffdf ffdf ffdf ffdf ffdf ffdf ffdf ffdf ffdf ffdf ffdf ffdf ffdf ffdf ffdf ffdf ffdf ffdf ffdf ffdf ffdf f7be f7be ffdf ffdf ffdf ffbf ffbe e6da a4d3 de9a e6fb e6bb e6fb bd75 a471 49a6 bd34 f71b ef3c ef5d f77d ef5c ef1c cdd6 7b2c 8bad 8bce 28a2 28a2 2081 2081 1861 1061 1861 1041 1882 1061 0820 1040 0820 0820 0000 0800 0820 0000 0000 0000 0000 0000 0000 0000 0000 0000 0000 0000 0000 0000 0820 28c2 4984 6206 7247 82e9 932a 9b6a abac abec b42d b40d abed abed a3ac 9b8b 9b4a 930a 92c9 a309 b32a bb4a bb4b bb8b c3cc d42e d3ed d3ed d3ed d40d d40d d44e d46f dcf1 e532 e594 e5b4 e5d5 e5d5 e5f6 e5f6 e5f5 e5f6 e5f5 ddb5 ddb4 ddb4 e5b4 e5b4 ddb4 ddb4 ddb4 dd94 dd94 dd94 dd94 dd94 dd73 dd73 dd53 d553 d532 d511 ccf1 ccd0 c48f b44e abec 9b6a 82c8 7225 9b6a bc6f bc4e a3ed 5a07 0800 0000 0000 0000 0000 0820 0820 0840 0800 1861 1881 1861 1841 1840 1840 28c3 2082 1841 1861 1020 1861 1861 1020 1861 28c3 28e3 28c2 20c2 28e2 3124 3144 1861 3124 3103 2903 1881 20c2 1040 20a2 0820 0800 0800 1021 1040 1020 0800 1841 28e2 3944 4164 6289 49a6 8bae acf3 b4f3 a4b2 cdd7 f77d ffbe ffde f7de ffdf ffdf ffdf ffdf ffdf ffdf ffdf f7be ffdf ffdf ffdf ffdf ffdf ffdf ffdf ffdf ffdf f7be ffdf ffdf f7be ffdf ffdf ffdf ffdf ffdf ffdf ffdf ffdf ffdf ffdf ffdf ffdf ffdf ffdf ffdf ffdf ffdf ffdf ffdf ffdf ffdf ffdf ffdf ffdf f7be ffdf ffdf ffdf ffdf 
ffdf ffdf ffdf ffdf ffdf ffdf ffdf f7be ffdf ffdf ffdf ffdf ffdf ffdf ffdf ffdf ffdf ffdf ffdf ffdf ffdf ffdf ffdf ffdf f7be ffdf ffdf ffdf ffdf ffdf ffdf ffdf ffdf ffdf ffdf ffdf ffdf ffdf ffdf ffdf ffdf ffdf ffdf ffdf ffdf ffdf ffdf ffdf ffdf ffdf ffdf ffdf ffdf ffdf ffdf ffdf ffdf ffdf ffdf ffdf ffdf ffdf ffdf ffdf f7be ffdf ffdf ffdf ffdf ffdf ffdf ffdf ffdf ffdf ffdf ffdf ffdf f7be ffdf ffdf ffdf ffdf ff9e ad13 e6bb e6fc d679 ef1c ef1b 942f 5a07 72aa d618 f75d ef7d ef7d ef7d ef3c eefb c5b5 72ea a491 6289 28e2 28c2 28a2 2081 2081 1861 1040 1041 1882 1881 1041 1040 0820 0820 0000 0820 0820 0000 0000 0000 0000 0000 0000 0000 0000 0000 0000 0000 0000 0000 0800 2061 3923 59c5 6a47 7a88 8ae9 932a a38b abac b3ec abec abcc 9b8b 9b6b 8b0a 7a88 7226 7a06 9288 a2a8 a2c8 aac8 b2e9 b309 c36b cb8b cbac cb8c cbcc d3ed d40e d40e d42e d44f dc90 dcf1 e552 dd73 ddb4 ddb4 ddb5 ddb4 e5b5 ddb4 ddb4 dd94 dd73 dd93 dd94 dd94 dd94 ddb4 dd73 dd73 dd94 dd73 d573 d553 d553 d532 d532 cd11 ccd0 c4af bc6f b40d a3ac 9309 7a67 7a87 bc6f c490 bc4e a3ed 51a5 0800 0000 0000 0000 0000 0820 0820 0820 0800 1861 1881 1840 20a2 1000 1861 28e3 2082 1861 1861 1840 1841 1861 1840 1861 28e3 28c2 2081 20a2 3103 2903 3985 2081 3124 28c2 3103 1861 28e2 1840 1041 1040 0800 0800 1020 1020 1041 0800 1840 1881 2081 49e6 7b4c 6aa9 a470 acd3 e69a a471 c596 e6ba ffbe f7be ffdf ffdf ffdf ffdf ffdf f7be ffdf ffdf ffdf ffdf f7be ffdf ffdf ffdf ffdf ffdf ffdf ffdf f7be ffdf ffdf ffdf ffdf ffdf ffdf ffdf ffdf ffdf ffdf ffdf ffdf ffdf ffdf ffdf ffdf ffdf ffdf ffdf ffdf ffdf ffdf ffdf ffdf ffdf ffdf f7be ffdf ffdf f7be ffdf ffdf 
ffdf ffdf ffdf ffdf ffdf ffdf ffdf ffdf ffdf ffdf ffdf ffdf ffdf ffdf ffdf ffdf ffdf ffdf ffdf ffdf ffdf ffdf ffdf ffdf ffdf ffdf f7be ffdf ffdf ffdf ffdf ffdf ffdf ffdf ffdf ffdf ffdf ffdf ffdf ffdf ffdf ffdf ffdf ffdf ffdf ffdf ffdf ffdf ffdf ffdf ffdf ffdf ffdf ffdf ffdf ffdf ffdf ffdf ffdf ffdf ffdf ffdf ffdf ffdf ffdf ffdf ffdf ffdf ffdf ffdf ffdf ffdf ffdf ffdf ffdf ffdf ffdf ffdf ffdf ffdf ffdf ffdf cdf8 ce18 e6dc ef5e e6db ef1c bd54 5a27 6aa9 9c50 ef3c e71c f79d ef7d ef7d ef3c de79 c575 6aa9 c594 5206 20a1 28a2 2081 20a2 2081 1041 1041 20a2 1882 1861 1020 0820 1041 0820 0000 1021 0820 0000 0000 0000 0000 0000 0000 0000 0000 0000 0000 0000 0000 0000 0000 1020 30e2 5184 61e5 6a46 82c8 8b09 9b4a a38b abcc abcc a38b 9b4b 8288 7227 61c5 5964 69a4 7a06 8a06 8a06 89c5 9226 a247 b2e9 c34b c36b c32a c34b cb8c cbac cbcd cbcc d3cd cbed cc0d cc4e d4b0 dd12 dd53 dd73 dd74 dd74 dd74 dd73 dd73 dd73 dd73 dd73 dd93 dd94 dd94 dd94 dd94 d573 d573 d553 d553 d553 d532 d512 ccf1 ccd0 c48f bc4e b40d 9b6a 82c8 7226 abcc c4b0 c4b0 bc6f 9bcd 4965 0800 0000 0000 0000 0000 0000 1040 0820 0800 1881 18a2 1041 20c2 0800 1841 28e3 2082 2081 2081 1820 1841 1861 1040 1861 28e3 28e3 28e3 28e2 3103 2903 3123 2081 3924 20a2 3944 20a2 28e3 18a2 1861 1882 0800 0000 0820 1040 1040 0820 1020 1860 2081 4165 93ef 836d 4164 8bce e679 bd34 cdf7 bdb6 ffbe f7de f7df f7df f7bf ffdf ffdf ffdf ffdf ffdf ffdf ffdf f7be ffdf ffdf ffdf ffdf ffdf ffdf ffdf ffdf ffdf ffdf ffdf ffdf ffdf ffdf ffdf ffdf ffdf ffdf ffdf ffdf ffdf ffdf ffdf ffdf ffdf ffdf ffdf ffdf ffdf ffdf ffdf ffdf ffdf f7be ffdf ffdf ffdf ffdf ffdf ffdf 
f7df f7df ffdf ffdf ffdf ffdf ffdf ffdf ffdf ffdf ffdf ffdf ffdf ffdf ffbf ffdf ffdf ffdf ffdf ffdf ffdf ffdf ffdf ffdf ffdf ffdf ffdf ffdf ffdf ffdf ffdf ffdf ffdf ffdf ffdf ffdf ffdf ffdf ffdf ffdf ffdf ffdf ffdf ffdf ffdf ffdf ffdf ffdf ffdf ffdf ffdf ffdf ffdf ffdf ffdf ffdf ffdf ffdf ffdf ffdf ffdf ffdf ffdf ffdf ffdf ffdf ffdf ffdf ffdf ffdf ffdf f7be ffdf ffdf ffdf ffdf ffdf ffdf ffdf ffdf ffde ef3c c5d7 ef3c ef5d ef1d e71d eefb 9c0f 8b8d 730b de58 f77d e73c ef7d ef5c f77d ef3c cdf7 c595 8b8d b512 49c6 28e2 20a1 2061 2081 2081 1861 1841 1882 1040 1020 0820 0820 1040 0800 0000 1041 0820 0000 0000 0000 0800 0000 0000 0000 0000 0000 0000 0000 0000 0000 0000 0800 1861 4143 59c5 6a26 7a67 82c8 932a 9b6a a3ab a38b 9b4a 82c9 69e5 5164 40e2 40a2 48c2 5903 6964 7164 6102 6922 7984 9226 bb0a b2e9 aac8 a267 aa88 aaa9 b2c9 bb0a bb2a bb2a b32a b32a bb6b c3ed cc2f cc90 ccd1 ccf1 d4f2 d532 d532 d552 d552 d552 dd73 dd93 dd73 dd73 dd94 dd73 d553 d573 d553 d532 d511 ccf1 ccd0 c48f bc4e b40d a38b 8ae9 7a66 8ae9 bc8f ccd0 ccd0 bc6f 9bac 4144 0800 0000 0000 0000 0000 0800 1041 0820 0820 1041 1061 1040 18a2 1020 1040 20a2 20a2 2082 28c3 1840 1840 28c2 1840 2081 28c2 1881 28e3 2903 20a2 3103 3144 28c2 3965 20a2 49e7 2082 28c3 20c2 1861 20a2 0820 0020 0000 0820 1020 1040 0820 20a2 4185 28a1 6aca 72ea 730b 5228 d618 d5f7 cdd7 acf3 ff9e ffbe ffde f7be ffde ffdf ffdf ffdf ffdf ffdf ffdf f7be ffdf ffdf ffdf ffdf ffdf ffdf ffdf ffdf ffdf f7be ffdf ffdf ffdf ffdf ffdf ffdf ffdf ffdf ffdf ffdf ffdf ffdf ffdf ffdf ffdf ffdf ffdf ffdf ffdf ffdf ffdf ffdf ffdf ffdf ffdf ffdf ffdf ffdf ffdf ffdf ffdf 
f7df ffff ffdf ffdf ffdf ffdf ffdf ffdf ffdf ffdf ffdf ffdf ffdf ffdf ffbe ffdf ffdf ffdf ffdf ffdf ffdf ffdf ffdf ffdf ffdf ffdf ffdf ffdf ffdf ffdf ffdf ffdf ffdf f7de ffdf ffdf ffdf ffdf ffdf ffdf ffdf ffdf ffdf ffdf ffdf ffdf ffdf ffdf ffdf ffdf ffdf ffdf ffdf ffdf ffdf ffdf ffdf ffdf ffdf ffdf ffdf ffdf ffdf ffdf ffdf ffdf ffdf ffdf ffdf ffdf ffdf ffdf ffdf ffdf ffdf ffdf ffdf ffdf ffdf ffdf ffde b575 e73c e73c ef5d dedb f77e bd95 838c 93ee 838d f75c f79d ef7d f79e ef5d ef3c ef1c cdd6 bd13 9c2f acb1 5a27 28c2 28a1 2081 20a1 1881 1881 1041 1861 1040 0820 0820 0820 1041 0800 0000 0841 0800 0000 0000 0000 0820 0000 0000 0000 0000 0000 0000 0000 0000 0000 0000 0000 1020 30e3 4985 6206 7247 7a87 8ac8 932a a36b a38b 932a 7247 5123 40c2 38a2 3881 4081 4082 4082 3061 2820 2800 3861 6103 81c6 9207 81a5 6903 6923 6944 7985 89e7 9207 9207 9227 9a67 9a68 9a88 9ac9 a32a ab8c b3ed c48f ccd0 d511 d532 d552 d553 d573 dd93 dd73 dd94 dd94 dd73 d553 d553 d532 d512 ccf1 ccd0 c4b0 bc6e b42d abac 932a 7a67 7246 b42e ccd0 ccf1 c4d0 bc4f 938c 30e3 0800 0000 0000 0000 0000 0000 1041 0820 0820 1881 1861 1861 2081 1020 1861 20a2 20a2 1881 20a2 1861 1020 2081 1860 2081 28e3 20a2 28c3 28e3 28c3 28c3 2903 28e3 3103 20c2 41c6 20a2 3123 20a2 1881 1882 1020 0800 0820 0800 1021 1020 1020 28e3 28c3 51e7 5a28 7b4c 8bae 49e7 d638 d618 acd3 acd3 ef1c ffbe ffde ffde ffde ffdf ffdf ffdf ffdf ffdf ffdf ffdf ffdf ffdf ffdf ffdf ffdf ffdf ffdf ffdf ffdf ffdf ffdf ffdf ffdf ffdf ffdf ffdf ffdf ffdf ffdf ffdf ffdf ffdf ffdf ffdf ffdf ffdf ffdf ffdf ffdf ffdf ffdf ffdf ffdf ffdf ffdf ffdf ffdf ffdf ffdf ffdf ffdf 
ffdf ffdf ffbf ffbf ffdf ffdf ffdf ffdf ffdf ffdf ffdf ffdf ffdf f7de f7be f7df ffdf ffdf ffdf ffdf ffdf ffdf ffdf ffdf ffdf ffdf ffdf ffdf ffdf ffdf ffdf ffdf ffdf ffdf ffdf ffbf ffdf ffdf ffdf ffdf ffdf ffdf ffdf ffdf ffdf ffdf f7df ffdf ffdf ffdf ffdf ffdf ffdf ffdf f7be ffdf ffdf ffdf ffdf ffdf ffdf ffdf ffdf ffdf ffdf ffdf ffdf ffdf ffdf ffdf ffdf ffdf ffdf ffdf ffdf ffdf ffdf f7be ffdf ffdf ff9e a514 f79e f77e ef5d debb e6db b514 6268 836c bd74 ff7d ef7d ef7e f79d ef5d ef5c e6db d5f7 acb1 b4b2 9c2f 51c6 2081 2081 20a2 2081 20a1 1881 1061 1041 1041 0820 1021 0820 0820 0800 0800 0820 0820 0000 0000 0800 0820 0000 0000 0000 0000 0000 0000 0000 0000 0000 0000 0000 0800 2081 3923 51c5 6a26 7287 82c8 8ae9 9b4a a36b 930a 8288 6184 48e2 3040 2820 2800 2800 3020 3820 4020 3820 3820 3020 3020 3821 4041 4861 5082 5081 5061 5060 5060 50a1 60c2 7103 7944 7984 79a5 79c5 8a67 ab8c c490 ccd1 ccf1 d532 d532 d553 dd73 dd73 dd94 dd94 dd73 d553 d532 d532 d512 ccf1 ccb1 c490 c44f b40d abec 9b6b 82a8 7246 9b8c c4b0 ccf1 ccf1 c4d0 b44e 8b4b 30e3 0800 0000 0000 0000 0000 0800 1020 1040 1020 1881 1861 1840 1881 1020 1040 20a2 2082 20a2 28c3 1840 1840 2082 1840 1860 20a2 2082 28c2 20c2 20a2 28c2 3944 3124 3103 28c2 3965 28e3 3944 1881 1861 1861 1861 0820 0000 0800 1021 1040 1020 1841 2082 4165 4165 5a27 bd33 6269 cdd7 e67a c596 cdd7 c596 ffbe ffdf f7df ffdf ffdf ffdf ffdf f7be ffdf ffdf ffdf f7be ffdf ffdf ffdf ffdf ffdf ffdf ffdf ffdf ffdf ffdf ffdf ffdf ffdf ffdf ffdf ffdf ffdf ffdf ffdf ffdf ffdf ffdf ffdf ffdf ffdf ffdf ffdf ffdf ffdf ffdf ffdf ffdf ffdf ffdf ffdf ffdf ffdf ffdf f7be ffdf 
f7be ffdf ffdf ffdf ffdf ffdf ffdf ffdf ffdf ffdf ffdf ffdf ffdf ffdf ffdf ffdf ffdf f7be ffdf ffdf ffdf ffdf ffdf ffdf f7be f7be ffdf ffdf ffdf ffdf ffdf ffdf f7df f7df f7df f7df ffdf ffdf ffbf ffbf f7df f7de ffdf ffdf ffbf ffdf ffdf ffdf f7de f7df ffdf ffdf ffdf ffdf ffdf ffdf f7be f7be ffdf ffdf ffdf ffdf ffdf ffdf ffde f7be ffde ffdf ffdf ffdf ffdf ffdf f7be ffde ffdf ffdf ffdf ffbf ffdf ffdf e71b c617 f7be ef7d e6fb e6db cdd6 9c2f a44f a450 e6db f77e ef7d f79e f79e f77d e6da deb9 d637 8bad c574 8b8d 49a5 28a2 1860 20a1 20a2 28c2 1861 1861 1841 1041 0800 0820 0840 0820 0800 0820 0800 0820 0000 0000 0800 0820 0800 0800 0800 0000 0000 0000 0000 0000 0000 0000 0000 0000 0800 28a2 4144 6206 6a47 82a8 8ae9 932a 9329 8b09 82e8 7a67 69e5 48e2 3860 4061 50c2 6944 81a6 8986 8965 8124 8104 8145 89a6 9a48 aa89 aa89 aa69 aa49 aa69 aa49 a248 a269 a269 bb4d aaeb b34c cc50 dcf2 ccf1 ccd0 ccd0 cd11 d512 d532 dd73 dd73 d553 d553 dd73 dd53 d532 d532 d512 ccf1 c4d0 c4af bc6e b42e b3ed a38b 8ac8 7a67 82a8 bc6f c4d0 ccf1 ccf1 c4b0 b42e 8b2a 28c2 0000 0000 0000 0000 0000 0820 1061 0820 0800 1061 1861 1841 2082 1020 1861 20c2 1881 20a1 28e2 1840 1841 20a2 1861 1040 20c2 2081 28e3 28c2 28a2 28c2 3103 3164 20c2 28e2 3964 28e3 3123 1881 20a2 1041 1861 1021 0820 0800 0800 1020 1020 1020 20a1 3143 41a5 49c6 72ea 6aaa a492 de79 c5b6 cdb6 b4f3 ff9d ffbf ffdf ffdf f7be ffdf ffdf ffdf ffdf ffdf ffdf ffdf f7be f7be ffdf ffdf ffdf ffdf ffdf ffdf f7be f7de ffdf ffdf ffdf ffdf ffdf ffdf f7be f7be ffdf ffdf ffdf ffdf ffdf ffbf ffdf f7be ffdf ffdf ffdf ffdf ffdf ffdf f7be ffdf ffdf ffdf ffdf ffdf ffdf ffdf 
ffdf ffdf ffdf ffdf ffdf f7be ffdf ffdf ffdf ffdf ffdf ffdf ffdf ffdf ffdf f7be ffdf ffdf ffdf ffdf ffdf ffdf ffdf ffdf ffdf ffdf ffdf ffdf ffdf ffdf ffdf ffdf ffdf ffdf ffdf ffdf ffdf ffbf ffbf ffdf ffdf ffdf ffdf f7df ffdf ffdf ffdf ffdf ffbf ffdf ffdf ffdf ffdf ffdf ffdf ffdf ffdf ffdf ffdf ffdf ffdf ffdf ffdf ffdf f7be ffbe ffde ffde ffdf ffdf ffdf ffdf ffdf ffdf f7be ffdf ffdf ffdf ffdf f7be bdd7 e6fb f79e f79e d679 eedb bd34 93ee a470 a4b1 f75c f77d f77e f79e f77d f75c ef1b e6b9 d617 a470 cdb5 7b2b 3123 2081 2081 28e2 28c2 28c2 20a2 1881 1041 1020 0800 0820 0840 0820 0800 0800 0800 0800 0000 0000 0820 0820 0000 0000 0000 0000 0000 0000 0000 0000 0000 0000 0000 0000 0800 1861 3103 51a5 6226 7287 82c8 9309 8b09 8b08 8ae8 82a7 7246 69e5 5964 71a5 8a06 9a68 b2ea bb0a bb0a bb0a bb09 c30a d36b d38c dbad dbae d3ee dc50 d470 d44f cc0e e4f2 cc4f dcb1 d4b1 dd12 dd33 d4f1 d4f1 d512 d532 d512 d532 d552 d552 dd73 d573 d552 d552 d552 d532 d512 ccf1 ccf1 c4b0 c48f bc4e b40d a3ab 932a 7a67 7246 b42e c4d1 c4f1 ccf1 c4f1 bc90 abed 830a 30e2 0800 0000 0000 0000 0000 0800 1041 0820 0800 1040 1861 1040 2082 1020 1861 28c2 28e3 1881 28e3 1840 1861 2081 1861 1040 28c3 20a2 2082 20a2 20a2 20c2 28e3 3144 20c2 28e3 3944 3103 3144 2082 20a2 1881 1882 1040 1041 0820 0820 1020 1041 1020 1841 28e3 6aca 4164 8b8d 8bae 730c c5b6 d618 cdd6 b4f3 ef3c ffbe ffde ffdf ffdf ffdf ffdf ffdf ffdf ffdf ffdf ffdf ffdf ffdf ffdf ffdf ffdf ffdf ffdf ffdf ffdf ffdf ffdf ffdf ffdf ffdf ffdf ffdf ffdf ffdf ffdf ffdf ffdf f7be ffdf ffdf ffdf ffdf ffdf ffdf ffdf ffdf f7be ffdf ffdf ffdf ffdf ffdf ffdf ffdf ffdf ffdf 
f7be ffdf ffdf f7be ffdf f7be ffdf ffdf ffdf ffdf ffdf ffdf ffdf f7be ffdf ffdf ffdf ffdf ffdf ffdf ffdf ffdf ffdf ffdf ffdf ffdf ffdf ffdf ffdf ffdf ffdf ffdf ffdf ffdf ffdf ffdf ffdf ffdf ffdf ffdf ffdf ffdf ffdf ffdf ffdf ffdf ffdf f7be ffdf ffdf ffdf ffdf ffdf ffdf ffdf f7be ffdf ffdf ffdf ffdf ffdf ffdf ffdf ffdf ffdf ffdf ffbf ffdf ffdf ffdf ffdf ffdf ffdf ffdf ffdf ffdf ffdf ffdf ffdf ffbe ad54 ef3c ffbf f77d d679 e699 acd2 b512 7b4b cdf7 f77d f79e ef7d f79e f77d ef1c eefb e6ba c574 cd95 bd33 93ef 3103 2081 2081 28c2 20c2 1881 1881 1841 1040 1041 0800 0820 1041 0800 0800 0820 0800 0820 0000 0820 0820 0000 0000 0000 0000 0000 0000 0000 0000 0000 0000 0000 0000 0000 0000 0800 20a1 4124 59a5 6a27 7a87 8ae9 8ae8 8b09 82c8 8288 7205 7206 71c5 79a5 8a26 aaa9 bb2a cb6c d38c db8c dbac dbac dbac d3ad d3ce dc71 e575 f5f7 ed74 cc2f d40e dc2f d40e dc90 dc90 d490 d4d1 d4d1 d512 d533 d553 d553 d552 d552 d552 dd53 d552 d552 d552 d532 d512 ccf1 ccd0 ccb0 c48f bc4e b40d abac 9b4a 82a8 6a05 a38c c490 ccf1 ccf1 ccd1 c4d1 bc6f a3ed 7ae9 30e3 0800 0000 0000 0000 0000 0800 1041 0820 0820 0820 1882 1041 1861 1861 1861 28e3 20a2 1861 2903 1840 2081 1861 2081 1861 28e3 2081 20a2 28c2 2081 28c2 3103 4165 28c2 2903 3144 3944 3944 20c2 20a2 20a2 20a2 1040 1041 0820 0820 0820 1041 1020 1041 28e3 8bce 49a5 730b c554 5a28 b534 de38 bd34 de38 d638 ffde ffbe ffdf ffdf ffdf ffdf ffdf ffdf ffdf ffdf ffdf ffdf ffdf ffdf ffdf ffdf ffdf ffdf ffdf ffdf ffdf ffdf ffdf ffdf ffdf ffdf ffdf ffdf ffdf ffdf ffdf ffdf ffdf ffdf ffdf ffdf ffdf ffdf ffdf ffdf ffdf ffdf ffdf ffdf ffdf ffdf ffdf ffdf ffdf ffdf ffdf 
ffdf ffdf ffdf ffdf ffdf ffdf ffdf ffdf ffdf ffdf ffdf ffdf ffdf ffdf ffdf ffdf ffdf ffdf ffdf ffdf ffdf ffdf ffdf ffdf ffdf ffdf ffdf ffdf ffdf ffdf ffdf ffdf ffdf ffdf ffdf ffdf ffdf ffdf ffdf ffdf ffdf ffdf ffdf ffdf ffdf ffbf ffbe f7be ffdf ffdf ffdf ffdf ffdf ffdf ffdf ffdf ffdf ffdf ffdf ffdf ffdf ffdf ffdf ffdf ffdf ffdf ffdf ffdf ffdf ffdf ffdf ffdf ffdf ffdf ffdf ffdf ffdf ffdf ffdf ffde ad34 f79d ffbe e6fc cdf7 cdb6 940e b512 7b4c ef1b f77d f79e f79d f79e f77d ef3c e6fb e6ba acd2 de58 b4f2 7b4c 3944 2081 1861 20a2 28e3 1840 1881 1020 1040 1041 0800 0820 1041 0000 0800 0841 0820 0800 0820 0820 0800 0000 0000 0000 0000 0000 0000 0000 0000 0000 0000 0000 0000 0000 0000 0000 1040 30c2 4123 59c5 7247 7aa8 82c8 82e8 82a8 7a88 6a26 61c5 7206 6984 81e5 a2a8 bb0a cb6c d3ad d3ad d3ac d38c d3ac d3ce cc0e fdd6 f5f6 cc70 d40f dc0e dc0e dc0e dc4f d42f d44e cc8f ccb0 d512 d553 dd73 d573 d573 d553 d553 d552 d552 d552 d552 d552 d532 d511 ccf1 ccd0 c4af c46f b40d abac 9b4a 8ac8 7a46 8ae9 bc6f ccd1 ccf1 ccf1 ccd1 c4b0 bc6f a3cd 7ae9 28e2 0800 0000 0000 0000 0000 0000 1041 0820 0820 1020 1861 1841 1861 1841 1841 28e3 20a2 1861 28e3 1040 1861 1861 20a2 1861 28e3 28c2 2081 20a2 20c2 28e3 3103 3924 28c2 3123 3944 3924 3944 28e2 20a1 20c2 28e3 1040 1041 1041 0820 0800 1021 1041 1020 28c3 acb2 4165 5a27 b4d2 6aaa a450 c575 d637 d658 bd96 ffbe f7be ffdf ffdf ffdf ffdf ffdf ffdf ffdf ffdf ffdf ffdf ffdf ffdf ffdf ffdf ffdf ffdf ffdf ffdf ffdf ffdf ffdf ffdf ffdf ffdf ffdf ffdf ffdf ffdf ffdf ffdf ffdf ffdf ffdf ffdf ffdf ffdf ffdf ffdf ffdf f7be ffdf ffdf ffdf ffdf ffdf f7be ffdf ffdf ffdf 
ffdf ffdf ffdf ffdf ffdf ffdf ffdf ffdf ffdf ffdf ffdf ffdf ffdf ffdf ffdf ffdf ffdf ffdf ffdf ffdf ffdf f7be ffdf ffdf ffdf ffdf ffdf ffdf ffdf ffdf ffdf ffdf ffbf ffdf ffdf ffbf ffdf ffdf ffdf ffdf ffdf ffdf ffdf ffdf ffdf ffdf f7df f7de ffdf ffdf ffdf ffdf ffdf ffdf ffdf ffdf ffdf ffdf ffdf ffdf ffdf ffdf ffdf f7be ffdf ffdf ffdf ffdf ffdf ffdf ffdf ffdf ffdf ffdf ffdf ffdf ffdf ffdf f7be ffdf ad34 ffbe ffbf e6fb de59 940f bd12 b4d2 b513 f77d f79d f79e f79d f79d ef5d ef1b eefb d638 c595 e679 ac91 72ca 5207 2061 20a2 20c2 20e3 1881 1861 1861 0820 0840 0820 0820 1041 0800 0820 0800 0820 0800 0820 0820 0000 0000 0000 0000 0000 0000 0000 0000 0000 0000 0000 0000 0000 0000 0000 0000 0800 1861 30e2 4964 6206 7267 7aa8 82c8 7aa8 7287 7267 5984 61c5 71a5 7164 9a47 b2ea cb6c d38c d3ad d3ac d38c d38c dbcd dbce dbce d3ee d3ee d3ce d3cd dc0e dc2f d42f cc2e cc2e cc90 d512 d553 dd73 dd74 dd73 d573 d573 d553 d553 d532 d532 d552 d532 ccf1 ccf1 ccd0 c48f c48f bc4e b3ed a36b 9309 7a67 8287 ac0d c4b0 cd12 cd12 ccf1 ccf1 c4b0 b44e 9bcc 7ac9 28e2 0800 0000 0000 0000 0000 0000 1021 0820 0820 1040 1861 1840 1881 1861 1861 20a2 28e2 20a2 3103 1040 1861 1881 2081 1861 28e3 28c3 20a2 20a2 28c2 28e3 28c3 28e3 28e3 3124 3124 3965 3965 28c3 28c2 20a2 20c2 1861 0800 0820 0820 0800 1021 1020 1021 1841 5a49 836d 5a07 8bae c575 93ce c555 b554 e6ba bd95 ff9e ffdf f7df ffdf ffdf ffdf ffdf ffdf ffdf ffdf ffdf ffdf ffdf ffdf ffdf ffdf ffdf ffdf ffdf ffdf ffdf ffdf ffdf ffdf ffdf ffdf ffdf ffdf ffdf ffdf ffdf ffdf ffdf ffdf ffdf ffdf ffdf ffdf ffdf ffdf ffdf ffdf ffdf ffdf ffdf ffdf ffdf ffdf ffdf ffdf ffdf 
ffdf ffdf ffdf ffdf ffdf ffdf ffdf ffdf ffdf ffdf ffdf ffdf ffdf f7be ffdf ffdf ffdf ffdf ffdf ffdf ffdf ffdf ffdf ffdf ffdf ffdf ffdf ffdf ffdf ffdf ffdf ffdf ffdf ffdf ffbf ffdf ffdf ffdf ffdf ffdf ffdf ffdf ffdf ffdf ffdf ffdf ffdf ffdf ffdf ffdf ffdf ffdf ffdf ffdf ffdf ffdf ffdf ffdf ffdf ffdf ffdf ffdf ffdf ffdf ffdf ffdf ffdf ffdf ffdf ffdf ffdf ffdf ffdf ffdf ffdf ffdf ffdf ffdf ffdf ffde 9cb2 ffde ffbf e6db cdd7 ac92 c554 8b8d b554 ef5c f79e f77e f79d f77d f77d e6fb eefb c5b6 de79 e699 acd2 5a28 3923 2061 1861 20c2 20c2 1861 1040 1882 0800 0820 0820 0820 1021 0800 0820 0820 0820 0800 0820 0800 0000 0000 0000 0000 0000 0000 0000 0000 0000 0000 0000 0000 0000 0000 0000 0000 0000 0820 2081 3903 51a5 6206 7267 7aa8 7aa8 7a87 7a88 61c5 5143 61a5 71a5 79a5 a288 bb0a c34b d38c d38c cb6c d38c d3ac dbcd dbed dbed dbed d3cd dc0e d40e d42e c40d c3ed c46f d4f1 d553 dd94 ddb4 dd94 dd94 dd73 dd73 dd73 d553 d553 d532 d532 d511 ccf1 ccd0 c4af c48f bc4e b40d a3ab 932a 8287 7a67 abcc bc8f ccd1 ccf1 cd12 cd32 c4f1 bc8f ac2e 9bac 72a9 28e2 0800 0000 0000 0000 0000 0000 1041 0820 0820 1020 1841 1040 1881 1840 1861 20a2 28e3 20a2 28c2 1040 1861 1881 1881 1861 3104 20a2 1861 28c2 20a2 28e3 20a2 28c2 28c3 28e3 30e3 4185 3924 28e3 28e3 20a2 20a2 1881 0820 0820 0820 0820 0820 1020 1020 1020 3945 a491 5a48 6aaa bd34 8bae cdd6 d638 de9a d659 ef3c ffdf ffdf ffdf ffdf ffdf ffdf ffdf ffdf ffdf ffdf ffdf ffdf ffdf ffdf ffdf ffdf f7be ffdf ffdf ffdf ffdf ffdf ffdf ffdf ffdf ffdf ffdf ffdf ffdf ffdf ffdf ffdf ffdf ffdf ffdf ffdf ffdf ffdf f7be ffdf ffdf ffdf ffdf ffdf ffdf ffdf ffdf ffdf ffdf ffdf 
ffdf ffdf ffdf ffdf ffdf ffdf ffdf ffdf ffdf ffdf ffdf f7be ffdf ffdf ffdf ffdf ffdf ffdf ffdf ffdf ffdf ffdf ffdf ffdf ffdf ffdf ffdf ffdf ffdf ffdf ffdf ffdf ffdf ffdf ffdf ffdf ffdf ffdf ffdf ffdf ffdf ffdf ffbf ffbf ffdf ffdf f7be f7be f7df ffdf ffdf ffdf ffdf ffdf ffdf ffdf ffdf ffdf ffdf ffdf ffdf ffdf ffdf ffdf f7df ffdf f7df f7df ffdf ffdf ffdf ffdf ffdf ffdf ffdf ffdf ffde ffde ffbf ffbe 9c92 ffde ffbe de9a b534 d5d7 8bae 9c50 de79 ef5d f79e f77e f77d f77d ef5c e6db eefb c595 de58 e679 8bce 4164 28c2 2081 20a1 20a2 2081 1882 1040 1861 0800 0800 0820 0820 1041 0800 0840 0820 0840 0820 0820 0800 0000 0000 0000 0000 0000 0000 0000 0000 0000 0000 0000 0000 0000 0000 0000 0000 0000 0800 1020 28c2 4144 51a5 6a26 7267 7a88 7a88 72a8 6a47 5184 5144 6184 71a5 81e5 a2a8 b2e9 c34b c36b c34b c36b cbac cbcc cbcc cbec cbed cc0d cbcd bbcc bbcc b3ec c44f d512 dd73 dd94 ddb5 ddb4 ddb4 dd94 dd94 dd94 dd73 dd73 d552 d511 d511 ccf1 ccf0 ccd0 c48f bc6e b40d a3ac 9b4a 82c8 7a67 9b6a bc4e c4b0 ccf1 cd12 cd12 cd12 c4d1 bc6f ac2e 9b8c 72a9 28e2 0800 0000 0000 0000 0000 0000 1041 0820 1020 1040 1861 1040 2082 1841 1841 28c2 20c2 20a2 28c2 1841 2081 20a2 20a2 1881 28e3 2082 1861 20a2 1861 28e3 20a2 28c2 20c2 28e2 2081 3964 3924 20a2 20a2 20c2 20e3 20c3 1041 0800 0820 0800 0821 1041 1020 1040 3103 940f 5a48 6aca b4f3 b4f3 cdb6 bd75 f75d e6db dedb ffbf ffdf ffdf ffdf ffdf ffdf ffdf ffdf ffdf ffdf f7be ffdf ffdf ffdf ffdf ffdf ffdf ffdf ffdf ffdf ffdf ffdf ffdf ffdf ffdf ffdf ffdf ffdf ffdf ffdf ffdf ffdf ffdf ffdf f7be ffdf ffdf ffdf ffdf ffdf ffdf ffdf ffdf ffdf ffdf ffdf ffdf ffdf ffdf ffdf 
ffdf ffdf ffdf ffdf ffdf f7be ffdf ffdf ffdf ffdf ffdf ffdf ffdf ffdf ffdf ffdf ffdf ffdf ffdf ffdf ffdf ffdf ffdf ffdf ffdf ffdf ffdf ffdf ffdf ffdf ffdf ffdf ffdf ffdf ffdf ffdf ffdf ffdf ffdf ffdf ffdf ffdf ffdf ffdf f7df f7df f7df ffdf ffdf ffdf ffdf ffdf ffdf ffdf ffdf ffdf ffdf ffdf ffdf ffdf ffdf f7df ffdf ffdf ffdf ffdf ffdf ffbf ffdf ffdf ffde ffdf ffdf ffdf ffdf ffdf ffdf f7de f7be ffbe a4f3 ffbf ffbf d639 bd55 acb2 93ee acd2 f73c e73c f79e f79e ef7d f77d ef5c ef1b de79 de38 de79 d638 a491 4185 30e2 1861 20a1 20a2 1861 2081 1020 1861 0800 0800 0821 1021 0800 0800 0840 0820 0820 0820 0820 0800 0000 0000 0000 0000 0000 0000 0000 0000 0000 0000 0000 0000 0000 0000 0000 0000 0000 0000 0800 1861 28e2 4964 59e5 7247 7267 7267 7267 6a47 59e6 4964 4943 5963 71a5 8206 9267 9a68 a2c9 b30a b2ea b2ea aae9 b30a bb4a b30a ab09 a309 a34a b3ec c48f d511 dd73 ddb4 ddb4 dd94 ddb4 dd94 ddb4 dd94 dd93 dd73 dd53 d532 d532 d511 ccf0 ccd0 c48f c48e bc2d abcb 9b6a 8ac8 8287 9b4a b40d c48f ccf1 cd11 d532 cd12 cd12 c4d0 bc8f ac0e 936b 72c9 28e3 0800 0800 0000 0000 0000 0000 1020 1040 0820 1040 1040 1040 20a2 1040 1840 20a2 2081 2061 28a2 1841 1861 20a2 20c2 1881 20c2 2081 1881 20a2 1881 20c2 2081 28c3 3104 3103 1861 41a6 3965 30e3 2081 18a2 20c2 18a2 1041 0800 0820 0820 0800 1041 1021 1820 2082 940f 51e6 51e7 bd34 acb2 9c50 9c92 ef3d e71c e71c ffde f7de ffdf ffdf ffdf ffdf ffdf ffdf ffdf ffdf ffdf ffdf ffdf ffdf ffdf ffdf ffdf ffdf ffdf ffdf ffbf ffbf ffdf ffdf ffdf ffdf ffdf ffdf f7df f7df ffdf ffdf ffdf ffdf ffdf ffdf ffdf ffdf ffdf ffdf ffdf ffdf ffdf ffdf ffdf ffdf ffdf ffdf ffdf ffdf 
f7be ffdf ffdf ffdf ffdf ffdf ffdf ffdf f7be f7be ffdf ffdf ffdf ffdf ffdf ffdf f7be f7de ffdf f7be ffdf ffdf ffdf ffdf ffdf ffdf ffdf ffdf ffdf ffdf ffdf ffdf f7df f7de f7df f7df ffdf ffdf ffdf ffdf f7de f7de ffdf ffdf ffbf ffdf ffdf ffdf f7be f7be f7be ffdf ffdf ffdf ffdf ffdf ffdf f7be ffdf ffdf ffdf ffdf ffdf ffdf f7be ffdf f7df ffdf ffdf ffdf ffdf ffdf f7be f7be ffdf ffdf ffdf ffdf ffdf ffdf 94b2 ffbe ffde ad33 b533 9c2f a470 cd95 f73d ef3d f79e f77e f77d ef5d f75d ef1b c5b5 e6b9 e6b9 cdf6 730b 4144 28a2 2081 1881 1881 1060 1881 1020 1041 0800 0801 0820 0000 0820 0000 0841 0820 0800 0820 0820 0000 0000 0000 0000 0000 0000 0000 0000 0000 0000 0000 0000 0000 0000 0000 0000 0000 0000 0000 0000 0800 2081 3902 4983 59e5 6a26 6a46 7247 6a27 6206 59a5 4944 4944 5143 6184 69a5 71a5 71c5 71c5 71c4 71c4 71e4 7a26 8267 92a8 a329 b3cc bc4e ccf1 d533 dd74 dd95 e5b5 e5b5 e5b5 ddb4 d593 ddb4 dd94 d593 dd73 dd72 d552 cd11 ccf0 ccd0 c4af c48f bc4e b3ed a36b 82c7 7a87 9329 abec bc6f ccd1 d512 d512 cd32 cd12 c4d1 bc90 bc6f abed 9b6b 7aea 3123 0000 0000 0000 0000 0000 0000 0800 0820 0800 1040 1040 1040 20a2 1841 1841 20c2 20a1 1860 20c2 1861 1881 20a2 28e3 1861 28c2 28c2 1861 28c2 20a2 20a2 20a2 28e3 2923 3123 1881 3964 3965 3144 20a2 1882 1861 20c2 1061 0820 0820 1061 0820 0820 0820 1040 1040 49a6 5a68 3944 acd2 acb2 7b2c bd75 de7a ef3d ef3d ffbf ffdf f7be ffdf ffdf ffdf f7be f7be ffdf ffdf ffdf f7be ffdf ffdf ffdf ffdf ffdf ffdf f7be f7be ffdf ffdf ffdf ffdf ffdf ffdf ffdf ffdf ffdf ffdf ffdf ffdf ffdf ffdf f7be f7be ffdf ffdf ffdf ffdf ffdf ffdf f7be f7be ffdf ffdf ffdf ffdf ffdf ffdf 
ffdf ffdf ffdf ffdf ffdf ffdf ffdf ffdf ffdf ffdf ffdf ffdf ffdf ffdf ffdf ffdf ffdf ffdf ffdf ffdf ffdf ffdf ffdf ffdf f7be ffdf ffdf ffdf ffdf ffdf ffdf ffdf ffdf ffdf f7df ffdf ffdf ffdf ffdf ffdf ffdf f7be ffdf ffdf ffbe ffbf ffdf ffdf ffdf ffdf ffdf ffdf ffdf ffdf ffdf ffdf ffdf ffdf ffdf ffdf ffdf ffdf ffdf f7be ffdf ffbf ffdf ffdf ffdf ffbf ffdf ffdf ffdf ffdf ffdf ffdf ffdf f7df f7be ffdf ad34 ffbe ffbe ce18 acf2 940f acb2 bd34 ff7e ef5d f79e f79e ef5d ef3c f77d de79 cdf7 eeda e6ba c595 838d 3924 28a1 1840 2081 2081 1040 1861 1020 0820 0800 0800 0800 0800 0820 0820 1041 0820 0800 1041 0800 0000 0000 0000 0000 0000 0000 0000 0000 0000 0000 0000 0000 0000 0000 0000 0000 0000 0000 0000 0000 0000 1020 28a1 4123 51a5 6206 6a26 6a47 7247 6a47 6a27 61e6 59c5 59a4 59a5 61e5 6a05 6a05 7226 7a67 7a87 8ac8 9309 9b6b b3ed c490 ccd1 d532 dd74 dd94 ddb4 ddb4 ddb4 ddb4 ddb4 ddd4 ddb4 dd94 dd94 dd73 dd93 dd73 d552 d511 ccf1 c4af c48f bc4e b3ed 9b6b 8ac8 7a87 8ae8 a3ab bc4e c4d0 cd12 d532 d532 cd12 cd12 c4d1 c4b0 bc6f abed 936b 7ae9 3944 0800 0000 0000 0000 0000 0000 0800 1040 1020 1020 1040 1020 2081 1861 1020 2903 2081 1881 28c2 1861 20a2 1881 20a2 2081 20c2 20a2 28e3 20c2 28e3 20a2 20a2 20a2 3124 28e3 2082 3124 3144 3965 28c3 20a2 1040 20c3 1041 1061 0820 3165 1040 0800 1020 1041 1841 41a5 5a28 3964 838d cdd6 6aca cdd6 cdf7 e71c e73c f7be ffbf ffdf ffdf ffdf ffdf f7be ffdf ffdf f7be ffdf ffdf ffdf ffdf ffdf ffdf ffdf ffdf ffdf f7be ffdf f7be ffdf ffdf ffdf ffdf ffdf ffdf ffdf ffdf ffdf ffdf ffdf f7be ffdf ffdf ffdf ffdf ffdf ffdf ffdf ffdf ffdf ffdf ffdf ffdf ffdf ffdf ffdf ffdf 
ffdf ffdf ffdf ffdf ffdf ffdf ffdf ffdf ffdf ffdf ffdf ffdf ffdf ffdf ffdf ffdf ffdf ffdf ffdf ffdf ffdf ffdf ffdf ffdf ffdf ffdf ffdf ffdf ffdf ffdf ffdf ffdf ffdf ffdf ffdf ffdf ffdf ffdf ffdf ffdf ffdf ffdf ffdf ffdf ffdf ffdf ffdf ffdf ffdf ffdf f7be ffdf f7be ffdf f7be ffdf ffdf ffdf ffdf ffdf ffdf ffdf ffdf ffdf ffdf ffdf ffdf ffdf ffdf ffdf ffdf ffdf ffdf ffdf ffdf ffdf ffdf ffdf ffdf ffdf b554 f77d ffbe d638 940f a470 a470 de79 f79e ef5d ef5d f79e ef5d ef5d f75c d679 e6ba eeda e6da c595 7b2b 30e2 2081 1840 1861 1881 1040 1040 1020 0820 0800 0800 0800 0800 0820 0800 1021 0800 0800 1041 0800 0000 0000 0800 0000 0000 0000 0000 0000 0000 0000 0000 0000 0000 0000 0000 0000 0000 0000 0000 0000 0000 0800 1840 30e2 4964 59c5 6a26 6a46 6a47 7267 7a88 7267 7247 7a88 82c9 932a 9b8c a3cd b42e bc6f c490 ccd1 ccd1 d512 d532 d553 dd74 dd94 dd94 ddb4 ddb4 ddd5 e5d5 ddb4 e5d5 ddb4 ddb4 dd94 dd94 d593 dd73 d572 d532 ccf1 ccd0 c48f bc4e b40d a38b 8ae8 7a66 8ac8 a38b b42d c4b0 ccf1 cd12 d532 cd32 cd12 ccf1 c4d1 c4b0 bc6f ac0d 936b 7ae9 3964 0800 0000 0000 0000 0000 0000 0800 0820 1020 0820 1041 1020 2081 20c2 1020 28c2 1881 1861 20a2 2081 2082 2081 2082 2081 20a2 28c2 20c2 20c2 28c2 20a2 28c3 20a2 28c3 2903 20a2 3124 3944 3944 4185 20a2 1841 28e3 1861 1061 0820 0820 2924 0800 0820 0820 1040 3103 5a68 5a68 6aa9 bd34 72eb c595 cdf7 e71c e75d f79e ffdf ffdf ffdf ffdf f7be ffdf ffdf ffdf ffdf ffdf ffdf ffdf ffdf ffdf ffdf ffdf ffdf ffdf ffdf ffdf ffdf ffdf ffdf ffdf ffdf ffdf ffdf ffdf ffdf ffdf ffdf ffdf ffdf f7be ffdf ffdf ffdf ffdf f7be ffdf ffdf ffdf ffdf ffdf ffdf ffdf ffdf ffdf ffdf 
ffdf ffdf ffdf ffdf ffdf ffdf ffdf ffdf ffdf ffdf ffdf ffdf ffdf ffdf ffdf ffdf ffdf ffdf ffdf ffdf ffdf ffdf ffdf ffdf ffdf ffdf ffdf ffdf ffdf ffdf ffdf ffdf ffdf ffdf ffdf ffdf ffdf ffdf ffdf ffdf ffdf ffdf ffdf ffdf ffdf ffdf ffdf ffdf ffdf ffdf ffdf ffdf ffdf ffdf ffdf ffdf ffdf ffdf ffdf ffdf ffdf ffdf ffdf ffdf ffdf ffdf ffdf ffdf ffdf ffdf ffdf ffdf ffdf ffdf ffdf ffdf ffdf ffdf ffdf ffde c5d7 ef3c ffde ce38 8bad 834c 83ad ef1c ffbe ef7d ef5d f79e ef3c ef5d ef1b d679 ef1b e6da e699 cdd6 8b8d 30e3 1860 1840 20a1 1861 1020 1020 1020 0800 0800 0820 0000 0820 0820 0820 1041 0800 0820 1041 0000 0000 0000 0800 0000 0000 0000 0000 0000 0000 0000 0000 0000 0000 0000 0000 0000 0000 0000 0000 0000 0000 0000 0800 1861 3903 49a5 6206 6a47 7267 7aa8 82c8 8ae9 932a 9b4b abcd b42e c490 ccd1 d512 d553 dd53 dd53 dd74 dd74 dd74 dd94 e5b5 ddd5 e5d5 e5f5 e5f5 e5f5 e5f5 e5f5 e5d5 ddd4 ddb4 ddb4 dd94 dd73 d553 d532 d511 ccf0 c4af bc4e abed a38a 8ae8 7a66 82a7 9b4a b40d c48f ccd1 cd11 cd32 d532 cd12 cd12 ccf1 c4d1 c4b0 b44f a3ed 936b 7aea 3964 0800 0800 0000 0000 0000 0000 0800 0820 1020 1020 1020 1020 2082 20a2 1040 20a2 2081 1861 2081 1841 20a2 2081 20a2 20a2 20a2 20c2 20a2 20a2 20a2 28c3 28e3 20a2 3104 3124 20c2 3944 4185 4185 3124 28e3 1841 20a2 1882 1041 1020 1040 20c3 1061 0820 0820 0820 1881 5a48 6289 51e6 cd95 836d a491 cdd7 ef3c e71c ef7d ffdf ffdf ffdf ffdf ffdf ffdf ffdf ffdf ffdf ffdf ffdf ffdf ffdf ffdf ffdf ffdf ffdf ffdf ffdf ffdf ffdf ffdf ffdf ffdf ffdf ffdf ffdf ffdf ffdf ffdf ffdf ffdf ffdf ffdf ffdf ffdf ffdf f7be f7be ffdf ffdf ffdf ffdf ffdf ffdf ffdf ffdf ffdf ffdf 
ffdf ffdf ffdf ffdf ffdf ffdf ffdf ffdf ffdf ffdf ffdf ffdf ffdf ffdf ffdf ffdf ffdf ffdf ffdf ffdf ffdf ffdf ffdf ffdf ffdf ffdf ffdf ffdf ffdf ffdf ffdf ffdf ffdf ffdf ffdf ffdf ffdf ffdf ffdf ffdf ffdf f7be ffdf ffdf ffdf ffdf ffdf ffdf ffdf ffdf ffdf ffdf ffdf ffdf ffdf ffdf ffdf ffdf ffdf ffdf ffdf ffdf ffdf ffdf ffdf ffdf ffdf ffdf ffdf ffdf ffdf ffdf ffdf ffdf ffdf ffdf ffdf ffdf ffdf ffbe ce38 ce38 ffde c5d7 6aea 940f b534 f75d f7be ef7e ef7d f77d ef3c f75d e6db de9a ef1b e6da de58 bd14 6268 30c2 1820 1881 1881 1040 1040 1041 1040 0800 0800 0820 0820 0820 0800 0820 0820 0800 0820 0820 0800 0000 0000 0000 0000 0000 0000 0000 0000 0000 0000 0000 0000 0000 0000 0000 0000 0000 0000 0000 0000 0000 0000 0000 0800 28a2 4144 51c5 6206 7288 82c8 8ae9 934a a3ac abcd bc2e bc8f c4b0 cd12 d533 dd73 dd94 dd74 dd95 ddb5 e5d5 e5f6 e5f6 e5f6 e5f6 e5f6 e5f6 e5f5 e5f5 e5f5 e5f5 ddb4 ddb4 dd94 dd93 d553 d552 d531 c4d0 c4af bc6e ac0d a3ab 8ae8 7a66 82a7 934a abcc bc6f c4b0 ccf1 cd12 cd32 cd12 cd12 cd11 c4f1 c4f1 bcb0 b44e abed 9b8b 82ea 41a5 0800 0800 0000 0000 0000 0000 0800 0800 1020 1040 1020 1020 20a2 20c3 1040 20a1 20a2 2061 2061 1841 2081 20a2 20a2 20a2 20a2 28e3 1861 28e3 20a2 20c3 20c3 1041 2904 3965 20c3 2903 3965 4185 3924 28c2 1861 1041 20c2 1861 1041 1041 1061 20a2 1021 1041 1020 1040 3964 4185 5a48 acd2 9c30 9c70 cdf7 deda e6fb e73c ffdf ffdf ffdf ffdf ffdf ffdf ffdf ffdf f7be ffdf ffdf ffdf ffdf ffdf ffdf ffdf ffdf ffdf ffdf ffdf ffdf ffdf ffdf ffdf ffdf ffdf ffdf f7be ffdf ffdf ffdf ffdf ffdf ffdf ffdf ffdf ffdf ffdf ffdf ffdf ffdf ffdf ffdf ffdf f7be ffdf ffdf ffdf f7be 
ffdf ffdf ffdf ffdf ffdf ffdf ffdf ffdf ffdf ffdf ffdf ffdf ffdf ffdf ffdf ffdf ffdf ffdf ffdf ffdf ffdf ffdf ffdf ffdf f7be ffdf ffdf ffdf ffdf ffdf ffdf ffdf ffdf ffdf ffdf ffdf ffdf ffdf ffdf ffdf ffdf ffdf ffdf ffdf ffdf ffdf ffdf ffdf ffdf ffdf ffdf ffdf ffdf ffdf ffdf ffdf ffdf ffdf ffdf ffdf ffdf ffdf ffdf ffdf ffdf ffdf ffdf ffdf ffdf f7be ffdf ffdf ffdf ffdf ffdf ffdf ffdf ffdf ffdf f7be deba bdb6 ffde bd95 940f 6a89 b534 ef3c ffbf ef5d ef5d ef3d f75d ef3c e6db e6da e71b deba e679 9c50 6248 30e3 1020 20a2 20a1 1020 1020 1041 1020 0800 0800 0840 0820 0800 0800 0820 0820 0800 0841 0820 0000 0000 0000 0000 0000 0000 0000 0000 0000 0000 0000 0000 0000 0000 0000 0000 0000 0000 0000 0000 0000 0000 0000 0000 0800 1841 28c2 4964 59e6 6a47 82c8 932a 9b8b abed b40d bc4f c46f ccd1 d511 dd53 dd73 e594 e5b5 e5b5 e5d5 e5f6 e617 ee58 ee78 e657 ee57 e617 e636 e616 e5f6 e5d5 ddd4 dd94 dd93 d553 d552 cd11 cd11 c4b0 b42d abcc 9b4a 82c8 7246 7a87 9329 a3ac bc6e c4b0 ccf1 ccf1 cd12 cd12 cd12 cd32 cd32 c4f1 c4d1 bc90 bc6f a3ed 9b6b 82ea 5a48 0820 0000 0000 0000 0000 0000 0800 0800 0820 0820 1020 1020 2082 20a2 1020 20a2 28c2 1861 2081 1861 1861 20a2 20a2 2081 2081 20a2 1881 28e3 20a2 28e3 28e3 1061 28e3 3104 20c2 28e3 49c6 4185 3103 20a2 20a2 1061 20e3 1041 1882 1020 0800 20c2 1861 0820 1041 1020 20a2 4164 836c 8bae b4f3 a491 cdf7 d659 d659 e71c ffdf ffdf ffdf ffdf ffdf ffdf ffdf ffdf ffdf ffdf ffdf ffdf ffdf ffdf ffdf ffdf ffdf ffdf ffdf ffdf ffdf ffdf ffdf ffdf ffdf ffdf ffdf ffdf ffdf ffdf ffdf ffdf ffdf ffdf ffdf ffdf ffdf ffdf ffdf ffdf ffdf ffdf ffdf ffdf ffdf ffdf ffdf ffdf ffdf 
ffdf ffdf ffdf ffdf ffdf ffdf ffdf ffdf f7be ffdf ffdf ffdf ffdf ffdf ffdf ffdf ffdf ffdf ffdf ffdf ffdf ffdf ffdf ffdf ffdf ffdf ffdf ffdf ffdf ffdf ffdf ffdf ffdf ffdf ffdf ffbf ffdf ffdf ffdf ffdf ffdf ffdf ffdf ffdf ffdf ffdf ffdf ffdf ffdf ffdf ffdf ffdf ffdf ffdf ffdf ffdf f7be ffdf ffdf ffdf ffdf ffdf ffdf ffdf f7df ffdf ffdf ffdf ffdf ffdf ffdf ffdf ffdf ffdf ffdf ffdf ffbf ffdf ffdf ffbe e6fb 9cb2 ffbe bd75 940f 730b c5b6 ef3c f7bf f7be ef5d ef3c f77d ef3c e6db ef3c e6fb de99 de79 9c70 5a48 28e3 1820 28e3 1861 1020 0820 1020 0820 0800 0820 0820 0800 0800 0820 0820 0800 0800 0820 0800 0800 0000 0000 0000 0000 0000 0000 0000 0000 0000 0000 0000 0000 0000 0000 0000 0000 0000 0000 0000 0000 0000 0000 0000 0000 0800 1860 3903 51a5 6206 7287 8b0a 9b6b abed b40d bc4e c46f ccd1 d512 dd53 dd73 dd73 dd94 e5f5 e616 ee37 ee78 ee79 ee99 ee99 ee78 ee58 ee57 e637 e616 e5d5 e5d5 dd94 d552 d552 d531 ccf1 c48f b42e a3ab 9329 82a7 7225 7a46 9309 a3ab b42e c4af ccf1 cd12 d512 cd32 d532 cd32 cd12 cd11 cd11 c4d0 bcb0 bc6f abed 9bac 82ea 4185 0800 0000 0000 0000 0000 0000 0000 0820 1020 0820 1020 1020 2081 28c3 1020 20a2 20a2 2081 1861 1861 1841 2082 28c2 1881 2081 20a2 2082 20c2 20c2 3104 20c2 1881 2903 3104 20a2 2081 49c6 41a5 3124 20a2 1861 20a2 20c3 1040 1882 0820 0820 1061 18a2 0820 1041 1040 20a2 3964 6aa9 72ca acb2 9c50 cdd7 d659 ce59 ef3d f7bf ffdf ffdf ffdf ffdf ffdf ffdf ffdf ffdf ffdf ffdf ffdf ffdf ffdf ffdf ffdf ffdf ffdf ffdf ffdf ffdf ffdf ffdf ffdf ffdf ffdf ffdf f7be ffdf ffdf ffdf ffdf ffdf ffdf ffdf ffdf ffdf ffdf ffdf ffdf ffdf ffdf ffdf ffdf ffdf ffdf ffdf ffdf ffdf 
ffdf ffdf f7be ffdf ffdf ffdf ffdf ffdf ffdf ffdf ffdf ffdf ffdf ffdf ffdf ffdf ffbf ffdf ffdf ffdf ffdf ffdf ffdf ffdf ffdf ffdf ffdf ffdf ffdf ffdf ffdf ffdf ffdf ffdf ffbf ffbf ffdf ffdf f7df ffdf ffdf ffdf ffdf ffdf ffdf ffdf ffdf f7df ffdf ffdf ffdf ffdf ffdf ffdf ffdf ffdf ffdf ffdf ffdf ffdf ffdf ffdf ffdf ffdf ffdf ffdf ffdf ffdf ffdf ffdf ffdf ffdf ffdf ffdf ffdf f7df ffdf ffdf ffdf ffbf f79e 9451 ffde b514 5a68 7b4c b534 ef1c f79e ffdf ef7d ef3c f75d ef3c eefb f73c e6db e69a e699 acb2 4165 28c2 1020 20c2 1861 1020 1020 1020 0800 0800 0820 0800 0800 0800 0821 1021 0800 0800 0820 0800 0800 0000 0000 0000 0000 0000 0000 0000 0000 0820 0000 0000 0000 0000 0000 0000 0000 0000 0000 0000 0000 0000 0000 0000 0800 0800 1000 2061 3903 5185 6206 7aa8 934a a3ac abed b42e bc8f c4b0 ccf1 d532 dd53 e574 e595 e5b5 e5f6 e617 e658 ee99 ee99 ee98 ee78 ee78 ee57 e636 e615 ddd5 ddb4 dd53 d552 d512 ccf0 c48f b42e a3ac 932a 7a67 7205 7a46 8ae8 a38b b40d bc6f ccd0 ccf1 d512 d533 d553 d532 cd32 cd12 cd12 c4f1 c4d0 bc8f bc6f ac2e 9b8b 830a 4185 0800 0800 0000 0000 0000 0000 0000 0820 1061 0800 1020 1020 1881 28e3 1020 28c2 28e3 1840 2081 1861 1861 20c2 20a2 1861 2081 20a2 2082 20a2 28e3 3144 20c3 1881 28e4 3104 28c3 2082 5208 41a6 3103 20c2 20c2 1881 1882 1040 1881 0820 0820 1041 1882 1041 1020 1061 1861 28e2 93ef 836c 940f 8bce d638 d679 c618 e73c f7be ffdf ffdf ffdf ffdf ffdf ffdf ffdf ffdf ffdf ffdf ffdf ffdf ffdf ffdf f7be f7be ffdf ffdf ffdf ffdf ffdf ffdf ffdf ffdf ffdf ffdf f7be ffdf ffdf ffdf ffdf ffdf ffdf ffdf ffdf ffdf ffdf ffdf ffdf ffdf ffdf ffdf ffdf ffdf ffdf ffdf f7be f7be 
f7df f7de ffdf f7df ffdf ffdf ffdf ffdf f7be f7be ffdf ffdf ffbf ffbf ffdf ffbf f7be ffdf ffdf ffdf ffdf ffdf ffdf ffdf f7be ffdf f7be ffdf ffdf ffdf ffdf ffdf ffdf f7be f7be ffdf ffdf ffdf ffdf ffdf f7be ffdf ffdf ffdf ffdf ffdf ffdf ffdf f7de f7de ffde ffde ffdf ffdf ffdf ffdf f7be f7be ffdf ffdf ffdf ffdf ffdf ffdf f7de f7de f7de ffde f7df ffdf ffdf ffdf f7be ffdf ffdf ffdf ffbf ffbf ffdf ffdf f79d 840f ffde ad13 5a28 8bae bd75 ef3c f79e f79e ef3c ef3c ef3d e6fc ef3c f75d d699 e6fa de78 9c50 3144 2081 1041 1861 1040 1000 1020 0800 0820 0800 0800 0800 0000 0000 0840 0820 0820 0820 0820 0800 0000 0000 0000 0000 0000 0000 0800 0000 0000 0000 0000 0000 0000 0000 0000 0000 0000 0000 0000 0000 0000 0000 0000 0000 0000 0000 0820 1040 2081 3903 51a4 7267 82e9 9b8b a3cc ac0d bc4f c490 ccd1 d512 cd32 d553 dd94 ddb4 ddb5 e5f6 e637 ee58 e658 ee78 e657 e637 ee37 ee16 e5f5 dd94 d552 cd31 cd11 c4f0 bc8f b42e 9b8b 9309 7246 69e5 82a7 8b09 9b6b abed bc4f ccb0 ccd0 d532 cd52 d573 cd52 cd32 cd32 cd32 c4f1 c4d1 c4b0 c490 bc4f b40e 9b8c 830a 3944 0820 2964 39e7 0000 0000 0000 0000 0800 1041 1020 1020 1020 20a2 3124 1820 20c2 20a1 1860 20a2 1840 1861 20a2 28c3 1860 1861 20a2 2081 1881 20a2 28e4 20c3 1060 1881 3144 20a2 20a2 41a6 41a6 3985 28e3 20c2 1861 20a2 1882 1841 1041 0820 1061 1081 2103 0820 0820 20a2 28e2 6a89 93ee 8bad 838d d638 c5b7 ce18 e6db ffdf ffdf ffdf ffdf ffdf ffdf ffdf ffdf ffdf ffdf ffdf ffdf ffdf ffdf ffdf ffdf ffdf f7be f7be ffdf ffdf ffdf ffdf ffdf ffdf f7be f7be ffdf ffdf ffdf ffdf ffdf ffdf f7be ffdf ffdf ffdf ffdf ffdf ffdf ffdf f7be ffdf ffdf ffdf ffdf ffdf ffdf ffdf 
ffdf ffdf ffdf ffdf ffdf ffdf ffdf ffdf ffdf f7be ffdf ffdf ffdf f7be ffdf ffdf ffdf ffdf ffdf ffdf ffdf ffdf ffdf ffdf ffdf f7be f7be ffdf ffdf ffdf f7be ffdf ffdf ffdf ffdf ffdf f7be ffdf ffdf ffdf ffdf ffdf ffdf ffdf ffdf ffdf ffdf ffdf ffdf ffbf ffdf ffdf ffdf ffdf ffdf ffdf ffdf ffdf ffdf ffdf ffdf ffdf f7de f7de ffdf ffdf ffdf ffdf ffdf ffdf ffdf ffdf ffdf ffdf ffdf ffdf ffdf ffdf ffdf ffdf f7be 840f f79d ce38 6268 8b8d ce17 f75d f79e f7bf ef5d e6fc f75d dedb ef5c ef5c de99 eefb de99 942f 20a2 1840 1841 1841 1041 1020 1020 0820 0800 0800 0800 0800 0800 0800 1041 0800 0800 0821 0800 0820 0000 0000 0000 0000 0000 0000 0800 0000 0000 0000 0000 0000 0000 0000 0000 0000 0000 0000 0000 0000 0000 0000 0000 0000 0000 0000 0800 0800 1820 2881 3902 51a5 7287 932a 9b8b abcc b40d bc6f c4b0 cd12 d512 d532 dd73 dd94 ddb4 e5d5 e5d5 e5f6 ee37 ee37 e616 e5f6 e5d5 e5d5 dd94 d532 cd12 ccd1 c4b0 bc6f b42d 9b8b 8ae9 6a25 6a05 7a87 8b09 9b6b abed bc4e c4b0 ccf1 d531 d552 d553 d552 d532 d532 d532 cd12 ccf1 ccf1 c4d1 c4b0 bc6f b42e 9bac 830a 3944 0800 18a2 2103 0000 0000 0000 0000 0820 1041 1020 1020 1040 2082 28e3 1020 2082 1881 1840 1861 1020 1841 2081 28c2 2081 1861 20a2 1861 20a2 20a2 20a2 20c2 1881 1881 28e2 1861 20a2 3144 3965 3945 20c2 20c2 1881 1882 20a2 1041 1882 0820 1061 1861 3145 1881 0800 1061 2903 5a27 940f 72eb 940f cdd6 c5b6 ce38 e6fc ffbf ffdf ffdf ffdf ffdf ffdf f7be ffdf ffdf ffdf ffdf ffdf ffdf ffdf ffdf ffdf ffdf ffdf ffdf ffdf ffdf ffdf f7be ffdf ffdf ffdf ffdf ffdf ffdf ffdf ffdf ffdf ffdf ffdf f7be ffdf ffdf f7be ffdf ffdf ffdf ffdf ffdf ffdf ffdf ffdf ffdf ffdf ffdf 
ffdf ffdf ffdf ffdf ffdf ffdf ffdf ffdf ffdf ffdf ffdf ffdf ffdf ffdf ffdf ffdf ffdf ffdf ffdf ffdf ffdf ffdf ffdf ffdf ffdf ffdf ffdf ffdf ffdf ffdf ffdf ffdf ffdf ffdf ffdf ffdf ffdf ffdf ffdf ffdf ffdf ffdf ffdf ffdf ffdf ffdf ffdf ffdf ffdf ffdf ffdf ffdf ffdf ffdf ffdf ffdf ffdf ffdf ffdf ffdf ffdf ffdf ffde f7be ffbe ffdf ffdf ffdf ffdf ffdf ffdf ffdf ffdf ffdf ffdf ffdf ffdf ffdf ffde ffde f79e 9492 f77d deba 5a48 6248 b534 ef3c f79e f7bf f77e dedb f75d ef1c ef5c ef3c e6da e6da c595 8bad 28c2 1040 1861 1040 1020 1020 1020 0820 0800 0800 0800 0800 0800 0820 0841 0800 0820 0820 0800 0000 0000 0000 0000 0000 0000 0000 0800 0000 0000 0000 0000 0000 0000 0000 0000 0000 0000 0000 0000 0000 0000 0000 0000 0000 0000 0000 0800 0800 1000 1820 2881 4123 59c5 7aa8 8b0a 9b6b a3cc b40d bc4f c490 ccf1 cd11 d532 dd53 dd53 dd74 ddb5 e5b5 ddb5 e5d5 e5d5 ddb4 dd73 dd53 cd11 ccf1 ccd0 c48f bc2e abcc 9b6a 82a8 69e5 6a05 7a88 8b09 9b8b abcc b44e c490 ccf1 d512 d552 d553 d553 d553 d532 d532 d532 cd12 ccf1 c4f1 c4d1 bcb0 bc8f ac2e a3cd 830a 28c2 0800 0800 0000 0000 0000 0000 0000 0820 1020 1040 0820 1840 1861 28e3 1841 2082 1882 1841 1861 1020 1841 20a2 20a2 20a1 1861 28e3 20a2 20a2 20a2 28e3 28c3 1881 1881 28e3 20a2 20a2 28e3 4185 3985 20c2 20a2 20e3 1861 20a2 1881 20c2 0820 1881 1861 1881 1882 0820 0800 2903 3984 940f 6aaa 942f bd75 c5d7 ce18 ef3c ffde ffdf ffdf ffdf ffdf ffdf ffdf ffdf ffdf ffdf ffdf ffdf ffdf ffdf ffdf ffdf ffdf ffdf ffdf ffdf ffdf ffdf ffdf ffdf ffdf ffdf ffdf ffdf ffdf ffdf ffdf ffdf ffdf ffdf ffdf ffdf ffdf ffdf ffdf ffdf ffdf ffdf ffdf f7be ffdf ffdf ffdf ffdf ffdf 
ffdf ffdf ffdf ffdf ffdf ffdf ffdf ffdf ffdf ffdf ffdf ffdf ffdf ffdf ffdf ffdf ffdf ffdf f7be ffdf ffdf ffdf ffdf ffdf ffdf ffdf ffdf ffdf ffdf ffdf ffdf ffdf ffdf ffdf ffdf ffdf ffdf ffdf ffdf ffdf ffdf ffdf ffdf ffdf ffdf ffdf ffdf ffdf ffdf ffdf ffdf ffdf ffdf ffdf ffdf ffdf ffdf ffdf ffdf ffdf ffdf ffdf ffdf ffdf ffdf ffdf ffbf ffdf ffdf ffdf ffdf ffdf ffdf ffdf ffdf ffdf ffdf ffdf ffde ffdf f79e ad35 e71c ef3c 5a47 7b0b c5b6 ef3c ef7e f79f f77e debb ef3c f75d ef3c ef3c deba eefb b513 5207 2081 1020 1861 1040 1020 0820 0820 0820 0800 0800 0000 0800 0820 0820 0820 0800 0820 0800 0000 0000 0000 0000 0000 0000 0000 0000 0800 0000 0000 0000 0000 0000 0000 0000 0000 0000 0000 0000 0000 0000 0000 0000 0000 0000 0000 0000 0800 0800 1000 1820 1820 28a1 4123 59c5 7a88 8aea 9b4b a38c b40d b44e bc6f c490 ccd1 ccf1 ccf2 d532 d533 d553 dd73 dd73 d553 d512 cd11 ccf1 ccd0 c48f bc4e b40d a38b 9309 7226 61c5 7226 8288 932a 9b6b abed b42e c4b0 ccf1 d532 d532 d553 d553 d553 d553 d532 d532 cd32 cd12 cd12 ccf1 c4d1 bcb0 bcb0 b44f a3cd 72c9 1061 0000 5acb 18c3 0000 0000 0000 0000 0800 1041 0840 0820 1041 1841 28e3 1861 1881 1881 2082 1841 1020 1861 2081 28e2 28e3 1881 20a2 20a2 1861 1882 28e3 20c3 20a2 1861 28e3 20c2 20c2 2903 3965 41a6 28e3 20c3 20e3 1861 1881 1861 1881 1061 1040 20c3 0820 1041 1061 0820 20c2 3144 8bad 6aaa 7b4c c596 c5b6 a4d3 ef5d f7be ffdf ffdf ffdf f7be ffdf ffdf ffdf ffdf ffdf ffdf ffdf ffdf ffdf ffdf ffdf ffdf ffdf ffdf ffdf ffdf ffdf ffdf ffdf ffdf ffdf ffdf ffdf ffdf ffdf ffdf ffdf ffdf ffdf ffdf ffdf ffdf ffdf ffdf ffdf ffdf ffdf ffdf ffdf ffdf ffdf ffdf ffdf ffdf 
ffbf ffdf ffdf ffdf ffdf ffdf ffdf ffdf ffdf ffdf ffdf ffdf ffdf ffdf ffdf f7df ffdf ffdf ffdf ffdf ffdf ffdf ffdf ffdf ffdf ffdf ffdf ffdf ffdf ffdf ffdf ffdf ffdf ffdf ffdf ffdf f7be ffdf ffdf ffdf ffdf ffdf ffdf ffdf ffdf ffdf ffdf ffdf ffdf ffdf ffdf ffdf ffdf ffdf ffdf ffdf ffdf ffdf ffdf ffdf ffdf ffdf ffdf ffdf ffbf ffdf ffdf ffdf ffdf ffdf ffdf ffdf ffdf ffdf ffde ffde ffde ffdf ffdf ffdf f77e ad55 e71c ef3c 6268 9c2f d638 ef1c f77e f7bf ef5d dedb e6fb f79d ef3c e71b e6db eedb 940f 4164 2061 1841 1841 1020 1020 0820 0820 0800 0000 0800 0800 0820 0820 0820 0800 0800 0800 0800 0000 0000 0000 0000 0000 0000 0000 0000 0000 0000 0000 0000 0000 0000 0000 0000 0000 0000 0000 0000 0000 0000 0000 0000 0000 0000 0000 0000 0800 0800 0820 1020 1840 1840 28a1 4123 59e6 7288 82c9 932a a38b abcc b40d b40e bc4f c490 c490 ccb0 ccd1 ccd1 d4f2 ccd1 c4b0 c490 c48f c46f bc2d b3ed abac a38b 7a88 61c5 61c5 7226 82a8 932a 9b8b ac0d b46e bc90 ccf1 cd32 d532 d532 d553 cd53 d553 d553 d553 d532 d533 cd32 cd12 ccf1 c4d1 c4d1 bcb0 b44f 9bcd 6227 0800 0000 1062 0000 0000 18a2 0000 0000 0800 1041 0820 0820 1041 1020 28e3 2082 1040 1881 1882 1041 1020 1841 20a2 28c2 3964 2081 20c2 28c2 2082 1882 3104 20c2 28c3 1841 2903 20c2 2082 28c2 3985 4185 3924 28c2 28e3 1861 1861 0800 1040 1861 0820 1881 0820 0800 1881 18a2 20a1 3944 730b 732c 72eb c5d6 acf3 ad14 ffde ffdf ffdf ffdf ffdf ffdf ffdf ffdf ffdf ffdf ffdf ffdf ffdf ffdf ffdf ffdf ffdf ffdf ffdf ffdf ffdf ffdf ffdf ffdf ffdf ffdf ffdf ffdf ffdf ffdf ffdf ffdf ffdf ffdf ffdf ffdf ffdf ffdf ffdf ffdf ffdf ffdf ffdf ffdf ffdf ffdf ffdf ffdf ffdf ffdf 
ffdf ffdf ffdf ffdf ffdf ffdf ffdf ffdf ffdf ffdf ffdf ffdf ffdf ffdf ffdf ffdf ffdf ffdf ffdf ffdf ffdf ffdf ffdf ffdf ffdf ffdf ffdf ffdf ffdf ffdf ffdf ffdf ffdf ffdf ffdf ffdf ffdf ffdf ffdf ffdf ffdf ffdf ffdf ffdf ffdf ffdf ffdf ffdf ffde ffde ffdf ffdf ffdf ffdf ffdf ffdf ffdf ffdf ffdf ffdf ffdf ffdf ffdf ffdf ffdf ffde ffdf f7be ffdf ffdf ffdf ffdf ffdf ffdf ffdf ffdf ffdf ffdf ffdf ffdf f79e b576 e71c f75d 6aa9 8bce de79 e6db f79e f79e e71c e71c deba f77d ef3c e6fb e6db d638 9c50 28a1 1840 2081 1881 1020 0820 0800 0800 0800 0000 0800 0820 0820 0820 0820 0800 0800 0800 0800 0800 0000 0000 0000 0000 0000 0000 0000 0000 0000 0000 0000 0000 0000 0000 0000 0000 0000 0000 0000 0000 0000 0000 0000 0000 0000 0000 0800 0800 0800 1020 1040 1840 1860 2080 28a1 4123 59c5 6a27 7a88 8ae9 930a a36b a38b a38c b3ed b40e b40e bc2f bc4f bc6f bc4f bc2e bc0e b3ed abac abac a36b 8ac8 69e5 61a4 61e5 7246 82a8 934a a3ac b42d bc6f c4b0 ccf1 cd32 d553 d532 d553 d553 d573 d573 d553 d553 d553 d553 cd12 ccf1 c4f1 c4d1 c4b1 bc90 b44f 9bcd 3923 0820 0841 0820 1081 18a2 5269 0840 0000 0800 1041 0820 0820 1041 1020 28e3 1861 1020 1881 1861 1041 1841 1841 28e2 28e2 3123 2081 20a2 28c2 1881 2081 28e3 20a2 28e3 1861 20c2 3164 20a2 28e3 3944 4185 41a5 28c2 20a2 1881 1861 1020 1841 1881 1040 1861 1882 0800 0820 20a2 18a1 3123 5a48 7b4c 7b6c c5d6 c5d7 b555 ffde ffdf ffdf ffdf ffdf ffdf ffdf ffdf ffdf ffdf ffdf ffdf ffdf ffdf ffdf ffdf ffdf ffdf ffdf ffdf ffdf ffdf ffdf ffdf ffdf ffdf ffdf ffdf ffdf ffdf ffdf ffdf ffdf ffdf ffdf ffdf ffdf ffdf ffdf ffdf ffdf ffdf ffdf ffdf ffdf ffdf ffdf ffdf ffdf ffdf 
ffdf ffdf ffdf ffdf ffdf ffdf f7be f7be ffdf ffdf ffdf ffdf ffdf ffdf ffdf ffdf ffdf ffdf ffdf ffdf ffdf ffdf ffdf ffdf ffdf ffdf ffdf ffdf ffdf ffdf ffdf ffdf ffdf ffdf ffdf ffdf ffdf ffdf ffdf ffdf ffdf ffdf ffdf ffdf ffdf ffdf ffdf ffdf ffde ffde ffdf ffdf ffdf ffdf ffdf ffdf ffdf ffdf ffdf ffdf ffdf ffdf ffdf ffdf ffde ffde ffde ffdf ffdf ffdf ffdf ffdf ffdf ffdf ffdf ffdf ffdf ffdf ffdf ffdf f7bf ce59 ef3d f77e 5a69 6269 cdd7 de9a f77e f79e ef3d e6fb e6fb f77d ef3c ef1c eefb acd2 7b2c 2060 1840 2081 1840 1020 0820 0800 0800 0800 0800 0800 0800 0820 0820 0800 0800 0820 0821 0800 0000 0000 0000 0000 0000 0000 0000 0000 0000 0000 0000 0000 0000 0000 0000 0000 0000 0000 0000 0000 0000 0000 0000 0000 0000 0000 0000 0000 0800 0800 1020 1820 1840 1840 2060 2040 2881 4102 5184 6a06 7247 82c9 8ac9 8ae9 9b4a 9b4a 9b6b a38b a3ac abac abcc abac ab8c a36b a36b 9b4b 82a8 61c4 5984 59c4 6a06 7a67 82c8 9b6b a3ac b42e bc6f c4d0 c4f1 cd12 d553 d553 d553 d573 d574 d573 d573 d573 d553 d553 d532 d532 cd12 cd12 c4f1 c4d1 c4b0 b46f 9bee 30c2 1881 2924 0841 20e3 8c0e 7b8c 20e3 0820 0000 0820 0800 1041 1020 1041 28e3 2081 1020 1861 1841 1020 1040 1040 28c2 28e3 20c2 2082 20a2 20a2 20a2 20a2 20c3 28c3 3945 1861 2081 3144 20a2 28c2 3123 4165 4185 3103 20a2 1861 20c3 1020 1040 2081 1040 20a2 1882 1020 0800 18a2 20c3 3124 5227 8bee 838d b534 ce17 d659 ffde ffdf ffdf ffdf ffdf ffdf ffdf ffdf ffdf ffdf ffdf ffdf ffdf ffdf ffdf ffdf ffdf ffdf ffdf ffdf ffdf ffdf ffdf ffdf ffdf ffdf ffdf ffdf ffdf ffdf ffdf ffdf ffdf ffdf ffdf ffdf ffdf ffdf ffdf ffdf ffdf ffdf ffdf ffdf ffdf ffdf ffdf ffdf ffdf ffdf 
ffdf ffbf ffdf ffbf ffdf f7be f7be f7be ffdf ffdf f7be ffdf f7df ffdf f7de f7df ffdf ffdf ffdf ffdf ffdf ffdf ffdf ffdf ffdf ffdf ffdf ffdf ffdf ffdf ffdf ffdf ffdf ffdf ffdf ffdf ffdf ffdf ffdf ffdf ffdf ffdf ffdf ffdf ffdf ffdf ffdf ffdf ffdf ffdf ffdf ffdf ffdf ffdf ffdf f7be ffdf ffdf ffdf ffdf f7de ffde ffdf ffdf ffdf ffdf ffdf ffdf f7df f7df ffdf f7be ffdf ffdf ffdf ffdf ffdf ffdf f7de f7df f7bf ce5a e71d ff7e 6289 72eb cdd7 d659 f79e ef5d f77e dedb e71b ef7d ef3b e71b f71b 940f 49c6 2061 3104 3124 1020 1020 0820 0820 0800 0800 0800 0800 0800 0821 0800 0800 0800 0800 0800 0800 0000 0800 0000 0000 0000 0000 0000 0000 0000 0000 0000 0000 0000 0000 0000 0000 0000 0000 0000 0000 0000 0000 0000 0000 0000 0000 0000 0800 0800 1000 1000 1820 1820 1840 2060 2060 2860 2860 30c1 4143 6205 6a26 7a67 7a88 8288 8ac9 8ae9 9309 932a 9b2a 9b2a 9b4b 932a 82e9 6a06 5984 5184 5984 61e5 6a26 7267 8ac9 932a a3ac b42e bc6f c4b0 c4f1 cd12 cd32 d552 d573 dd73 dd73 dd73 dd94 d573 d573 d573 d553 d552 d532 d532 cd11 ccf1 c4d1 bcb0 b46f 93cd 2061 1882 528a 0821 4185 bd32 9c6f 62ca 0820 0820 0000 0840 1040 0820 1861 20a2 2082 1020 1041 1041 1041 1020 1041 2082 28e3 28e3 20a2 20a2 20a2 20a2 20a2 20c2 2903 3945 1861 1881 28e3 3124 30e3 3964 4165 4165 3904 28c2 20a2 20c2 1041 0800 18a2 1881 20a2 20c3 1020 0800 1061 18a2 3965 6269 a471 9c50 bd95 b534 f75d f7de f7de ffdf ffdf ffdf ffdf ffdf ffdf ffdf ffdf ffdf ffdf ffdf ffdf ffdf ffdf ffdf ffdf ffdf ffdf ffdf ffdf ffdf ffdf ffdf ffdf ffdf ffdf ffdf ffdf ffdf f7be ffdf ffdf ffdf ffdf ffdf ffdf ffdf ffdf ffdf f7be ffdf ffdf ffdf ffdf ffdf ffdf ffdf ffdf 
ffdf ffdf ffdf ffdf ffdf ffdf ffdf ffdf f7be f7be ffdf ffdf ffdf ffdf ffdf ffdf f7df f7df f7df f7df ffdf ffdf ffdf ffdf f7de f7df ffdf ffdf ffdf ffbf ffdf ffdf f7be f7be ffdf ffdf ffdf ffdf ffdf ffdf f7be ffdf ffdf ffdf ffdf ffdf ffdf ffdf f7de f7de f7de f7ff ffde ffdf ffdf ffdf f7bf f7bf f7df f7de ffde ffde ffdf ffdf f7be f7de ffde ffdf ffdf ffdf ffdf ffdf f7bf f7bf f7be ffdf ffbf ffdf ffdf ffde ef7d ad75 c638 ffbe 6289 730b cdf7 eefb f77d ef1c f77e e6fc ef3d ef3c ef1c ef3c de99 83cd 2923 1040 5268 2082 1020 1020 0800 0800 0800 0800 0800 0820 0800 0800 0800 0800 0800 0820 0800 0800 0000 0000 0000 0000 0000 0000 0000 0000 0800 0800 0000 0000 0000 0000 0000 0000 0000 0000 0000 0000 0000 0000 0000 0000 0000 0000 0000 0000 0800 0800 1020 1820 1820 2060 2040 2040 2860 2860 2880 2880 30a1 38e1 4963 59c4 6226 6a46 7267 7a88 7288 6a27 61e6 59a5 4943 4923 4963 5164 59c4 61e5 6a26 7a87 8b09 9b6a a3ac b40e bc6f c4d1 c4d1 ccf1 cd32 d553 d573 d573 dd94 ddb4 d593 d593 ddb3 dd93 dd73 d553 d553 d533 cd12 cd12 ccf1 c4d1 bcb0 b44f 832c 1000 0000 0000 1060 8bee b511 a44f 7b2b 1860 0000 0000 1061 1041 0800 1841 2082 28e3 1040 1040 1881 1040 1041 1041 2082 28c3 20a2 1841 2082 20a2 20c3 20a2 28c3 28e3 20c2 1881 18a1 20c2 3964 28e3 3944 4185 4165 3103 28e3 3104 2903 1841 1020 1041 18a1 1060 18a1 1861 1061 0820 1881 3103 3964 93ef a491 9c71 9451 ffbf ffbf ffdf f7be f7be ffdf ffdf ffdf ffdf ffdf ffdf f7be ffdf ffdf ffdf ffdf ffdf ffdf ffdf ffdf f7be ffdf ffdf ffdf ffdf ffdf ffdf f7be ffdf ffdf ffdf ffdf ffdf ffdf ffdf f7be f7be ffdf ffdf ffdf ffdf ffdf ffdf f7be ffdf ffdf ffdf ffdf ffdf ffdf ffdf 
ffdf ffdf ffdf ffdf ffdf ffdf ffdf ffdf ffdf ffdf ffdf ffdf ffdf ffdf ffdf ffdf ffdf ffdf ffdf f7df ffdf ffdf ffdf ffdf ffdf ffdf ffdf ffdf ffbf ffbf ffdf ffdf ffdf ffdf ffdf ffdf ffdf ffdf ffdf ffdf ffdf ffdf ffdf ffdf ffdf f7be ffdf ffdf ffdf ffdf ffde ffde ffdf ffbf ffbf ffdf ffdf f7df ffde ef7d a533 9491 8c50 840f 7bce 7bae 7bae 83cf 8c0f 9451 9c92 a4f3 ad55 b596 ce38 deba ef3c f77d ffbe ffde ff9e b575 ce58 ffbe 62aa 6aca bd95 e6ba ef3c f75d ef5d e71c f77d deda ef3c f75c c5d6 732b 20a1 1061 5a49 1020 1020 0820 0800 0800 0800 0000 0800 0800 0800 0800 0820 0820 0820 0800 0000 0000 0000 0000 0000 0000 0000 0000 0000 0000 0800 0000 0000 0000 0000 0000 0000 0000 0000 0000 0000 0000 0000 0000 0000 0000 0000 0000 0000 0800 0800 1000 1000 1820 1820 2040 2060 2060 2060 2060 2880 2880 2880 2880 2880 2880 30a1 30c1 38c2 38e2 38e2 38e2 38e2 4122 4143 4964 5184 59a5 6a06 7247 7aa8 8b09 9b4a a3cc b40e bc6f c4b0 ccf1 cd12 cd32 d553 d573 d594 ddb4 dd94 dd94 ddb4 dd94 dd94 d594 d573 d553 d553 d533 cd32 cd12 cd12 c4f1 bc90 ac2f 6248 1020 0800 0000 41a4 c5b4 de77 e6b8 8c0e 41a5 0000 0000 0840 0820 0800 1841 1861 28e3 1040 1040 1882 1020 1020 1020 1861 20a2 20a2 2082 20a2 20a2 20c2 28e3 28c2 3103 20a2 20a2 1881 20e2 3144 28e3 3123 3123 51e7 3103 28e2 2903 3124 20a2 0800 0800 1881 1861 1040 1882 1041 1040 20c2 28e3 5207 5a28 b513 8bce bd96 ffde f7be f7df ffdf ffdf ffdf f7be ffdf ffdf ffdf ffdf ffdf ffdf ffdf ffdf ffdf ffdf ffdf ffdf ffdf ffdf ffdf ffdf ffdf ffdf ffdf ffdf ffdf ffdf ffdf ffdf ffdf ffdf ffdf ffdf ffdf ffdf ffdf ffdf ffdf ffdf ffdf ffdf ffdf ffdf ffdf ffdf ffdf ffdf ffdf ffdf 
ffdf ffdf ffdf ffdf ffdf ffdf ffdf ffdf ffdf ffdf ffdf ffdf ffdf ffdf ffdf ffdf ffdf ffdf ffdf ffdf ffdf ffdf ffdf ffdf ffdf ffdf ffdf ffdf ffdf ffdf ffdf ffdf ffdf ffdf ffdf ffdf ffdf f7be f7be ffdf ffdf ffdf ffdf ffdf ffdf f7be ffdf ffdf ffdf ffdf ffde ffde ffbf ffbf ffdf ffdf ffdf ffdf ffdf 9cb2 20a2 18a1 20a1 18a1 20a1 20a1 20a1 20c1 20c2 20c2 20a1 20a1 1881 1881 20a1 20a1 20a2 20c2 3965 4a08 62eb 6b2c 9c91 d658 734c 62a9 ce38 de99 e6fb ef5d e6fc ef3d f75d e6fb ef3c f73c b533 6aca 28c2 2081 3165 1041 0800 0800 0800 0800 0800 0800 0820 0800 0800 0800 0820 0820 0820 0000 0800 0000 0000 0000 0000 0000 0000 0000 0000 0000 0000 0000 0000 0000 0000 0000 0000 0000 0000 0000 0000 0000 0000 0000 0000 0000 0000 0000 0000 0000 0800 0800 1020 1820 1840 2060 2060 2880 2881 2881 2881 2881 3081 2881 2881 2881 28a1 28a1 30c1 30e2 38e2 3903 4103 4943 4964 5184 59a4 61e5 7246 82a8 8ae9 9b6b a3ac b40d bc6f c4d0 ccf1 cd32 cd32 d553 d594 d594 ddb5 ddb5 ddb4 ddb4 ddb4 ddb4 dd94 dd94 d573 dd73 d553 d532 cd32 cd12 cd12 c4f1 c4b0 ac2f 3924 1041 0820 0820 5a67 cdb4 cdf6 de78 940e 41a5 0800 0000 0820 0820 0820 0800 1861 20a2 1841 1020 1861 1020 1020 1040 1861 28e3 20a2 28e3 20a2 20a2 20a2 20c2 1861 3104 20a2 20c2 18a1 20c2 3144 3945 3944 3103 49a6 3103 28c2 2081 2903 28e3 0820 0800 1861 1861 1020 1020 1041 1040 28e2 3965 51e7 5a48 838d 9430 f75d ffbe ffde ffde ffdf ffdf ffdf ffdf ffdf ffdf ffdf ffdf ffdf ffdf ffdf ffdf ffdf ffdf ffdf ffdf ffdf f7be ffdf ffdf ffdf ffdf ffdf ffdf ffdf ffdf ffdf ffdf ffdf ffdf ffdf ffdf ffdf ffdf ffdf ffdf ffdf ffdf ffdf ffdf ffdf ffdf ffdf ffdf ffdf ffdf ffdf ffdf 
ffdf ffdf ffdf ffdf ffdf ffdf ffdf ffdf ffdf ffdf ffdf ffdf ffdf ffdf ffdf ffdf ffdf ffdf ffdf ffdf ffdf ffdf ffdf ffdf ffdf ffdf ffdf ffdf ffdf ffdf ffdf ffdf ffdf ffdf ffdf ffdf ffdf ffdf ffdf ffdf ffdf ffdf ffdf ffdf ffdf ffdf ffdf ffdf ffdf ffdf ffde ffde ffdf ffdf ffdf ffdf ffdf ffdf f79e 5a8a 20e2 28e2 28e2 28e2 20c1 20c1 28c2 28c2 28c1 28c1 28c1 28c1 28c1 28e1 28c1 28e2 3102 3102 3102 28e2 28e2 20c1 18a1 1861 20a2 3124 5a69 7b8e bd96 deba ef1c f75d ef1c ef1c f75c eefb a450 51e7 1861 1041 1061 1020 0800 0800 0800 0800 0000 0000 0800 0800 0800 0800 0800 0800 0820 0000 0800 0000 0000 0000 0000 0000 0000 0000 0000 0000 0000 0000 0000 0000 0000 0000 0000 0000 0000 0000 0000 0000 0000 0000 0000 0000 0000 0000 0000 0000 0800 0800 1020 1820 1840 2040 2060 2880 2880 2880 2860 2881 3081 2881 2881 2881 2881 28a1 30c1 30c2 38e2 3903 4143 4964 5184 59a5 61c5 7226 82a8 8b09 9b6a abcc abed bc4e c4d0 c4d1 cd12 cd32 d553 d594 ddb4 ddb5 ddb5 ddb5 ddd5 ddd5 ddb4 ddb4 ddb4 dd94 d593 d553 d553 d532 d532 cd32 cd12 ccf1 bcb0 a3ee 2081 0820 7b8e 1861 b532 de36 e6b8 d616 a490 20a1 0800 0000 0800 0820 0820 0800 1861 20a2 1861 1020 1061 1040 1020 1041 1041 20a2 1881 28e3 20a2 20a2 20a2 28e3 1861 28c3 20a2 20a2 20a2 20c2 3124 3944 28e3 3924 4165 3103 28c2 2081 20a2 28e3 1861 1020 1041 2082 1041 0820 1861 1861 2903 49e7 5207 838d 62aa 8c10 ffde ffbe ffde ffde ffdf ffdf ffdf ffdf ffdf ffdf f7be ffdf ffdf ffdf ffdf ffdf ffdf ffdf f7be ffdf ffdf ffdf ffdf ffdf ffdf ffdf ffdf ffdf ffdf ffdf ffdf ffdf ffdf ffdf ffdf f7be ffdf ffdf ffdf ffdf f7be ffdf ffdf ffdf ffdf ffdf ffdf ffdf ffdf ffdf ffdf ffdf 
ffdf ffdf f7be ffdf ffdf ffdf ffdf ffdf ffdf ffdf ffdf ffdf ffdf ffdf ffdf ffdf ffdf ffdf ffdf ffdf ffdf ffdf ffdf ffdf ffdf ffdf ffdf ffdf ffdf ffdf ffdf ffdf ffdf ffdf ffdf ffdf ffdf ffdf ffdf ffdf ffdf ffdf ffdf ffdf ffdf ffdf ffdf ffdf ffdf ffdf ffdf ffbf ffdf ffdf f7be f7be ffdf ffbe c5f7 3965 28e2 20c1 20e1 20c1 20c1 20c1 20c1 20c1 20c1 20a0 20a1 20a0 20a0 28c1 28c1 28c1 28c1 28c1 28c1 28e1 28e1 28c1 28e1 28c2 28e2 28e2 28e2 28c2 20c1 2903 49e7 7b8e ad13 e6ba f75c e6da 6269 2081 1020 1020 1020 0820 0820 0800 0800 0000 0000 0800 0820 0820 0800 0800 0800 0800 0800 0800 0000 0000 0000 0000 0000 0000 0000 0000 0000 0000 0000 0000 0000 0000 0000 0000 0000 0000 0000 0000 0000 0000 0000 0000 0000 0000 0000 0000 0000 0000 0800 1000 1820 1840 1840 2040 2060 2060 2881 28a1 2881 2881 2880 2881 30a1 2881 30a1 30a1 30c1 30c2 3902 4123 4943 59a5 59c5 61e5 6a46 7a88 8ae9 9b4a a3ac b42e bc6f c4b0 c4f1 cd12 cd32 d553 d574 dd94 ddb4 ddb5 ddd5 e5f5 ddf5 ddd5 ddd4 ddb4 ddb4 dd94 d573 d573 d553 d552 cd32 cd32 cd32 c4f1 bcb0 93ac 1020 0800 1040 28e2 cd73 d5d5 ff7c d657 b513 1881 0800 0000 0000 0841 0840 0800 1861 20a2 2081 1820 1861 2082 1020 1041 1020 1861 2082 28e3 2082 20a2 20c2 28e3 20a2 20a2 28c3 28e3 28c3 20a2 28e3 3124 28a2 3103 41a6 3103 28c2 2081 20c2 28e3 1881 1041 1861 2082 1882 1040 1861 1040 3985 3965 3964 8bce 5248 de9a ffde ffde ffdf ffdf ffdf ffdf ffdf f7be f7be ffdf ffdf ffdf ffdf ffdf ffdf ffdf ffdf ffdf ffdf ffdf ffdf ffdf ffdf ffdf ffdf ffdf ffdf ffdf ffdf ffdf ffdf ffdf ffdf ffdf ffdf ffdf ffdf ffdf ffdf ffdf ffdf ffdf ffdf ffdf ffdf ffdf ffdf ffdf ffdf ffdf ffdf ffdf 
ffdf ffdf ffdf ffdf ffdf ffdf ffdf ffdf ffdf ffdf ffdf ffdf ffdf ffdf ffdf f7be ffdf ffdf ffdf ffdf ffdf ffdf ffdf ffdf f7be ffdf ffdf ffdf ffdf ffdf ffdf ffdf ffdf f7be ffdf ffdf ffdf ffdf ffdf ffdf ffdf ffdf ffdf ffdf ffdf ffdf ffdf ffdf ffdf ffdf ffdf ffdf ffdf ffdf ffdf ffdf ffbf ffdf 8bef 20a2 20c1 20c1 20c1 20c1 20a1 20c1 20a1 20a1 20a1 20a1 20a1 20a1 20a1 20a1 20a1 20a1 20a1 20a1 20a1 28a1 28c1 28c1 28c1 28c1 28e1 28e1 28e1 28e1 3102 3102 3102 3102 28e2 28e2 49e6 7b8d 732b 20a1 0820 1020 0820 0800 0820 0800 0000 0000 0000 0800 0800 0000 0800 0821 0000 0000 0000 0800 0000 0000 0000 0000 0000 0000 0000 0000 0000 0000 0000 0000 0000 0000 0000 0000 0000 0000 0000 0000 0000 0000 0000 0000 0000 0820 0000 0000 0000 0800 0800 1020 1820 2040 2060 2060 2060 2880 2880 2881 28a1 2880 2880 2880 30a1 30a1 30c1 38e2 38e2 4123 4123 4963 51a4 59c5 6a06 7247 7a87 8b09 9b6b abcc b42e bc6f c4b0 c4f1 cd12 cd52 d553 dd94 ddb4 ddb4 ddb5 ddd5 e5d5 e5d5 ddd5 ddd5 ddd4 ddb4 dd94 ddb4 d593 dd73 d573 d532 cd32 cd32 c4f1 c4f1 b46f 938c 2081 0000 0000 1881 ac6f cd73 de36 a490 8bce 1840 0820 0000 0000 1041 0820 0800 1020 20a2 1861 1841 1041 1861 1020 1020 1020 1881 28e3 20a2 20a2 1881 2903 3104 20a2 20a2 3145 20a2 28e3 20c2 3104 3944 28e3 3103 4165 3103 30e3 2061 28c2 28c2 2081 1841 1040 2081 1881 1861 1020 1841 6aca 5207 5207 5208 62ca ff9d ffde ffbf ffdf f7be ffdf ffdf ffdf ffdf f7be ffdf ffdf f7be ffdf ffdf ffdf ffdf ffdf f7be ffdf ffdf ffdf ffdf ffdf ffdf ffdf ffdf ffdf ffdf ffdf ffdf ffdf ffdf ffdf f7be ffdf ffdf ffdf ffdf ffdf ffdf ffdf ffdf ffdf ffdf f7be ffdf ffdf ffdf ffdf ffdf ffdf ffdf 
ffdf f7be ffdf ffdf ffdf ffdf ffdf ffdf ffdf ffdf ffdf ffdf ffdf ffdf ffdf ffdf ffdf ffdf ffdf ffbf ffdf ffdf ffdf ffdf f7be ffdf ffdf ffdf ffdf ffdf ffdf ffdf f7be ffdf ffdf ffdf ffdf ffdf ffdf ffdf ffdf ffdf ffdf ffdf ffdf ffdf ffdf ffdf ffde f7be ffdf ffdf f7df ffdf ffdf ffbf ffbf ef3d 4a07 20a1 20c1 20a1 20a1 20a1 20a1 20a1 20a1 20a0 20a1 20a1 20a1 20a1 20a1 20a1 20a1 20a1 20a1 20a1 20a1 20c1 28c1 28c1 28c1 28e1 28c1 28c1 28e1 28c1 28c1 28e2 28e1 30e1 30e1 3122 3122 3102 28e2 3964 41c6 39a6 20c2 0820 0820 0820 0000 0000 0800 0800 0000 0000 0820 0820 0000 0000 0000 0800 0000 0000 0000 0000 0000 0000 0000 0000 0000 0000 0000 0000 0000 0000 0000 0000 0000 0000 0000 0000 0000 0000 0000 0000 0000 10a2 1061 0800 0800 0800 1020 1040 1820 2040 2060 2861 2880 2881 2881 2881 30a1 30a1 30a1 30a1 30c1 30c1 38e2 40e3 4123 4143 5184 59a5 61e5 6a26 7267 82c8 8b29 9b6b abcc b40e bc6f c4b0 c4f1 cd11 cd32 d573 d594 dd94 d594 ddb4 ddb5 ddd5 ddd5 ddd5 ddd5 ddd5 ddf5 ddb4 ddb4 d594 dd94 d573 d552 d532 cd32 cd12 ccf1 c4d1 bc6f 938d 28e2 0800 0820 28e2 bd53 d5b4 c573 9c4f 28e2 0800 0820 0000 0000 0800 1041 0800 0800 1861 1861 1840 1041 20a2 1020 0820 1041 1861 1881 1861 20c2 20a2 20a2 3104 3104 20c3 3124 20a2 3124 20a2 3104 3124 3103 3103 4165 49a6 3924 2081 28a1 28c2 28c3 1020 1840 1841 20a2 20a2 1861 20a2 5a48 838d 3965 732c bd75 ffbe ffdf ffdf ffdf f7bf ffdf ffdf ffdf ffdf ffdf ffdf ffdf ffdf ffdf ffdf f7be f7be ffdf ffdf ffdf ffdf ffdf ffdf ffdf ffdf ffdf ffdf ffdf ffdf ffdf ffdf ffdf ffdf f7be ffdf ffdf ffdf ffdf ffdf ffdf ffdf ffdf ffdf ffdf ffdf ffdf ffdf ffdf ffdf ffdf f7be ffdf ffdf 
ffdf ffdf ffdf ffdf ffdf ffdf f7be ffdf ffdf ffdf ffdf f7be ffdf ffdf ffdf ffdf ffdf ffdf ffdf ffdf ffdf ffdf ffdf ffdf ffdf ffdf f7be ffdf ffdf ffdf ffdf ffdf ffdf ffdf ffdf ffdf ffdf ffdf ffdf ffdf ffdf ffdf ffdf ffdf ffdf ffdf ffdf ffdf ffdf ffbf ffbf ffbf f7df ffdf ffdf ffdf ffdf bdb6 3143 20c1 20c1 18a0 20a1 20a1 20a1 20a1 20a1 2081 20a1 20a1 20a1 20a0 20a1 20a1 20a1 20a1 20a1 20a1 20a1 20a1 28c2 28c2 28c1 28c1 28c1 28c1 28c1 28c1 28e1 28e2 28e1 28e1 30e1 30e1 3101 28e1 3102 3122 3123 2903 3144 3965 2924 0840 0000 0821 0800 0800 0000 0820 0820 0000 0800 0800 0800 0000 0000 0000 0000 0000 0000 0000 0000 0000 0000 0000 0000 0000 0000 0000 0000 0000 0000 0000 0000 0000 0000 0000 0000 0000 0000 0000 0000 0000 0000 0800 1020 1841 1840 2061 2881 2881 28a1 28a1 30a1 30a1 30c1 30c1 30c1 38c1 38e2 4103 4103 4924 5164 59a5 59c5 6206 7247 8288 8ae9 934a a3ac abed b42e bc6f c4d1 ccf1 cd12 d533 d573 d594 d594 ddb4 ddb4 ddd5 ddd5 ddd5 ddd5 e5f5 e5f5 e5d5 ddd5 e5d5 ddb5 dd74 dd73 dd73 d553 d532 d532 cd11 ccf1 c4b0 b46f 51c6 1020 0800 1000 93ee cdb4 ee98 e678 bd54 39a5 0800 0800 0800 0000 0000 1061 0820 0800 1861 1041 1020 1041 1861 1020 1020 1020 1040 20a2 1881 28c2 20a2 20a2 28c3 28c3 2082 3124 28c3 28c3 3124 3124 28e3 3124 3103 3944 4986 3924 28a1 28a1 28c2 20a2 1841 1041 1882 2081 28e3 30e3 3945 5207 838d 3944 6b0b ef5c ffdf ffff ffdf f7de f7de ffdf ffdf ffdf ffdf ffdf ffdf ffdf ffdf ffdf ffdf ffdf ffdf ffdf ffdf ffdf ffdf ffdf ffdf ffdf ffdf ffdf ffdf ffdf ffdf ffdf ffdf ffdf ffdf ffdf ffdf ffdf ffdf ffdf ffdf ffdf ffdf ffdf ffdf f7be f7be ffdf ffdf ffdf ffdf ffdf ffdf ffdf ffdf 
f7df f7df ffdf ffdf ffdf ffdf ffdf ffdf f7be f7be ffdf ffdf ffdf ffdf ffdf ffdf f7be f7be ffdf ffdf ffdf ffdf ffdf ffdf f7be f7be ffdf ffdf ffdf ffdf ffdf ffdf ffdf ffdf ffdf ffdf ffdf ffdf ffdf ffdf ffdf ffdf ffdf ffdf ffdf ffdf ffdf ffdf f7de f7be f7de f7de ffdf ffdf ffdf ffdf ffbe 7bae 20a2 20a1 20a1 2081 2081 20a1 1880 1880 18a0 20a0 20a1 20a1 2081 20a1 20a0 1880 20a0 20a1 20a1 20a1 28a1 28c1 20a0 20c1 20c1 20c1 28c1 28c1 28c1 28e2 28c1 28c1 28c1 28e1 28e1 3102 3102 30e1 28e0 28e0 2901 2901 3143 3122 20e2 3164 3144 18a2 0800 0820 0800 0820 0800 0800 0000 0000 0020 0000 0000 0000 0000 0000 0000 0000 0000 0000 0000 0000 0800 0820 0000 0000 0000 0020 0000 0000 0000 0000 0000 0000 0000 0000 0000 0000 0820 1041 0800 0800 1040 1860 2080 28a1 28a1 30a2 30a1 30a1 30c1 38c2 38e2 38c2 4103 4102 4122 4163 4983 5183 59a5 6a06 6a47 7a67 82a8 8ae9 9b6a a3ac b3ed bc2f c490 c4d1 ccf1 cd12 cd32 d553 d573 d594 ddb4 ddd4 ddd4 ddd4 ddd5 ddd5 e5f5 ddd5 e5d5 ddd5 ddd4 ddd4 ddd4 ddb4 d593 d553 d532 d532 cd12 ccf1 ccf1 bcb0 938d 1820 0800 6b2c 1881 a4d1 bd52 eeb7 eeb8 acd1 4a27 0800 0000 0800 0000 0000 1021 1021 0800 1041 1040 1040 0820 1881 1061 1020 1020 1041 1882 1861 20a2 20a2 2082 28c3 28e3 2081 28e2 2903 20c2 2923 2903 3103 3124 3944 3124 3924 3103 28a1 28a1 28a2 28a2 1861 1061 0840 20c1 1880 28e2 3964 6aca 5a48 3103 9c91 ffbe ffdf ffdf ffdf ffdf ffdf f7be f7de ffdf ffdf ffdf ffdf ffdf ffdf f7be ffdf ffdf ffdf ffdf ffdf ffdf ffdf f7be ffdf ffdf ffdf ffdf ffdf ffdf ffdf f7be f7be ffdf ffdf ffdf ffdf ffdf ffdf ffdf f7be f7be ffdf ffdf ffdf ffdf ffdf f7be f7be ffdf ffdf ffdf ffdf ffdf ffdf 
ffdf ffdf ffdf ffdf ffdf ffdf ffdf ffdf ffdf ffdf ffdf ffdf ffdf ffdf ffdf ffdf ffdf ffdf ffdf ffdf ffdf ffdf ffdf ffdf ffdf ffdf ffdf ffdf ffdf ffdf ffdf ffdf ffdf ffdf ffdf ffdf ffdf ffdf ffdf ffdf ffdf ffdf ffdf ffdf ffdf ffdf ffdf ffdf ffdf f7be ffde ffde ffbf ffdf ffdf ffbf ef3c 41e7 20a1 20c1 20a0 20a0 2081 20a1 1881 1881 20a1 2081 2081 2081 2081 20a1 20a0 20a1 20a1 20a1 20a0 20a1 20a0 20a0 20a1 20a1 20c1 20a1 20a1 28c1 20a1 28c1 28c1 28c1 28c1 28e1 28e1 30e1 28e1 28e1 30e1 30e1 3101 30e1 30e1 3101 3122 3123 28e2 3164 3985 20c3 0800 0000 0000 0000 0000 0820 0000 0000 0000 0000 0000 0000 0000 0000 0000 0000 0000 0841 0820 0820 0000 0000 0020 0000 0000 0000 0000 0000 0000 0000 0000 0000 0820 0000 1881 3123 2081 1820 2060 2081 2081 28a1 30c1 30c2 38e2 38e2 38e2 3902 4103 4123 4923 4943 4963 5184 59c4 61e5 6a06 7267 7a88 8ae9 9329 9b6a a3ab abed b44e c48f c4d0 ccf1 cd11 cd32 d553 d573 d574 dd94 dd94 ddb4 d5b4 ddd4 ddd5 ddb4 ddd5 ddd5 e5d5 ddd4 ddd5 ddd5 dd94 dd94 dd73 d553 d553 d533 cd12 cd12 c4f1 bcd1 72c9 1020 0800 0840 0800 6b0a c532 e636 c531 a46e 2903 0800 0800 0800 0800 0800 0800 1041 0820 0800 1060 1861 0820 1061 1882 1020 0820 1020 2081 1861 1882 28c3 1861 28e3 20c2 2081 28e3 2903 20c2 3124 20a2 3124 3144 28e2 3124 3965 28a1 2881 2081 20a1 28e2 2061 0800 1881 20a2 20a2 2081 4185 7b2b 5207 3104 de79 ffde f7be f7bf ffdf ffdf ffdf ffdf ffdf ffdf ffdf ffdf ffdf ffdf ffdf ffdf ffdf ffdf ffdf ffdf ffdf ffdf ffdf ffdf ffdf ffdf ffdf ffdf ffdf ffdf ffdf ffdf ffdf ffdf ffdf ffdf ffdf ffdf ffdf ffdf ffdf ffdf ffdf ffdf ffdf ffdf f7be ffdf ffdf ffdf ffdf ffdf ffdf ffdf ffdf 
ffdf ffdf ffdf ffdf ffdf ffdf ffdf ffdf ffdf ffdf ffdf ffdf ffdf ffdf ffdf f7df ffdf ffdf ffdf ffdf ffdf ffdf ffdf ffdf ffdf ffdf ffdf ffdf ffdf ffdf ffdf ffdf ffdf ffdf ffdf ffdf ffdf ffdf ffdf ffdf ffdf ffdf ffdf ffdf ffdf ffdf ffdf ffdf ffdf ffbf f7bf ffdf ffdf ffdf ffdf ffde bdb6 2924 20c1 20a1 20a0 1880 2080 2081 1880 1880 1880 1880 2081 2081 2081 2081 20a0 20a1 20a1 20a0 20a0 20a1 20a1 20a1 20a1 20a1 20a1 20c1 28c1 20c1 28c1 28c1 28c1 28c1 28c1 28c1 28e1 3102 28e1 30e1 30e1 30e1 30e1 3101 30e1 30e1 3101 30e1 30e2 3102 3123 2903 20e3 0000 0000 0000 0800 0800 0000 0000 0000 0000 0000 0000 0000 0000 0000 0000 0000 0000 1041 0820 0020 0000 0000 0000 0000 0000 0000 0000 0000 0820 0000 0000 0000 0800 41c6 acd2 28e2 1840 2061 2881 2881 30c1 38e2 3902 4103 4123 4123 4943 4943 4964 5184 5984 59a4 61e5 6a06 7226 7a67 82a8 8ae9 9b6a a38b abcc ac0d bc4e bc8f c4b0 ccf1 cd12 d532 d553 d573 dd94 d594 dd94 ddb4 ddb4 ddd4 ddd4 ddd5 ddd5 ddd5 ddd5 ddd5 ddb4 ddd5 ddd4 ddb4 dd94 d573 d553 d553 d532 cd32 cd12 c4f1 b490 6a88 1020 0800 0000 0800 49a5 cd73 c532 bd11 6267 0820 0000 0000 0820 0800 0000 0000 0820 0820 0800 1020 1841 1041 1020 1881 1020 0800 1020 1841 1881 1841 28c2 1861 1881 1881 20a2 1881 3104 20c2 20c3 20c2 3124 3123 28c2 3103 3944 2081 2081 2081 28a1 30e2 20a1 1881 1020 1861 1882 1861 5228 7b2b 4185 41a6 ef3c ffde ffdf ffdf ffdf ffde ffdf ffdf ffbf ffdf ffdf ffdf ffdf ffdf ffdf ffdf ffdf ffdf ffdf ffdf ffdf ffdf f7de ffdf ffdf ffdf ffdf ffdf ffdf ffdf ffdf ffdf ffdf ffdf ffdf ffdf ffdf ffdf ffdf ffdf ffdf ffdf ffdf ffdf ffdf ffdf f7be ffdf ffdf ffdf ffdf ffdf ffdf ffdf ffdf 
f7be ffdf ffdf ffdf ffdf ffdf ffdf ffdf ffdf ffdf ffdf ffdf ffdf ffdf ffdf ffdf ffdf ffdf ffdf ffdf ffdf ffdf ffdf ffdf ffdf ffdf ffdf ffdf ffdf ffdf ffdf ffdf ffdf ffdf ffdf ffdf ffdf ffdf ffdf ffdf ffdf ffdf ffdf ffdf ffdf ffdf ffdf ffdf ffdf ffdf ffdf ffdf ffdf ffdf ffdf ffde 83cf 20c2 20a1 20a0 20a1 1880 1880 1880 1880 1880 1880 1880 2080 2080 2081 2081 20a0 2080 2080 20a0 20a0 20a0 20a1 20a1 20a1 20a1 20c1 20c1 20c1 20c1 20a1 28c1 28c1 28c1 28c1 28c1 28e1 28e1 28e1 30e1 30e1 30e1 3102 3102 3102 3102 3101 3101 30e1 30e1 28c1 5207 62ca 0800 0000 0000 0820 0000 0000 0000 0000 0000 0000 0000 0000 0000 0000 0000 0000 0000 0820 0800 0000 0000 0000 0000 0000 0000 0000 0000 0000 0000 0820 0820 0000 0000 1020 3144 28e2 1840 2080 28c2 30c1 30e2 3902 4123 4944 4964 4964 5184 59a4 59c5 61c5 61e5 6a06 7226 7a67 8287 8ae8 9309 9b6a a3ac abec b42d bc6f bc8f c4d0 ccf1 ccf1 d532 d553 d573 d573 dd94 dd94 d594 ddb4 ddb4 ddd4 ddd4 ddd5 ddd5 e5f5 e5f5 ddd5 ddd4 ddd5 ddd5 ddb4 dd94 d593 d573 d553 d553 d532 cd12 c4f1 b490 6aa9 1020 0800 0800 1820 bd33 c573 e698 cdb3 942e 1061 0820 0820 0841 0820 0000 0000 0800 1041 0800 1020 1841 1041 0800 1881 1040 0800 0800 1861 1861 1041 20c2 18a2 18a2 20a2 1881 1861 2903 2903 20a2 2903 3123 3144 28c2 3103 3103 28a2 28c3 2061 28a2 28a2 28e2 1881 1061 1041 18a2 20a1 3123 7b4c 5207 7b6d f79e ffbe f7be ffdf ffdf ffde ffde ffdf ffdf ffdf ffdf ffdf ffdf ffdf ffdf ffdf ffdf f7be f7be ffdf ffdf ffdf ffdf ffdf ffdf ffdf ffdf ffdf ffdf ffdf ffdf ffdf ffdf ffdf ffdf ffdf ffdf ffdf ffdf ffdf ffdf ffdf ffdf ffdf ffdf ffdf f7be ffdf ffdf ffdf ffdf ffdf ffdf ffdf ffdf 
ffdf ffdf ffdf ffdf ffdf ffdf ffdf ffdf ffdf ffdf ffdf ffdf ffdf ffdf ffdf ffdf ffdf ffdf ffdf ffdf ffdf ffdf ffdf ffdf ffdf ffdf ffdf ffdf ffdf ffdf ffdf ffdf ffdf ffdf ffdf ffdf ffdf ffdf ffdf ffdf ffdf ffdf ffdf ffdf ffdf ffdf ffdf ffdf ffdf ffdf ffdf ffdf ffde f7be ffdf ffbe 49e7 20a1 20a1 1880 1880 1881 18a1 1880 1881 1881 2081 2081 2081 2081 2081 2081 20a1 2081 20a1 20a1 20a0 20a0 20a0 20a1 20a1 20a1 28c1 28c1 28c1 28c1 28c1 28c1 28c1 28e1 28e1 28c1 28e1 28e1 28e1 30e2 28e1 30e2 3102 3102 3102 3102 3102 3102 3101 30e1 3101 62a8 6aea 0800 0000 0841 0820 0000 0000 0820 0000 0000 0000 0000 0020 0000 0000 0000 0000 0820 0000 0000 0000 0000 0820 0000 0820 0000 0000 0000 0000 0020 0000 0000 0000 0000 1020 3964 49a5 4163 28a1 30e2 3902 4123 4123 4963 4964 5184 51a4 59c5 61c5 69e5 6a26 7226 7266 7a87 82c8 9329 9b6a a38b a3ac abed b44e bc6f bc8f c4d0 c4f1 ccf1 cd12 d553 d573 d573 dd94 ddb4 ddb4 ddb4 ddb4 ddb4 ddd5 ddd5 ddd5 e5f5 e5f5 e5f5 e5f5 ddd5 ddd5 ddd5 ddb4 dd94 d573 d553 d573 cd32 d532 cd12 c4d1 9bee 2081 0800 2104 1041 28e1 c594 bd73 ff5b de35 a48f 28c2 0800 0800 0841 0820 0820 0000 0000 0820 0820 0800 1040 1861 1020 1041 1020 0820 0820 1041 1041 1061 20a2 20a2 20a2 20a2 20a2 2082 28c3 3103 20a2 2903 20c2 3124 28c2 3123 3123 28c2 28a2 2061 28a2 28a2 2081 1881 1040 1040 28c3 2081 4165 3944 5207 9451 ffbe ffde ffdf ffde ffde ffdf ffdf ffdf ffdf ffdf ffdf ffdf ffdf ffdf ffdf ffdf ffdf ffdf ffdf f7be ffdf ffdf f7be ffdf ffdf ffdf ffdf ffdf ffdf ffdf ffdf ffdf ffdf ffdf ffdf ffdf ffdf ffdf ffdf ffdf ffdf ffdf ffdf ffdf ffdf ffdf f7be ffdf ffdf ffdf ffdf ffdf ffdf ffdf ffdf 
ffdf ffdf ffdf ffdf ffdf ffdf ffdf ffdf ffdf ffdf ffdf ffdf ffdf ffdf ffdf ffdf ffdf ffdf ffdf ffdf ffdf ffdf ffdf ffdf ffdf ffdf ffdf ffdf ffdf ffdf ffdf ffdf ffdf ffdf ffdf ffdf ffdf ffdf ffdf ffdf ffdf ffdf ffdf ffdf ffdf ffdf ffdf ffdf ffde ffde ffde ffde f7de ffde ffde ce58 3144 20a1 20a1 1881 1881 1881 1881 1880 1881 1881 1881 2081 2081 20a1 2081 2080 2081 2081 2081 2080 2080 20a0 20a0 20a0 20a1 20a1 28c1 28c1 28c1 20a1 28c1 28c1 28c1 28e1 28e1 28e1 28c1 28e1 28e1 3102 3102 3102 3102 3102 3102 3102 30e2 3102 3102 3101 3101 6ac9 732b 0820 0820 0820 0000 0020 0841 0820 0020 0000 0000 0000 0020 0000 0000 0000 0820 0000 0000 0820 0820 0820 0820 0000 0000 0841 0000 0000 0841 0020 0820 0020 0020 0000 18a1 62a9 940e 6a88 51c5 3902 4964 4943 5164 51a4 59c5 61e5 61e5 6a06 6a26 7246 7a87 82a8 82c8 8ae8 9329 9b6a a3ac abcc abed b42e bc6f bc8f c4b0 ccd1 cd12 cd32 d532 d553 d593 d573 dd94 dd94 ddb4 ddb4 ddb4 ddb4 ddd5 ddd4 ddd5 e616 e616 e5f5 ddd5 ddd5 ddd5 ddd5 ddb4 dd94 d573 d553 d553 d553 d512 ccf2 c4d1 6227 1020 0000 738d 1061 1860 acf1 c552 e656 b4f0 940d 1840 1021 0000 0000 0820 0820 0000 0000 0800 1061 0800 0820 1041 1041 1041 1020 0820 0800 1020 1041 1041 1061 20c2 20a2 1881 1861 20c2 2082 3124 20a2 30e3 2081 3103 28c2 3123 3123 30e3 28a2 2060 2081 28a2 2081 20a1 1840 1840 1861 28e2 49c6 49a6 4186 b555 ffbe ffdf ffdf ffdf ffdf ffdf ffdf f7df f7df f7be ffdf ffdf ffdf ffdf ffdf f7be ffdf ffdf ffdf ffdf ffdf ffdf ffdf ffdf ffdf ffdf ffdf ffdf ffdf ffdf ffdf ffdf ffdf ffdf ffdf ffdf ffdf ffdf ffdf ffdf ffdf ffdf ffdf ffdf ffdf ffdf ffdf ffdf ffdf ffdf ffdf ffdf ffdf ffdf ffdf 
ffdf ffdf ffdf ffdf ffdf ffdf ffdf ffdf ffdf ffdf ffdf ffdf ffdf ffdf ffdf ffdf ffdf ffdf ffdf ffdf ffdf ffdf ffdf ffdf ffdf ffdf ffdf ffdf ffdf ffdf ffdf f7be ffdf ffdf ffdf ffdf ffdf ffdf ffdf ffdf ffdf ffdf ffdf ffdf ffdf ffdf ffdf ffdf f7df ffdf ffdf ffdf f7be ffde ffde 9cb2 20c2 20a1 2081 1880 1881 1881 20a1 1881 1880 1880 2081 2081 2080 2080 2081 2080 2080 2081 2080 1880 2080 20a0 20a1 20a1 20a1 20a1 20c1 20c1 28c1 28c1 28c1 28e1 28c1 28c1 28e2 28e2 28c1 28e1 3102 3102 3101 3101 3102 3102 3102 3102 3102 3102 3102 3122 3922 6ac9 734c 0820 0800 0820 0020 0841 0841 0820 0841 1061 0820 0000 0000 0000 0000 0000 0820 0000 0800 0800 0841 0000 0000 0820 0821 0000 0000 0000 0000 0000 1082 0820 0820 0800 3144 7b6c e698 93ad 6267 4942 51a4 5184 59c5 61c5 61e5 6a26 6a46 7267 7a87 7a88 82a8 8ae8 9329 9b6a a38b abcc abed b42d bc4e bc6f bc8f c4b0 ccd1 ccf1 cd12 cd32 d553 dd74 d593 d593 dd94 ddb4 ddb4 ddb4 ddb4 ddd4 e5d5 e5d5 e5f5 e5f5 e5f5 ddd5 e5f5 ddb4 ddd5 e5d5 ddb4 dd94 dd94 d573 d553 d553 cd12 cd12 b44f 3903 1040 0000 0000 0800 1860 acb1 c572 bd11 acb0 4184 0820 0821 0820 0821 0821 0821 0000 0000 0800 0820 0820 0800 1020 1020 1020 1020 0800 0800 1020 1861 1040 1861 20e3 18a2 1881 20c2 20c3 2082 28c2 28c2 20a2 28c2 3124 28c2 3103 3123 3903 28a1 2081 1861 20a2 20a2 28c2 28c2 1840 1861 1861 28e3 3945 49e7 d679 ffbf ffdf ffdf ffdf ffdf ffdf ffdf ffdf ffdf ffdf ffdf ffdf ffdf ffdf ffdf f7be ffdf ffdf ffdf ffdf ffdf ffdf ffdf ffdf ffdf ffdf ffdf ffdf ffdf ffdf ffdf ffdf ffdf ffdf ffdf ffdf ffdf ffdf ffdf ffdf ffdf ffdf ffdf ffdf ffdf ffdf ffdf ffdf ffdf ffdf ffdf ffdf ffdf ffdf ffdf 
ffbf ffdf ffbf ffbe ffdf ffdf f7be ffdf ffdf ffdf ffdf ffdf f7df f7df f7df f7df ffdf ffdf ffdf ffdf ffdf ffdf ffdf ffdf ffdf ffdf ffdf ffdf ffdf ffdf ffdf ffdf ffdf ffdf ffdf ffdf ffdf ffdf ffdf ffdf ffdf ffdf ffdf ffdf ffdf ffdf ffdf ffdf ffdf ffdf ffdf ffdf ffbf ffdf ffbe 6b0b 20a1 20a1 1880 1880 1881 1881 1881 1880 1881 2081 2061 2081 2080 1880 2081 1880 2081 2081 1880 2080 20a0 20a0 18a0 20a0 20a1 20a1 20a1 20a1 28c1 28c1 28c1 28c1 28c1 28c1 28e2 28e2 28e1 28e1 3102 3102 3102 3102 3122 3102 3102 3102 3102 3122 3122 3922 3922 6ac9 7b6d 0820 0000 0000 0821 1041 1041 0821 0841 0841 0821 0020 0820 0000 0000 0000 1061 0020 0820 0000 18a2 0820 0000 0841 1061 0840 0820 0000 0820 0000 0000 0000 0000 0800 2902 5a27 a40e 9bac 6a46 5163 59c4 59c5 61e5 6a26 7267 7a67 7a87 8287 8ae8 8ae8 8ae9 9309 9b4b a38b abcc b3cd b42e bc4e bc6e bc6f c4b0 c4d0 ccf1 ccf1 cd32 d553 d553 d573 dd94 ddb4 dd94 e5b5 ddd4 ddb4 ddb4 ddb4 e5f5 e5f5 e5f5 e5f5 e5f5 ddd5 e5f5 ddd5 ddd5 ddb5 dd94 dd94 dd73 d573 d533 cd32 cd12 cd12 ac2f 30c1 1040 0000 0020 0800 730a c553 d636 eed9 b4f1 6288 0820 0000 1041 0841 0820 0841 0820 0800 0000 0820 1041 0800 0800 1020 1040 1020 0800 0800 1020 1041 1061 1020 20c3 1061 1881 1881 20c3 20a2 20a2 28c3 2082 28c2 3124 20a2 4185 28c2 4164 2081 2081 1840 2081 28a1 2081 28c2 2061 2061 1861 2061 2081 28e3 bdb7 ffbf ffdf ffde ffde ffde f7de ffde ffdf ffdf ffdf ffdf f7be ffdf ffdf ffdf ffdf ffdf ffdf ffdf ffdf ffdf ffdf ffdf ffdf ffdf ffdf ffdf ffdf ffdf f7be ffdf ffdf ffdf ffdf ffdf ffdf ffdf ffdf ffdf ffdf ffdf ffdf ffdf ffdf ffdf ffdf ffdf ffdf ffdf ffdf ffdf ffdf ffdf f7be ffdf 
f7be f7be ffdf ffdf ffdf ffdf ffdf ffdf f7be ffdf ffdf ffdf ffdf ffdf ffdf ffdf f7df f7df f7df ffdf ffdf ffdf ffdf ffdf f7de f7be ffdf ffdf ffbf ffbf ffdf ffdf f7be f7be ffdf ffdf ffdf ffdf ffdf ffdf f7be ffdf ffdf ffdf ffdf ffdf ffdf ffdf f7de f7de ffde ffde ffde ffde ef3c 41c6 1881 1880 1880 1881 1881 1881 1881 1881 1860 1880 1880 1880 1860 1880 2081 2081 1880 1880 2080 2080 2080 2081 2081 20a1 18a0 18a0 20c0 20c1 20c1 28c1 28e1 28c1 28c1 28c1 28e1 28e1 28e1 30e2 3102 3102 2901 2901 3122 3122 3122 3122 3122 3122 3122 3922 3922 730a 7b6d 0820 0820 0000 0000 0840 0861 0020 0020 0861 0820 0820 0000 0000 0000 0000 0821 0821 0801 0821 0000 0020 0841 0020 0000 0020 0020 0020 0000 0000 0000 0000 0000 0800 2081 7b2b 93ab 93cb 8329 61e4 61c5 6a06 6a26 7266 7287 7aa8 82e8 8ae9 9309 9b29 9b4a a36b a38b a3cc ac0d b42d bc4e bc6f c48f c490 c4b0 c4d0 c4f1 cd12 d532 d553 d573 dd94 d5b4 d5b3 ddd4 ddd4 ddd4 ddd4 ddd4 e5d5 ddd5 ddd5 ddf5 ddf5 e5f5 e5f5 ddd5 ddd5 d5d4 ddd4 ddd4 d593 dd93 d553 d553 d533 cd32 c4f2 ac50 4985 1861 1020 0800 1020 93cd b4f0 ce16 ef1a b532 7b0a 0800 0820 0800 0800 0820 0000 0821 0800 0800 0800 0820 0000 0000 0800 1040 1020 1020 1020 0800 1020 1041 1041 1882 1882 20a2 20c3 2923 20c2 18a1 28e2 20a2 20a1 3104 20c2 28c2 30e3 30e3 2881 2081 1861 1840 1860 1020 1880 3122 20a1 1861 1820 2081 2082 3124 9431 ef5d ffbf ffdf ffdf ffdf ffdf f7be f7de f7de ffdf f7de ffdf ffdf ffdf f7be f7be f7de ffdf ffdf ffdf ffdf ffdf f7be f7df ffdf ffff f7be ffdf ffdf ffdf f7be ffdf ffdf ffdf ffdf ffdf ffdf ffdf f7de f7df ffdf ffdf f7df f7df ffdf ffdf f7be ffdf ffdf ffbf ffbf ffbf ffdf ffdf 
ffdf ffdf ffdf ffdf ffdf ffdf ffdf f7be ffdf f7be ffdf ffdf ffdf ffdf ffdf f7be ffdf ffdf f7df f7df ffdf ffdf ffdf ffdf ffdf ffdf ffdf ffdf ffdf ffbf ffdf ffdf ffdf ffdf ffdf ffdf ffdf ffdf ffdf ffdf ffdf ffdf ffdf ffdf ffdf f7be ffdf ffdf f7df ffdf ffde ffde ffde ffbe c5f7 3124 20a1 20a1 1880 1880 1881 1881 1860 1881 1880 1880 1881 1881 1881 2081 2080 1860 1881 2081 1880 1880 20a0 2080 20a0 20a1 20a1 20a1 20c1 20c1 20c1 20c1 28c1 28c1 28c1 28e1 28c1 28e1 30e1 28e1 3102 3102 3122 3102 3122 3102 3122 3102 3922 3922 3922 3942 3922 7b2a 838d 0820 0840 0820 0821 0841 0820 0820 0820 0820 18c3 0841 0820 0000 18a2 0820 0841 0820 0000 0820 0000 0841 0821 0020 0000 0000 0000 0000 0000 0000 0000 0000 0000 0800 4184 93ed cdb5 ddf5 a40d 82e8 6205 6a46 7267 7a88 82c8 8ae8 9329 9329 9b4a 9b6a a3ab a3cc abec ac0d b42d b44e bc6e bc8f c48f c4b0 c4d0 ccf1 cd11 cd11 d532 d553 dd73 dd94 dd94 ddd5 ddd5 ddd5 ddd5 ddd5 e5f5 e5f5 ddf5 ddf5 ddf5 ddf5 ddf5 ddf5 ddd5 ddd5 ddd5 ddb4 ddb4 d574 d553 d553 d553 d532 cd12 c4f2 b470 5a07 1020 0840 2945 0800 5226 bd52 c553 cd94 a46f 49e5 0820 0820 0820 0800 0800 0800 0820 0000 0000 0800 0800 0800 0820 0800 1041 1020 0800 0800 0820 1020 1041 1041 1861 20a2 1040 18a2 3144 28e3 1860 28e2 2082 20a2 28c2 28c3 3103 3123 28c2 28c2 1881 1840 2081 1020 1041 1020 20a1 3103 20c2 2081 1860 20a1 28a1 30e3 51e7 acf3 ef1c ffbe ffdf ffdf ffde f7be ffde ffde ffdf ffdf ffdf ffdf ffde ffde ffde ffde ffdf ffdf ffdf ffdf ffdf ffdf ffdf ffdf ffbf ffdf ffdf ffdf ffdf ffdf ffdf ffdf ffdf ffdf ffdf ffdf ffdf ffdf ffdf ffdf ffdf ffdf ffdf ffdf f7be ffdf ffdf ffdf ffdf ffdf ffdf ffdf 
ffdf ffdf ffdf ffdf ffdf ffdf ffdf ffdf ffdf ffdf ffdf ffdf ffdf ffdf ffdf ffdf ffbf ffbf ffdf ffdf ffdf ffdf ffdf ffdf ffdf ffdf ffdf ffdf ffdf ffdf f7de f7df ffdf ffdf ffdf ffdf ffdf ffdf ffdf ffdf ffdf ffdf ffdf ffdf ffdf ffdf ffdf ffdf ffdf ffdf ffde ffdf ffdf ffde 9c92 20c2 18a1 1880 1880 1881 1881 1881 1880 2081 1880 1860 1861 1860 1880 2080 2081 2081 1881 2081 1881 2081 2080 20a0 20a0 20a0 20a1 20a0 20a1 20a1 20a1 20c1 28c1 28c1 28c1 28e1 28e1 28e1 28e1 3102 3102 3102 3122 3122 3922 3922 3922 3902 3922 3922 3942 3922 3922 836b 83ad 0820 0821 0821 0841 0821 0821 0821 0820 0841 0820 0820 0000 0820 0820 0820 0820 0000 0000 0000 0820 0821 0820 0000 0000 0000 0000 0820 0000 0820 0000 0000 0000 0800 4183 8b8b cdb4 eeb8 bcd0 9bab 7267 7a87 82c8 8ae8 8b09 9309 932a 9b6a a38b a3ab abcc abec b40d b42e b44e bc6e bc8f c48f c4b0 c4d0 c4f1 ccf1 cd11 d512 d552 d553 d573 dd94 ddb5 ddb5 ddb5 ddb5 ddd5 e5f5 e5f6 e5f5 e5f6 ddd5 ddf5 ddf5 ddd5 ddd5 ddd5 ddf5 ddd5 ddb4 dd94 dd74 dd94 d553 d553 d532 cd32 c4d1 ac2e 4964 0800 0861 4208 0800 1860 ac70 c552 bd11 72ea 1840 1040 0820 0840 0820 0820 1041 0841 0820 0820 0820 0820 0820 0820 0800 1040 1020 0800 0800 0820 1020 1041 1041 1040 1881 1881 1881 2903 3144 1840 20a2 1861 3104 20a2 3103 2081 28c2 28a2 28a1 2081 1840 2081 1840 1061 1040 1840 28c2 28c2 28c2 28a1 28a1 2081 28c2 28c2 3944 3965 7b4d deba ff9e ffdf ffdf ffdf ffdf f7df f7df ffdf ffdf ffdf ffdf ffdf ffdf ffdf ffde ffdf ffdf ffdf ffdf ffdf ffdf ffdf ffdf ffdf ffdf ffdf ffdf ffdf ffdf ffdf ffdf ffdf ffdf ffdf ffdf ffdf ffdf ffdf ffdf ffdf ffdf ffdf ffdf ffdf ffdf ffdf ffdf ffdf ffdf 
ffdf ffdf ffdf ffdf ffdf ffdf f7be ffdf ffdf ffdf ffdf ffdf ffdf ffdf ffdf ffdf ffdf ffdf ffdf ffdf ffdf ffdf ffdf ffdf ffdf ffdf ffdf ffdf ffdf ffdf ffdf ffdf ffdf ffdf ffdf ffdf ffdf ffdf ffdf ffdf ffdf ffdf ffdf ffdf ffdf ffdf ffdf ffdf ffdf ffdf ffde ffdf ffde ffbe 6b0c 20a1 20a1 2081 1881 1880 1880 1860 1880 1880 1860 1880 1881 1860 1880 2081 1881 1881 2080 2080 2080 20a1 20a1 20a1 20a0 20a0 20a1 20a1 20a1 20a1 20a1 28c1 28c1 28e1 28c1 28c1 28e2 28e1 28e1 3102 3102 3101 3102 3122 3922 3922 3922 3942 3922 3943 3942 4163 4142 8bac 83ae 1882 0841 0841 0821 0020 0821 0020 0020 0820 0820 0000 0000 0820 0841 0820 0820 0000 0820 0820 0000 0821 1061 0000 0000 0000 0020 0000 0000 0000 0000 0000 0000 0820 20a1 6ac9 a46e cd52 cd51 934a 7aa7 8ac8 8ae9 9309 9b4a 9b4a 9b6a a3ac abcc abec abec b42d b44e b44e bc4e bc6f c4b0 c4d0 c4d1 ccf1 ccf1 cd11 d512 d532 d552 dd73 d573 dd94 dd94 ddd5 ddb4 ddd5 ddd5 ddd5 e5f5 e5f6 e5f5 ddd5 e5f5 ddd5 ddd5 ddd5 ddd4 ddd4 ddb4 dd94 dd94 dd73 dd53 d553 d532 d553 cd12 bcb1 7ae9 3902 0820 0000 0000 0820 8bcd c553 d5d5 cd94 acb0 20a1 1040 1041 0841 0821 0820 0841 0820 0841 0820 0000 0820 0841 0800 0820 1040 1020 1000 0800 0820 0820 1020 2082 1020 1861 1881 2082 20c2 3124 1861 2081 20a2 20a2 20a2 3104 20a2 28a2 28a2 28a2 1840 1861 1840 1840 1841 1040 1840 1840 2081 28a2 28c2 28c2 28c2 20a1 28c2 30e2 30c2 28a2 28a2 5228 7b8e 9c92 d69a f79e ffdf ffdf ffde ffdf ffdf ffdf ffdf ffdf ffdf ffdf f7df ffdf f7df ffdf ffdf ffdf ffdf ffdf ffdf ffdf ffdf ffdf ffdf ffdf ffdf ffdf ffdf ffbf ffdf ffdf ffdf ffdf ffdf ffdf ffdf ffdf ffdf ffdf ffdf ffdf ffdf ffdf ffdf ffdf 
ffdf ffdf ffdf ffdf ffdf ffdf ffdf ffdf ffdf ffdf ffdf ffdf ffdf ffdf ffdf ffdf ffdf ffdf ffdf ffdf ffdf ffdf ffdf ffdf ffdf ffdf ffdf ffdf ffdf ffdf ffdf ffdf ffdf ffdf ffdf ffdf ffdf ffdf ffdf ffdf ffdf ffdf ffdf ffdf ffdf ffdf ffdf ffdf ffdf ffdf ffdf ffdf ffdf ef5d 41c6 20a1 2081 1881 1880 1860 1860 1860 1860 1880 1880 1881 1860 1860 2060 2081 1880 2081 20a1 1880 20a0 20a0 20a1 2081 20a0 20a0 20a1 28c1 20a1 20a1 20a1 28c1 28c1 28e1 28c1 30e2 28e1 3102 3102 3102 3102 3102 3122 3922 3922 3922 3922 3922 3943 3943 4163 4163 4163 93ed 7b6d 1041 0841 0841 0820 0820 0821 0821 0841 0821 0841 0820 0820 0821 0820 0020 0020 0840 0821 0020 0820 0821 0820 0820 0821 0841 0020 0000 0000 0000 0020 0000 0020 0000 1020 5206 a46e b4af bccf 936a 8b09 934a 9b4b 9b6b a38b ab8b abcc b3cd abed b40d b42d b44e bc4e bc6f bc8f c490 c4b0 ccd1 ccf1 ccf1 cd11 d532 d552 d552 d573 d553 dd94 dd94 ddd5 ddd5 ddd5 e5d5 ddd5 ddd5 ddd5 ddd5 e5f5 ddd5 e5f5 ddd5 ddd4 ddd4 ddd4 ddd4 ddb4 dd94 dd73 dd53 d553 d552 d552 d552 d512 bc70 59e6 2060 1040 0000 0000 1020 bd52 bd11 f6fa eeda acd1 49c5 0800 0820 0821 0821 0821 0800 0841 0841 0820 0820 0841 0820 0800 1020 1040 1020 1020 1020 0820 1020 1040 2082 1040 1861 2082 1882 18a2 2904 28c3 1841 2081 2081 20c2 28e3 2081 2081 28c2 28a2 1840 1840 2081 1020 1841 1841 1040 1881 1040 2081 20a2 28c2 28c2 28a1 28c2 30c2 30e3 30c2 28c2 2081 3944 3103 2081 49e7 62ca 9430 c5f7 f79d ffde f7be ffdf ffdf ffdf ffdf ffff ffdf ffdf ffdf ffdf ffdf ffdf ffdf f7be ffdf ffdf ffdf ffdf ffdf ffdf ffdf ffdf ffdf ffdf ffdf ffdf ffdf ffdf ffdf ffdf ffdf ffdf ffdf ffdf ffdf ffdf ffdf ffdf ffdf 
ffdf f7be ffdf ffdf ffdf ffdf ffdf ffdf ffdf ffdf ffdf ffdf ffdf ffdf ffdf ffdf ffdf ffdf ffdf ffdf ffdf ffdf ffdf ffdf ffdf ffdf ffdf ffdf ffdf ffdf ffdf ffbe ffdf ffdf ffdf ffdf ffdf ffdf ffdf ffdf ffdf ffdf ffdf ffdf ffdf ffdf ffdf f7be ffdf ffdf ffdf ffdf ffdf ce59 3164 20a1 2081 1880 1860 1881 1860 1860 1860 1860 1880 1880 1880 1860 1860 2080 2080 2081 1881 2081 2081 20a1 20a0 28c1 4184 5226 49e5 3122 20a1 28c1 20a1 20a1 28c1 28c1 28e1 30e2 28e1 3102 3102 3102 3102 3102 3102 3122 3922 3942 3922 3943 4143 4143 4163 4163 4183 9c4f 732b 0840 0841 0841 0841 0000 0820 0820 0821 0000 0820 0820 0820 0820 0840 0820 0000 0020 0821 0000 0840 0020 0020 0020 0840 0000 0000 0820 0841 0000 0000 0000 0000 0800 1860 8bac c552 f6b8 d5d4 c511 9bac 9b8b a3ab a3ac abcc abcc b3ed b3ed b42e b42e bc4e bc6f bc6f bc8f c4b0 c4d0 ccd1 ccf1 ccf1 d512 d532 d553 d532 d553 dd93 dd93 dd94 dd94 ddb4 ddd5 ddd5 ddd5 ddd5 ddd5 ddd5 ddd5 ddd4 ddd5 e5d5 e5d5 ddd4 ddd4 ddd5 e5d5 ddb4 dd94 dd73 dd73 d553 d553 d552 d532 cd12 b470 5a07 1861 0800 0800 0820 1020 bcf1 bd11 d635 c5b4 a48f 3944 28e3 18a2 0821 0820 18a2 1082 0841 0841 0841 0821 0820 0800 0800 1021 1041 0800 1020 1020 1040 1020 1041 1861 1041 1020 20a2 1861 1881 28e3 28c2 1861 1881 1881 28e3 3103 20a1 2081 28a2 2061 1840 1861 1840 1840 1841 1861 1040 1040 1841 1861 1861 28a2 28c2 28c2 2081 2061 2081 28a2 28c2 28c2 28e2 3923 4144 3103 3924 3103 30e3 49c6 bdb6 f79e ffdf ffdf ffdf ffdf ffde ffde ffdf ffdf ffdf ffdf ffdf ffdf ffdf ffdf ffdf ffdf ffdf ffdf ffdf ffdf ffdf ffdf ffdf ffdf ffdf ffdf ffdf ffdf ffdf ffdf ffdf ffdf ffdf ffdf ffdf ffdf ffdf ffdf 
ffdf ffdf ffdf ffdf ffdf ffdf ffdf ffdf ffdf ffdf ffdf ffdf ffdf ffdf ffdf ffdf ffdf ffdf ffdf ffdf ffdf ffdf ffdf ffdf ffdf ffdf ffdf ffdf ffdf ffdf ffdf ffdf ffdf ffdf ffdf ffdf ffdf ffdf ffdf ffdf ffdf ffdf ffdf ffdf ffdf ffdf ffdf ffdf ffde ffde ffde ffde ffde ad34 20e2 1881 1881 1881 1860 1881 1860 1860 1880 1880 1880 1880 1880 1880 1880 1880 2081 2081 2081 2081 2080 3122 8bcc 942e 7b4a 6ac8 7308 940d a48e 6287 28c1 28c1 28c1 28e1 3101 30e1 3102 3102 3102 3102 3102 3102 3102 3942 3942 3942 3942 3942 3942 4163 4183 4983 4183 acb0 62ea 18c3 0841 0841 0821 0820 0841 0821 0820 0820 0821 0841 1082 0820 0820 0820 0821 0820 0000 0000 0841 0000 0000 0000 0820 0000 0000 0841 0821 0000 0000 0821 0820 0820 2080 838b bd52 f71a de16 cd73 ac0d abed abed abed ac0d b42d b42d b44e b42e bc6f bc8f bc8f c490 c4d0 c4d1 c4f1 cd11 cd12 cd12 d532 d532 d553 d573 dd93 dd94 ddb4 dd94 dd94 ddb5 ddd5 ddb4 e5b5 ddd4 ddb4 ddd4 ddb4 ddb4 ddb4 ddb4 ddd4 ddd5 ddb4 ddb4 ddb4 ddb4 dd93 dd73 dd73 dd53 d553 d532 d532 cd12 bcb1 3103 0800 3165 18a3 0800 1020 49a4 ac8f d5f4 a48f 72ea 1860 1061 1061 0820 0800 0820 0841 0000 0000 0821 0800 0821 0000 0800 0821 1040 1020 1020 1020 1020 1020 1020 1020 1041 1020 20a2 1881 20a2 28e3 20a2 28c3 1040 1881 20a2 20a2 3103 2081 28e2 1860 1840 1840 1840 1020 1041 1861 1861 1021 1020 1040 1841 1861 1861 28e3 28c2 28e3 28c2 20a1 1861 2061 1840 1840 28a2 28c2 28a2 30e3 30e3 3103 3945 83ae 8c10 7b8e 734d 9430 9c92 f75d ffdf f7df ffdf ffdf f7df f7df ffdf ffdf ffdf ffbf ffbf ffdf ffdf ffdf ffdf ffdf ffdf ffdf ffdf ffdf ffdf ffdf ffdf ffdf ffdf ffdf ffdf ffdf ffdf ffdf ffdf ffdf 
ffdf ffdf ffdf ffdf ffdf ffdf ffdf ffdf ffdf ffdf ffdf ffdf ffdf ffdf ffdf ffdf ffbf ffbf ffbf ffbf ffdf ffdf ffdf ffdf ffdf ffdf ffdf ffdf ffdf ffdf f7de f7de ffdf ffdf ffdf ffdf ffdf ffdf ffdf ffdf ffdf ffdf ffdf ffdf ffdf ffdf ffdf ffdf ffdf ffdf ffde ffde ffde 8c30 18a1 18a1 1881 1881 1861 1861 1881 1880 1860 1860 1881 2081 2081 1881 1880 1860 2081 2081 20a1 20a0 5206 9c4f 3963 20a0 28c1 28a1 28c1 28c1 28e1 7b4a a48f 28e1 28c1 28e2 30e2 3102 3102 3102 3102 3102 3102 3102 3922 3923 3942 3943 3942 3942 3942 4163 4183 49a3 49a3 b512 5268 1061 0840 0020 0821 0821 0821 0000 0821 0000 0820 0841 0820 0841 0820 0841 0820 0020 0000 0000 0841 0000 0800 0821 0821 0841 0020 0840 0000 0000 0000 0820 0000 0820 1020 5a47 a42e e615 dd94 dd94 ac0d b42e b42e b42e b42e b42e b44e bc6e bc4e bc6f c48f c490 c4b0 ccd0 ccf1 cd11 cd12 cd32 d553 d573 dd73 dd73 dd93 dd94 ddb4 ddb4 ddb4 ddb5 e5d5 ddb5 e5b5 e5b5 ddb5 ddb4 ddb4 ddb4 e5b4 ddb4 ddb4 ddb4 ddd4 ddd4 ddd4 ddb4 ddb4 dd74 d573 d553 d553 d553 d553 d532 cd11 ac4f 1861 0000 39a6 18a2 0000 1020 838c c553 cdb3 836b 1060 0820 0820 0800 0820 0820 0020 0820 0820 0000 0821 0821 0821 0800 0000 0800 1021 1020 0800 1020 1020 0820 1020 1020 1861 1020 1041 1861 20a2 2082 2082 3104 1020 2082 20a2 2082 30e3 20a1 20a1 2081 1861 1020 1881 1020 1020 1021 1841 2062 1861 1861 0820 1040 1061 1861 2081 20a2 2081 28c2 2061 2060 1861 1840 1840 2081 2081 20a2 20a1 2061 20a1 2081 28c2 20c2 20a2 3104 41a6 a4d3 ffdf ffdf ffdf ffbf ffdf ffdf ffdf f7be ffdf ffdf ffdf ffdf ffdf ffdf ffdf ffdf ffdf ffdf ffdf ffbf ffdf ffdf f7be ffdf ffdf ffdf f7de ffdf f7df ffdf f7de f7df 
ffdf f7be ffdf ffdf ffdf ffdf ffdf ffdf ffdf f7be ffdf ffdf ffdf ffdf ffdf ffdf f7de f7df ffdf ffdf ffdf ffdf ffdf ffdf ffdf ffdf ffdf ffdf ffbf ffbf ffdf ffdf f7be ffdf ffdf ffdf ffdf ffdf ffdf ffdf f7be f7be ffdf ffdf ffdf ffdf ffdf ffdf f7de f7de ffde ffdf ffdf 62ca 1881 2081 1860 1860 1860 1881 1861 1860 2081 1860 1060 1880 1880 1880 1880 2080 20a0 20a0 2080 5206 83ac 2060 28a1 2881 28a1 28c1 28e1 28c1 3101 30e1 5a26 acb0 28c1 28e2 28e1 30e2 3102 3102 3102 3102 3102 3922 3142 3142 3962 3962 3962 3963 4163 4183 4183 4983 51c4 bd53 4185 1041 0841 0841 0820 0020 0820 0820 0820 0000 0841 0000 0000 0841 0841 0820 0841 0820 0000 0821 0000 0020 0840 0020 0841 0000 0841 0820 0820 0000 0820 0820 0000 0800 0820 3944 ac6f bcf0 c531 bcf0 ac2e b44f bc6f bc6f bc4e bc6f c48f c490 c46f c490 c4b0 c4b0 c4d0 c4f0 cd11 cd11 cd32 d552 d573 d593 d593 dd94 ddb4 ddb4 ddb5 ddb5 e5d5 ddd5 ddd4 ddd4 ddd4 ddb4 ddb4 ddb4 e5b4 e5b4 ddb4 dd94 ddd4 ddd4 ddd4 e5d5 e5d5 e5b4 d593 d593 d593 d572 d573 dd73 d573 d532 b46f 832b 28c2 0800 0820 0000 0800 6aea bd32 d615 de56 bd52 4a06 0820 0820 0820 0800 0800 0820 0820 0820 0820 0821 0821 0000 0000 0000 0820 1021 1020 1020 1020 0800 0800 1040 1020 1861 1020 1020 20a2 18a2 1061 20c2 20a2 1041 1041 1861 1861 20a2 1861 1820 2082 2081 1840 2061 1861 0820 0820 0820 1841 1861 1841 2082 1841 1840 1840 1881 1840 1861 2061 2082 2061 2081 20a1 1060 1860 1860 1861 2082 20c2 1881 20a1 20a1 2081 1861 1841 2062 20c3 62eb ce58 ffde ffde e73c e71c ffbf ffdf ffbe ffbe ffdf ffdf ffdf ffdf ffdf ffdf f7de f7de f7de ffdf ffdf ffdf ffdf ffdf f7be f7be ffde ffdf ffdf ffdf ffdf ffdf 
ffdf ffdf ffdf ffdf ffdf ffdf ffdf ffdf ffdf ffdf ffdf ffdf ffdf ffdf ffdf ffdf ffdf ffdf ffdf ffdf ffdf ffdf ffdf ffdf ffdf ffdf ffdf ffdf ffdf ffdf ffdf f7de ffdf ffdf ffdf ffdf ffdf ffdf ffdf ffdf ffdf ffdf ffdf ffdf ffdf ffdf ffdf ffdf ffdf ffdf ffdf ffbf f77d 41c7 1881 1881 1881 1880 1880 1860 1860 1860 1881 1880 1860 1880 1880 1880 2081 2081 20a1 20a0 4183 9c4e 20a0 28e1 7308 acef acef 6ae8 3121 4183 3101 28c1 30e1 7b29 838b 28e1 30e2 3102 3102 3102 3102 3102 3102 3122 3122 3942 3942 3942 3942 4163 4162 4163 4183 49a3 5a25 c594 2924 18a2 0821 0821 0841 0820 0820 0820 0821 1061 0000 0000 0821 0000 0020 0000 0000 0000 0841 0841 0821 0000 0841 0020 0820 0000 0820 0820 0020 0020 0000 0000 0820 1041 1060 730a b512 e697 e657 cd73 bcd0 bcb0 bcb0 c490 c490 c4b0 c4b0 c4b0 c490 c4d0 c4b0 ccd1 cd11 cd11 cd12 d532 d553 d573 dd94 dd94 ddb4 ddb4 ddd4 ddd4 ddd4 ddd5 ddd5 ddd5 e5f5 ddd5 ddb4 ddd4 ddb4 ddb4 ddb4 ddd4 ddb4 ddb4 ddb4 ddd4 e5d5 e5d5 ddd4 ddb4 dd94 dd94 dd94 dd73 d573 d573 d573 cd12 9bcc 59c5 30e2 1020 0800 0800 1020 9c4f acf1 e697 ff5a bd73 734b 0820 0820 0840 0840 0000 0820 0820 0821 0861 0821 0821 0000 0820 0000 0820 1021 1020 1020 1020 1020 0820 1040 0820 1861 1841 0800 18a2 1881 1041 2903 20a2 2082 1020 1861 20a2 1881 28c2 1840 2081 1840 1841 1861 1861 1041 1041 1020 1020 1841 1841 1040 1041 1861 1881 1840 20a2 2081 1861 1861 1881 1840 1861 28c2 1840 1861 1841 1841 1881 2903 1881 2081 28c2 2081 1861 1861 1881 18a2 18a2 5269 7bcf 41e8 3145 62cb b555 f77e ffbf ffdf ffdf ffdf ffdf ffdf ffdf ffdf ffdf ffbe ffdf f7be ffdf ffdf ffdf f7df f7df f7df f7df ffdf ffdf ffdf ffdf 
ffdf ffdf ffdf ffdf ffdf ffdf ffdf ffdf ffdf ffdf ffdf ffdf ffdf ffdf ffdf ffdf ffdf ffdf ffdf ffdf ffdf ffdf ffdf ffdf ffdf ffdf ffdf ffdf ffdf ffdf ffdf ffdf ffdf ffdf ffdf ffdf ffdf ffdf ffdf ffdf ffdf ffdf ffdf ffdf ffdf ffdf ffdf ffdf ffdf ffdf ffdf ffdf deba 3145 1881 1881 1860 1860 1880 1881 1881 1860 1880 1880 1880 1881 1880 1880 2080 2081 20a1 2080 a46e 49a3 3100 c591 eef5 cdd0 de53 ff57 ef16 f758 ef18 9c6e 3101 3922 cdf4 3122 3102 3102 3102 3102 3122 3122 3122 3122 3122 3102 3922 3943 4142 4163 4183 4183 49a3 4983 6ac8 c594 18c2 0840 0020 0020 0841 0820 0820 0841 0820 0820 0820 1061 0841 0820 0820 0820 0000 0000 0820 0820 0820 0800 0000 0000 0000 0000 0821 0000 0841 0821 0821 0821 0820 1040 1040 732a b512 eed9 ee98 cd73 cd12 c4d1 ccf1 c4b1 c4d1 ccd1 ccd1 ccd0 ccd1 c4b0 ccd0 ccf1 cd11 d511 d532 d552 d553 dd73 ddb4 ddd5 e5d5 e5d5 ddd5 e5f5 e5f5 e5f5 e5f5 e5f5 e5d5 ddd4 ddd5 ddd5 ddb4 ddd5 ddd4 ddd4 ddd4 ddd4 e5d5 e5d5 e5f5 e5f5 e5f5 ddd4 ddb4 dd94 d593 d573 d573 dd94 d593 c512 8b4b 4143 1000 1061 2924 0800 0820 8bad b4f0 cd93 d5d4 ac90 5a68 1040 0840 0840 0841 0841 0820 0800 0020 0841 0820 0821 0820 0820 0800 0800 1020 1020 0800 1020 1040 1020 1020 1020 1040 1841 1020 1861 2082 1841 20a2 1861 20c3 1020 1861 1882 2081 20c2 1861 2081 20a1 1840 1841 1020 1841 1821 1841 1041 1841 1840 1861 1020 1040 1861 1861 1841 2082 1840 1861 2081 1881 1840 1861 28c2 1841 2082 1040 1020 1861 28c2 28c2 2081 28e3 20a2 2082 20a2 20a2 1061 1882 18a2 1882 1882 1882 18a3 4208 d67a ffdf ffbf ffdf ffdf ffdf ffdf ffde ffde ffde ffde f7df ffdf ffdf ffdf ffbf ffbf ffdf ffdf ffdf ffdf ffde ffde 
ffdf ffdf ffdf ffdf ffdf ffdf ffdf ffdf ffdf ffdf ffdf ffdf ffdf ffdf ffdf ffdf ffdf ffdf ffdf f7be ffdf ffdf ffdf ffdf ffdf f7be ffdf f7be ffdf ffdf ffdf ffdf ffdf ffdf ffdf ffdf ffdf ffdf ffdf ffdf ffdf ffdf ffdf ffdf ffdf ffdf ffdf ffdf ffdf ffbf f7be ffdf bdb6 2924 1881 1881 1881 1860 1880 1881 1881 1860 1860 1880 1881 2081 2080 2080 2080 20a1 20a1 3963 b4f1 2080 20a0 6a88 49a5 3921 d5f2 f716 f757 b52f 9c6d f739 bd72 3101 bd52 6ac8 3101 3102 3102 3102 3922 3922 3122 3922 3122 3942 3922 3963 4162 4163 4162 4183 49a3 49a3 838b b4f2 1040 0841 0820 0820 0841 0841 0820 0020 0821 1061 0820 0841 0820 0000 0000 0820 0000 0000 0820 0821 1061 0861 0820 0020 0000 0821 0820 0821 0821 0821 0841 0821 0000 0800 0800 49e6 9c2e ddf4 ddf4 d5d4 c511 c4f1 cd12 cd12 cd12 cd12 cd12 cd12 ccf1 ccf1 ccf1 cd11 cd11 d532 d552 d553 d573 dd94 ddb4 ddd5 e5f5 e5f6 e5f6 e5f6 e5f6 e5f6 e5f6 e5f6 e5f5 ddd5 ddd5 ddd5 ddd5 ddd5 ddd5 ddd5 ddd5 e5d5 e5f5 e5f5 e5f5 e5f5 e5f5 ddd5 ddd4 ddb4 ddb4 d594 dd94 ddb4 dd94 cd33 8b6c 3903 0800 1082 39c6 0000 0800 20a1 8bac ac8f ac90 730a 18a1 0841 0020 0820 0820 0841 0841 0841 0840 0820 0821 0841 0821 0841 0820 0000 1040 1020 0800 1020 1041 1020 1020 1020 1040 1861 1020 1020 20a2 1841 2082 1861 1882 1041 1861 1020 1881 28c3 1881 1861 20a1 1861 1841 1020 1841 1820 1020 1841 1841 1861 1860 1861 1040 1020 1041 1861 1881 20c2 1840 1861 1861 1040 1840 2081 20a2 2082 1861 1040 1020 1861 20a2 28e3 20a2 2903 20a2 20a2 20c3 20c3 20a2 18a2 18a2 1061 1061 1061 1082 2924 8410 ce38 f77e ffdf ffdf ffdf ffbf ffdf ffde ffde ffdf ffdf ffdf ffdf ffde ffde ffdf ffdf ffdf ffdf ffdf ffbf 
ffdf ffdf ffdf ffdf ffdf ffdf ffdf ffdf ffdf ffdf ffdf ffdf ffdf ffdf ffdf ffdf ffdf ffdf ffdf ffdf ffdf ffdf ffdf ffdf ffdf ffdf ffdf ffdf ffdf ffdf ffdf ffdf ffdf ffdf ffdf ffdf ffdf ffdf ffdf ffdf ffdf ffdf ffdf ffdf ffdf ffdf ffdf ffdf ffdf f7bf ffdf ffdf ad14 20c3 1881 1881 1860 1860 1860 1860 1880 1881 1880 1860 2081 1881 1880 20a1 20a1 20a1 20a0 6aa8 8bcc 20a0 28c2 28c1 30e1 8bcc f6d6 93ea ee95 d5d3 3100 8bab d615 4183 942d 9c2e 3101 3102 3102 3102 3902 3922 3922 3122 3922 3922 3942 3963 4162 4163 4183 4183 4983 49a3 9c4f a490 1881 1082 1061 0841 0841 0820 1062 0820 0820 0820 0841 0820 0820 0820 0841 0820 0000 0000 0000 0000 0841 0820 0821 1061 1041 0800 0820 0000 0020 0020 0820 0820 0000 0820 0800 28e2 acd0 bd11 c531 cd52 c4f1 cd12 cd32 cd32 d553 d532 cd32 d532 cd12 ccf1 cd11 cd11 d512 d532 d553 d553 dd74 dd94 ddb5 e5d5 e5f6 e5f6 e616 e616 e616 e616 e616 e616 e5f6 e616 e5f6 e5f5 ddd5 ddd5 ddb4 e5d5 ddd5 ddd5 ddd5 e5f5 e616 e615 e5f5 ddd5 ddd5 ddb4 ddb4 dd94 ddb4 ddb4 dd94 c512 9bcd 4985 0820 0000 0020 0000 0820 1040 9c2e cd93 c573 5a48 0820 0821 0820 0841 0820 0820 0841 0821 0820 0821 0820 0820 0821 0821 0800 0800 1041 1041 1020 1020 1020 1020 1020 1020 1040 1861 1020 1020 20a2 1840 1861 20a2 1882 1861 1861 1041 1861 2082 2081 1840 1861 2081 1841 1020 1841 1841 1041 1020 1040 2082 2081 1020 1881 1020 1040 1040 1060 1861 3103 28e3 20a2 2082 1000 1861 1881 1861 1881 1861 1040 1040 1861 2081 28e3 20a2 20c2 3104 2903 20e3 20c2 20c2 18a2 1061 1041 18a2 18a2 20a2 20c3 3124 39a6 83cf e71c ffdf ffbf ffbf ffdf ffdf ffdf f7be ffde ffde ffdf ffdf ffdf f7df f7df ffdf ffdf ffdf 
ffdf ffdf ffdf ffdf ffdf ffdf ffdf ffdf ffdf ffdf ffdf ffdf ffdf ffdf ffdf f7be f7df ffdf ffdf ffdf ffdf ffdf ffdf ffdf ffdf ffdf ffdf ffdf ffdf ffdf ffdf ffdf ffdf ffdf ffdf ffdf ffdf ffdf ffdf ffdf ffdf ffdf ffdf ffdf ffdf ffdf ffdf ffdf ffdf f7bf ffdf ffdf 9450 2081 20a1 1881 1881 1881 1860 1880 1860 1881 1880 1880 2081 20a1 20a1 20a1 20a1 20a1 28c1 72ea 7b4b 28a1 28c1 28c0 28c0 bd30 eeb6 6224 ff18 de14 38e1 3922 3101 3921 8bec acf1 30e1 3102 3122 3102 3122 3922 3922 3922 3922 3922 3943 3943 3942 4163 4163 4983 49a3 4983 acd1 83cd 0840 1081 1061 1082 0840 0000 0820 0840 1061 0821 0820 0841 0841 0000 0000 0000 0000 0000 0000 0000 0000 0000 1082 0020 1061 0841 0821 0000 0020 0820 0861 1082 0000 0000 0800 6aea bd32 e697 e677 cd73 c532 cd32 cd53 cd53 d553 d553 d553 d532 d532 cd12 ccf1 d512 d512 d532 d553 d573 d594 dd94 ddb5 ddd5 e5f6 e616 e616 e637 e637 e616 e637 e637 e616 e616 e616 e5f6 e5f5 e5d5 ddd5 ddd5 ddd5 ddd5 e616 e616 e616 e616 e616 ddd5 ddb4 ddb4 ddb4 ddb4 ddb5 ddb5 d574 bcb1 8b6c 51c5 1881 0840 0000 0800 1040 7b8c c553 e677 e698 cdd6 3985 0820 0841 0841 0841 0821 0020 0020 0841 0821 0841 0820 0820 0000 0000 0800 0820 1020 1020 1020 1020 1020 0800 1041 1040 1861 1040 1020 2081 1840 1861 20c2 1861 1040 1882 1841 1041 2082 28c2 1840 1840 2081 1840 1820 1020 1020 1020 1040 1041 1061 1881 20a2 20c2 20a1 1860 1860 1040 1040 1861 20a2 20a2 20c2 2082 1861 1881 1881 1041 1882 1881 1020 1881 2082 20a2 3103 28a2 28a2 20a2 20c2 20c2 20c2 20c2 18a2 18a2 20c3 28e3 2904 20c2 1882 20c2 20e3 3145 736d bdd7 f77d ffdf ffdf ffdf ffdf ffdf f7df ffdf ffdf ffdf ffdf f7df ffdf f7df ffdf 
ffdf ffdf ffdf ffdf ffdf ffdf ffdf ffdf ffdf ffdf ffdf ffdf ffdf ffdf ffdf ffdf ffdf ffdf f7be ffdf ffdf ffdf ffdf ffdf ffdf ffdf ffdf ffdf ffdf ffdf ffdf ffdf ffdf f7be ffdf ffdf ffdf ffdf ffdf ffdf ffdf ffdf ffdf ffdf ffdf ffdf ffdf ffdf ffdf ffdf ffdf ffdf 7b6d 2081 2081 1881 1860 1860 1861 1881 1881 1861 1880 2081 20a1 20a1 20a1 20a1 20a1 28a1 28c1 6268 8bac 28c0 8beb bd50 30e0 a46e f6f6 8b89 ff37 a4ae 3921 3922 3922 3942 a48f a4b0 3101 3102 3102 3922 3122 3102 3922 3942 3922 3922 3943 4143 4163 4163 4183 49a3 49a3 4183 b532 732b 0840 0840 0020 0861 0820 0841 0020 0841 0820 0020 0820 0000 0000 0000 0000 0000 0000 0000 0820 0841 0000 0820 0861 0861 0861 0841 0820 0000 0820 0000 0820 2104 0820 0820 1000 730a b4f1 e698 eed8 c573 cd93 cd52 cd53 d573 d573 d553 d553 d553 d553 d532 d512 d512 d532 d532 d553 d553 d593 ddb4 ddd5 e5f5 e5f6 e616 e616 e617 e617 e617 e637 ee57 e637 e637 e637 e616 e616 ddd5 ddd5 e5f5 e5f5 e5f6 e616 e616 e636 e616 ddf6 ddd5 ddd5 ddb4 d5b5 ddb5 ddd5 e5d5 cd33 ac0f 7288 30e2 0820 0000 0000 1041 1040 a4b1 b511 e6b8 f73a cdf6 62ea 0820 0820 0841 1061 1082 0821 0020 0820 0020 1061 0820 0820 0000 0000 0800 1040 1041 1020 0800 1020 1020 0800 1041 1020 1861 1841 1020 20a2 1861 1861 20a2 1841 1861 1861 1040 1040 1882 28c3 1020 1841 1861 2061 1820 1841 1020 1020 0820 0820 1020 1061 1861 20a1 28a2 28c2 28c2 20a2 1861 1861 2081 20a2 1861 1841 1841 1881 1881 1861 1040 1040 1020 1040 2082 20c2 28e2 3944 3103 28c2 20a2 3124 28e3 18a2 18a2 1861 1881 1882 28e3 2904 18a2 1882 20a2 20c2 2904 20e3 41c7 7bae ad54 d6ba f79d ffdf ffdf ffdf ffdf ffdf ffdf ffdf ffdf ffbf ffdf 
ffdf ffdf ffdf ffdf ffdf ffdf ffdf ffdf ffdf ffdf ffdf ffdf ffdf ffdf ffdf ffdf ffdf ffdf ffdf ffdf f7be ffdf f7be ffdf ffdf ffdf ffdf ffdf ffdf ffdf f7df ffdf ffdf ffdf ffdf ffdf ffdf ffdf ffdf f7be ffdf ffdf ffdf ffdf ffdf ffdf ffdf f7be ffdf ffdf ffdf f79e 5a8a 2081 1880 1860 1881 2081 1860 1881 1881 1881 1880 1881 20a1 20a1 20a1 20a1 20a1 20a1 28c1 3943 b4f1 2880 5224 eed6 cdd2 9c4b eef5 ff57 e696 4162 3941 a46e 51c4 3101 c5b3 734a 3101 3101 3102 3122 3122 3102 3122 3922 3922 3943 3943 3963 4163 4183 4983 4983 51c3 51c4 c594 5207 18e2 0861 0821 0020 0821 0821 0800 0000 0820 0820 0000 0000 0000 0000 0000 0000 0000 0820 0000 0861 0841 1061 0841 1082 1041 0820 0841 0000 0020 0820 0000 0800 0820 0820 0800 49c5 9bed d5b4 d593 d5b4 cd53 cd12 cd53 d573 d574 d574 d573 d573 d553 d553 cd32 d533 d512 d533 d553 dd53 dd73 dd94 ddb4 e5f5 e5f5 e616 e616 e616 e637 e616 e636 e637 ee57 ee57 e637 e637 e636 e616 ddf5 ddf5 ddf5 e616 e616 e636 e616 e616 e5f5 e5f6 ddd5 ddd5 ddb5 ddb5 ddd5 ddd5 cd32 9bcd 5206 1000 0020 738e 0020 0020 0820 9c2e b4d0 d593 d5d4 b4f1 5207 0820 0800 0821 0821 1062 1082 0841 0861 1082 0841 0820 0821 0000 0000 0800 1041 1020 1020 0800 1020 1020 1020 1020 1020 1861 1841 1020 1861 1861 1041 1881 2081 1840 1841 1020 1041 18a2 20a2 1861 1040 1861 2081 1040 1040 1861 1020 1020 1021 1020 1040 1041 1040 1841 1861 2081 20a1 2903 20a1 2081 20a2 20a2 2081 1861 2081 20a1 2081 20a2 1882 1861 1061 18a2 2903 20c2 28e2 3144 2903 20a1 20a2 3104 28e3 1881 20c3 20a2 20c2 20a2 20c3 18a2 20c2 18a2 20c3 2904 20c3 20c3 20c3 2904 3965 4a07 ad13 e6fb ffdf ffdf ffdf ffdf ffde ffde ffbe ffde 
f7be f7be ffdf ffdf ffdf ffdf ffdf ffdf f7be f7be ffdf ffdf ffdf ffdf ffdf ffdf f7de f7df ffdf ffdf ffdf ffdf ffdf ffdf f7be f7be ffdf ffdf ffdf ffdf ffdf ffff f7be f7de ffde ffde ffde ffdf ffdf ffdf f7be f7be ffdf ffdf ffdf ffdf ffdf ffdf f7de f7de f7de ef5c 4a28 20a1 20a1 1881 1860 1860 1860 1881 2081 1881 1880 20a0 18a0 18a0 18a0 20c1 20c1 28a1 20a1 28a0 940d 4183 28c0 49e5 bd51 f6d6 eed5 eed5 ef16 d694 ef78 ef58 6b08 49c4 e6b8 3963 28e1 28e1 3102 3102 3102 3102 3923 3922 3121 3141 3942 3942 4163 4183 4983 49a3 49a3 5a46 cdd5 2903 0820 0820 0821 0820 0000 0020 0820 0840 0020 0000 0000 0820 0000 0000 0000 0000 0000 0000 0820 0841 0861 0020 0020 0020 0020 0841 0821 0820 0820 0000 0000 0820 0000 0800 0821 20a2 9c2d c551 cdb2 cd72 c4f1 ccf1 cd32 cd53 cd52 cd52 d553 d553 d553 d553 d533 d532 cd32 cd32 d553 d573 dd73 dd94 ddb4 e5d5 ddd5 ddd5 e616 e617 e617 e637 e637 e637 e636 de36 e656 e636 e636 e636 e616 e5f6 ddd5 e5f6 e616 e637 e637 e617 e5f6 ddf6 ddd5 ddd4 ddd4 ddd5 e5f5 ddd5 d553 a3ce 51c6 1000 0800 0841 0000 0800 0800 2903 8bab b4ef accf 7b4a 1060 0820 0841 0821 0820 0800 1061 0820 0841 1062 1082 1082 0840 0000 0000 0000 1020 1020 1020 1020 1000 1020 1020 1020 1020 1841 1841 1841 1041 1881 1861 1861 1861 1020 1861 1841 1040 1020 2082 1861 1820 1841 2061 1861 1020 1060 1060 1040 1020 1040 1041 1861 1000 1020 1860 1881 1861 2082 2061 1861 1860 1881 20a1 20a2 20c2 20a2 20c2 1881 1041 1040 0800 1861 28e3 28c2 28c3 3123 3143 2923 18a1 20c1 28e3 28e3 20c2 18a2 1041 1861 20a2 20a2 20c3 20c3 20c2 20c2 3185 1081 18a2 20e3 20e3 20e3 28e3 3986 6b2c 6b2c 83cf c617 ffdf ffdf ffdf ffdf 
ffdf ffdf ffdf ffdf ffdf ffdf ffdf ffdf ffdf ffdf ffdf ffdf ffdf ffdf ffdf ffdf ffdf ffdf ffdf ffdf ffdf f7be ffdf ffdf ffdf f7be ffdf ffdf ffdf ffdf ffdf ffdf ffdf ffdf ffdf ffdf ffdf ffdf ffdf ffdf ffdf ffdf ffdf ffdf ffde ffde ffbf ffdf ffdf f7be ffdf d699 39a6 1881 1880 1860 1860 1881 1861 1860 1880 1881 1880 2081 18a1 18a1 20a0 20a1 20a1 20a1 20a1 28a1 3922 940d 20a1 28c2 28a1 3102 3101 4182 83ab acaf 940c 49e4 28e0 9c2d 93ed 28c1 28e1 3102 3102 30e1 3102 3102 3102 3122 3122 3942 3942 3962 4163 4183 4983 49a3 49a3 7b2a bd54 1020 0820 0840 0000 0820 0820 0000 0000 0000 0000 0821 0820 0820 0000 0000 0000 0820 0841 0020 0020 0841 0820 0820 0820 0841 0820 0841 0841 0000 0820 0020 0000 0000 0800 0800 0820 732b bd53 de15 cdb4 cd73 c4f1 ccf1 cd12 cd12 cd32 cd33 d553 d553 d553 d532 d532 d553 d532 d532 d553 d573 d573 dd94 ddb4 ddd5 e5f5 e5f5 e616 e616 e637 e637 ee37 ee37 e637 e637 e637 e637 e637 e616 e616 e5f6 e616 e636 e636 e636 e637 e616 e5f6 ddf5 ddd5 ddd5 ddd5 ddd6 ddf5 ddd5 d553 ac0e 6a88 2081 0800 0800 0800 0800 0000 0800 49a4 a46f acb0 3984 1060 1061 0841 0821 0861 0841 1061 0841 0820 0841 1061 1082 0841 0000 0000 0000 1020 1020 1020 1040 1020 1020 1020 0820 0820 1040 1041 1041 1020 2082 1841 1882 1840 1861 1841 1020 1061 1040 1861 2081 1840 1840 2061 1840 1020 1861 1061 1020 1020 1020 1020 1882 1861 1020 1881 1881 1860 20a1 2081 1861 1861 2081 2081 1861 2061 2082 1881 1882 1881 28e3 1061 1861 28e3 2903 28e2 3103 30e3 3944 20a2 20a2 20c2 28e3 3124 20a2 1882 20a2 1882 1882 1881 18a2 18a2 1881 1041 1862 1882 20c2 18a2 20e3 20e3 20c3 28e3 20c2 20c3 2904 736d ce58 ffbe ffde 
ffdf ffdf ffdf ffdf ffdf ffdf ffdf ffdf ffdf ffdf ffdf ffdf ffdf ffdf ffdf ffdf ffdf ffdf ffdf ffdf ffdf ffdf ffdf ffdf ffdf ffdf ffdf ffdf ffdf ffdf ffdf ffdf ffdf ffdf ffdf ffdf ffdf ffdf ffdf ffdf ffdf ffdf ffde ffde ffdf ffdf ffdf ffbf f7be debb bdb6 62eb 3985 1881 1880 1880 1860 1860 1881 1881 1881 1881 1880 1881 20a1 20a1 20a1 20a1 20a1 20a1 28a1 20a1 28c1 5206 83ac 2080 28c1 28c2 28c1 30e2 30c1 30c1 30e1 30e1 6246 b4f1 30e2 30e2 2902 28e1 28e2 30e2 3101 3102 3102 3122 3922 3942 3942 3942 3942 4163 4983 49a3 49a3 940d 9450 1061 0820 1062 0000 0000 0000 0820 0841 0000 0000 0000 0820 0841 18a2 1082 0820 0841 0841 1061 0820 0841 0821 0820 0861 0020 0821 0820 1082 0841 1061 0000 0000 0000 0800 0800 1860 8bcd bd32 ff3a eeb8 cd73 cd32 ccf1 cd12 d512 cd12 d533 d553 d553 d553 d553 d553 d553 dd53 d532 d573 d573 d573 dd94 ddb4 ddd5 ddd5 ddf5 e5f6 e5f6 e637 e637 e637 e637 e637 e637 e637 e637 e637 e657 e636 e616 e636 ddf6 e616 e616 e637 ddf6 ddf5 ddf5 ddf6 e5f6 ddd6 ddd6 e5f6 ddb5 cd32 ac0e 7289 3924 0820 0000 0000 0800 0000 3185 cdd5 de36 d636 b512 3164 1882 1061 1061 0861 0861 0861 0821 0821 0820 0861 1081 0841 0000 0000 0000 1020 1020 1020 1040 1000 1020 1020 0800 1020 1020 1841 1041 1000 1861 2082 1841 1841 1841 1841 1020 1040 1041 20a2 20c2 1840 1820 1840 1840 1020 1861 1020 1041 0821 1021 0800 1861 1040 1840 1861 1861 1861 1861 20a1 1881 1861 2081 20a2 2082 2082 20a2 1881 2082 1041 1861 1882 18a2 20e3 3103 20a1 28e2 3103 30e3 3124 28c2 28e3 20c2 3124 3124 20c2 1881 18a2 1882 20c3 18a2 1882 1882 1861 1061 1061 18a2 1061 1082 18c3 18c3 18a2 1061 18a2 20c2 2904 3145 6b4c ce38 
f7be ffdf ffdf ffdf ffdf ffdf ffdf ffdf ffdf ffdf ffdf ffdf ffdf ffdf ffdf ffdf ffdf ffdf ffdf ffdf ffdf ffdf ffdf ffdf ffdf ffdf ffdf ffdf ffdf ffdf ffdf ffdf ffdf f7df ffdf ffdf ffde ffde ffdf ffdf ffdf ffdf ffde ffdf ffdf ffdf ffdf ef5d ad35 2945 2104 3145 3985 1881 1880 1880 1860 1880 1861 1881 1881 1881 1880 20a1 2081 20a1 20a1 20a1 20a1 20c1 20a1 20a1 20c1 20a1 5205 942e 4183 20a0 20a1 28c1 20c1 28c1 3103 8bcd 9c4f 30e1 28e1 28e1 28e1 28e1 28e1 30e1 30e1 3102 3102 3102 3922 3922 3942 3943 3962 4183 4183 4983 49a3 ac90 734c 0841 0800 0000 0000 0000 0000 0820 0000 0841 0000 0820 0820 0841 0820 1061 0820 0841 0820 0000 0000 0000 0820 0820 0841 1061 0861 0821 0820 1061 0820 0820 0000 0000 0000 0800 1020 7309 acb0 de15 d5b4 d593 bcb0 cd12 d512 d533 cd12 cd12 d533 d553 d553 d553 d553 d553 d553 dd53 d553 dd73 d573 dd73 ddb4 ddb4 ddd5 e5f6 e616 e617 e617 e617 e637 e637 ee37 e637 e637 e637 e637 e637 e616 e616 e616 ddf6 e616 e636 e637 e616 ddf6 e616 ddf5 ddf6 ddf6 e616 ddd5 d594 c4b0 9b8c 51c6 1820 0800 0820 0000 0820 0800 8bce c5b5 eed9 ff7b bd53 732b 0820 0840 0841 0841 0841 0841 0841 0841 0000 0020 0840 0820 0820 0000 0000 0820 1041 1040 1040 1020 1020 1020 1000 0800 1041 1861 1041 1040 1841 1841 1861 1841 1040 1841 1020 1020 1040 1882 20a2 1861 1841 1841 1841 1840 1841 1861 1041 1041 1041 0800 1020 1861 1840 1840 1861 1861 2081 1881 20a2 20a1 20a1 28c2 20c2 1861 20a2 28c2 28e3 28e3 18a2 18a2 1861 1840 20a2 20a2 28e3 3103 28c2 28e3 28e3 20a2 20a2 28c3 3144 20e3 20a2 18a2 1081 18a2 18a2 1882 18a2 18a2 18a2 18a2 20e3 1082 1081 1061 1082 18a2 1081 20c3 20c3 20c3 20c3 20c3 28e4 
ffdf ffdf ffdf ffdf ffdf ffdf ffdf f7be ffdf ffdf ffdf ffdf ffdf ffdf f7be ffdf ffdf ffdf ffdf ffdf ffdf ffdf ffdf f7be ffdf ffdf ffdf ffdf ffdf ffdf ffdf ffdf ffdf ffdf ffbf ffdf ffdf ffdf ffde ffde ffdf ffdf ffdf ffdf f7df defc 7bef 3186 20e3 20e3 2104 2924 3144 1881 1881 1860 1881 1880 1881 1881 2060 2081 2081 2081 20a1 2081 20a1 2081 20a1 20a1 20a1 20a1 28c1 28c1 28a1 3122 7b8a 9c6e 8bec 7b4b 83ab 9c4e 9c4e 5206 28c1 28c1 28e2 28e1 28e1 2902 28e1 28e1 30e2 3102 3102 3102 3122 3122 3943 3943 3943 4143 4163 4183 4983 b511 5247 0820 0000 0000 0000 0820 0841 0800 0821 0000 0000 0000 0820 1082 1061 0000 0821 0000 0000 0841 0820 0820 0820 0821 0820 0841 0820 0820 1041 0000 0000 0820 0840 0820 0820 0000 0820 28e2 838b c552 c532 b490 5184 c4f2 d512 d533 d532 d512 d512 d532 d532 d552 d553 d553 dd73 d553 d573 dd73 dd74 dd94 dd94 ddb4 ddd5 e5f6 e5f6 e616 e616 e616 e616 e616 e617 e637 e616 e636 e637 e637 e616 e616 e5f6 e616 e616 e616 e616 e616 ddf6 ddf6 ddf6 ddf6 ddd5 e5f6 ddb5 d553 b40e 82ea 1860 0000 5aca 1082 0000 0000 0800 83ad bd11 cd93 de15 b511 730a 1040 1041 1062 1062 0842 0820 0000 1082 0841 0841 0841 1062 0821 0000 0800 1020 1020 1041 1020 1041 1020 1020 1020 0820 1020 1041 1841 1020 1041 1861 1861 1041 1020 1841 1841 1040 1020 1841 2082 1861 1820 1840 1861 1861 1020 1841 1041 1041 1882 0800 0820 1861 1881 1840 1861 1860 2081 1861 20a1 20a1 2081 1881 2082 28c3 1861 20c2 20a2 20c2 1041 1041 1881 1041 1041 1881 1861 1881 20a2 1861 28c3 20a2 28e3 20a2 3103 3945 28e3 2903 1881 18a2 18a2 1882 1041 18a2 1882 1041 1882 1061 18a2 1061 1040 1882 1082 20c3 18a2 18a2 20a3 20c3 2104 
ffdf ffdf ffdf ffdf ffdf ffdf ffdf ffdf ffdf ffdf ffdf ffdf ffdf ffdf ffdf ffdf ffdf ffdf ffdf ffdf ffdf ffdf ffdf ffdf ffdf f7be ffdf ffdf ffdf ffdf ffdf ffdf f7be ffdf ffbe ffde ffdf ffdf ffbe ffbf ffdf ffdf ffdf f7bf ce79 39c7 18c3 18c3 18c2 18a2 18e3 39a6 28e3 1881 1881 1881 1881 1881 1881 1881 2081 2081 2081 20a1 20a1 20a1 2081 2081 20a1 20a1 20a1 20c1 20a1 20c1 20a1 20a1 28c1 28a1 3122 4163 3143 20c1 20c1 20c1 28e1 28e1 28c1 28c1 28c1 28e1 28e1 28e1 30e2 30e2 3102 3102 3122 3122 3922 3922 3943 4143 4163 4163 49c4 bd53 2923 0820 0000 0800 0000 0820 0820 0820 0820 0821 0000 0820 0820 0820 2924 0000 0000 0000 0000 0841 0841 0841 0821 1082 1041 0841 0000 0020 0820 0000 0000 0840 0000 0820 0820 0820 1020 5247 b4f1 cd93 acb0 2880 4123 c4d1 d512 d532 d532 d512 d512 d512 cd11 d532 d553 d553 dd74 dd74 dd74 dd74 dd74 dd74 dd94 ddb4 e5f5 e5f5 ddf6 e616 e617 e616 e616 e616 e616 e616 e616 e616 e616 e616 ddf6 e5f6 e616 e5f6 e616 e616 e616 e5f6 ddf6 ddd5 ddd5 ddb5 dd94 d574 d573 cd12 a3ed 7aa9 1020 0000 1081 0800 0000 0000 0000 2903 9c4e cd92 de15 9c2e 3143 1061 1041 1062 0842 0841 0821 0821 0020 0820 0841 18a2 1082 0820 0000 0000 0820 1041 1041 1020 1020 1020 1041 1020 0800 0820 1041 1861 1041 1020 1041 1040 1841 1040 1020 1841 1020 1841 1861 1861 1861 1820 1020 1861 2081 1040 1840 1020 1040 1040 1861 1020 1020 2081 2081 1040 1881 20a1 20a1 1881 20a1 1881 2082 1861 20c2 1861 1881 20a2 20c2 2082 1881 1041 1041 0820 1861 1841 1041 2082 1041 1020 20c2 20c2 1881 1861 20c3 3124 20c3 2904 20e3 1881 1041 1882 1862 1061 1041 1082 1061 1882 1061 1061 1882 1882 18a2 20c3 1081 18a2 18c3 20e3 
ffdf ffdf ffdf ffdf ffdf ffdf ffdf ffdf ffdf ffdf ffdf ffdf ffdf ffdf ffdf ffdf f7be ffdf ffdf ffdf ffdf ffdf ffdf ffdf ffdf ffdf ffdf ffdf ffdf ffdf ffdf ffdf ffde ffde ffde ffde ffdf ffde ffdf ffdf ffdf ffdf ffdf e73d 734d 20e4 1082 1082 1061 1082 18c3 39a7 20e3 1881 1881 1881 1881 1880 1881 2081 2081 2081 2081 2081 2081 2081 2081 20a1 20a1 20a1 20c1 20a1 20c1 20a1 20a1 20a1 20a1 28c1 28c1 28c1 20c1 20c1 28c1 28c1 28c1 20c1 28c1 28c1 28c1 28c1 28e1 30e2 30e2 30e2 3102 3102 3122 3102 3922 3922 3922 3943 4163 4143 6267 acf2 1060 1082 0820 0820 0841 0820 0020 0000 0020 0021 0000 0020 0820 0820 0800 0000 1061 0820 0820 0841 1061 0820 0000 0820 0820 0820 0000 0020 0000 0020 0000 0000 0820 0000 1061 0820 2902 a4b0 cdd5 e657 c574 93cd 38e2 c4d2 ccf2 d512 d532 d512 d512 d512 cd11 d512 d533 d553 dd53 dd74 dd73 dd73 dd73 dd73 dd94 ddb5 ddd5 e5f5 e616 e616 e616 e617 e616 e616 e616 e616 e616 e616 e616 ddf6 e5f6 ddf6 e616 e616 e616 e5f6 e5f6 e5d6 ddd5 ddb5 d574 d574 d553 d533 cd32 c4f1 b44e 8b4b 30e2 0800 0000 0000 0000 0000 0000 0800 2902 6268 49e6 3123 1041 0821 0841 0841 1061 0841 0000 0000 0820 0820 0840 0841 0841 0820 0000 0000 1040 1020 1020 1041 1041 1020 1041 1020 0820 0820 1020 1841 1861 1020 1841 1040 1040 1040 1020 1841 1841 1020 1841 1861 1861 1040 1040 1861 1861 1860 1841 1841 1020 1040 1861 1861 0820 1041 1881 1841 1840 1860 20a1 2081 20a2 1861 1861 1841 1040 20c2 1861 20a2 2082 20a2 20a2 1861 1041 1041 1020 1861 1020 1861 1041 1020 1041 18a2 1881 1041 1041 28e3 3145 28e3 20c2 1882 1882 1082 1882 1061 1041 1082 1081 1081 1882 1061 1882 18a2 1082 1082 1881 1061 1041 1061 
ffdf ffdf ffdf ffdf ffdf ffdf ffdf ffdf ffdf ffdf ffdf ffdf ffdf ffdf ffdf ffdf ffbf ffdf ffdf ffdf ffdf ffdf ffdf ffdf ffdf ffdf ffdf ffdf ffdf ffdf ffdf ffdf ffdf ffdf ffbf ffdf ffdf ffdf f7be ffdf ffdf ffdf f7df ce59 41e8 1882 18a2 0861 0821 1062 0862 39c7 20e3 1881 1881 1880 20a1 20a1 20a1 1880 1880 1880 2081 2081 20a1 2081 2081 20a1 20a1 20a1 20a1 20a1 20c1 20c1 20a1 20a1 20c1 20a1 28c1 20a1 28a2 28a1 28a1 28c1 28c1 28c1 28c1 28c1 28e1 28e1 28e2 28e2 28c2 30e2 3102 3102 3122 3103 3122 3922 3923 3943 3943 4163 838c 83cd 0820 0840 1061 1061 0820 0841 0000 0000 0821 1062 0820 0841 0841 0821 0821 0821 0821 0841 0841 0841 1082 0841 0841 0000 0000 0000 0000 0000 0000 0000 0000 0800 0000 0841 0820 1040 41a3 a46e de57 ff7c cdb5 c533 2881 b491 ccf2 ccf2 d512 d512 cd12 d4f2 d4f2 d512 d512 d532 dd53 dd74 dd74 dd74 dd94 dd94 ddb4 ddd5 e5f5 e5f5 e5f6 e616 e616 e636 e617 e617 e617 e616 e616 e616 e616 e5f6 e616 e616 e616 e616 e5f6 e5f5 ddd5 ddb4 ddb4 d573 dd73 dd53 dd53 d533 d532 c4d1 abed 82e9 5a06 1880 1020 0000 0020 0020 0020 0800 41a5 acd1 cdf5 942f 2903 10a2 1061 0820 0861 0861 0861 0841 0841 0820 1082 1041 0841 0800 0000 0800 0820 1020 1020 1020 1041 1000 1040 1040 1040 0820 0820 1041 1861 1841 1041 1041 1020 1841 1020 1020 1882 1040 1020 1861 1861 1040 1040 1861 2061 2061 1841 1841 1040 1020 1040 1861 1061 1020 1881 1861 1020 1040 1860 20a1 1881 20a2 1861 1861 1040 1040 20a2 28e3 28c3 1881 1882 20c3 20a3 1061 1020 1040 1041 1841 1020 1041 1020 1041 20c3 1041 1881 1882 20c3 2904 18a2 1882 1082 0841 18a3 1062 1041 1062 1081 18a2 1061 1861 1881 18a2 1061 1081 1061 1061 0820 0840 
ffdf ffdf ffdf ffdf ffdf ffdf ffdf ffdf f7be f7be ffdf ffdf f7be ffdf ffdf ffdf f7be ffdf ffdf ffdf ffdf ffdf ffdf ffdf f7be f7be ffdf ffdf ffdf ffdf ffdf ffdf f7de f7de ffde f7de ffde ffdf ffdf ffdf f7de f7df f7bf 6b4e 1062 1062 1062 1082 0840 0040 08a2 4208 20c2 1881 1881 1881 1860 1880 1880 1881 2081 2081 20a1 20a1 1880 18a0 18a0 20a1 20c1 20a1 20a1 20a1 2080 2080 20a1 20a1 20a1 20a1 20a1 20a1 20a0 20c0 28c1 20c1 28c1 28c1 28c1 28e1 28c1 28c1 28e1 28e2 28e2 28e2 3102 3102 3102 3101 3122 3122 3923 3922 3923 3923 93ed 5a88 0820 0841 0841 0800 0820 0821 0000 0000 0841 0861 0841 0000 0000 0821 0000 0841 1061 0841 1041 1041 0841 0821 0861 0000 0020 0000 0020 0820 0820 0821 0820 0000 0000 0000 0800 1000 3102 93ed bd51 d614 bd51 b4f0 2040 6a68 c512 cd12 cd12 ccf1 d512 d512 d4f2 d512 d532 d533 d553 dd73 dd94 d593 dd94 dd74 dd94 e5b5 ddb5 ddd5 e5f6 e5f6 e616 e616 e617 e617 ddf5 de16 de15 de16 de16 e616 e616 e5f6 ddd5 ddd5 ddd5 e5d5 ddb5 dd94 dd73 d573 d552 d573 dd93 d573 d553 c490 932a 61c5 30e3 0800 0820 0841 0800 0800 0820 1861 acf0 c592 e697 c5b4 942e 1860 0840 1082 0841 0820 0840 0840 1062 1041 1062 18a3 0020 0000 0000 0000 0820 1021 1020 1020 1020 0800 1020 1040 1020 1020 0800 1041 1060 1040 1040 1061 1020 1040 1841 1020 1021 1021 1020 1861 1861 1020 1020 1061 1060 1060 1040 1881 1840 1040 1020 1041 1020 1061 1040 1881 1861 1020 1840 1861 18a1 1881 1861 20a2 1020 1861 20a2 2082 1861 20c2 1861 1882 1862 1862 1861 1841 1040 0840 0840 0820 0820 0821 1861 1882 1041 1020 1861 20a2 3104 20a3 20c3 1882 1061 1082 1061 1061 1082 1882 1082 1061 0840 0841 1061 1082 1061 18a2 18a2 1061 
ffdf ffdf ffdf ffdf ffdf ffdf ffdf ffdf ffdf ffdf ffdf ffdf ffdf ffdf ffdf ffdf ffdf ffdf ffdf ffdf ffdf ffdf ffdf f7be ffdf ffdf ffdf ffdf ffdf ffdf ffdf ffdf ffde ffdf ffdf ffdf ffbf ffdf ffbf ffbf ffdf ffdf f7be 4a49 1082 1061 0840 1061 0841 0841 1082 4a48 20c2 1881 1880 1880 1881 1881 1880 1880 2081 2081 20a1 20a1 2081 20a1 20a1 20a1 20a1 20a1 2081 20a1 20a1 2081 20a1 20a1 20a1 20a1 20a1 20a1 20a1 20a1 20a1 20a1 28a1 28a1 28c1 28c1 28c1 28c1 28c1 28e2 28e2 28e2 30e2 3102 3102 3122 3122 3122 3122 3922 3922 3122 9c90 3985 0840 0820 0000 0000 0020 0000 0020 0020 0841 1082 0821 0821 0820 0000 0841 0821 0841 0841 1041 0000 0000 0000 0820 0000 0000 0000 0000 0820 0820 0000 0820 0000 0000 0800 0820 1881 1020 49e5 940d b4f1 acd1 4184 1861 1840 9bee cd33 d533 d533 d512 d532 d512 d512 d532 d533 dd53 dd74 dd74 dd74 dd74 dd74 dd94 ddb4 ddd5 e5f5 e5f6 e616 e616 e636 e616 e637 e616 e616 e616 ddf6 e616 e616 ddf6 ddd6 e5f5 ddd5 ddb4 dd94 dd74 dd74 dd73 dd93 dd94 ddb4 ddb4 dd94 dd74 ccd1 932b 59c5 1840 0000 5aaa 18c3 0000 0000 0840 3144 b511 c593 ff5b d637 acf1 20a1 1040 0820 0861 0020 0820 0820 0840 1061 0840 0840 0000 0020 0020 0000 0800 1041 0800 1020 1020 1020 1040 1041 1040 1020 1000 1020 1040 1040 1041 1861 1040 1020 1861 1020 1000 1020 1020 2082 1841 1841 1020 1020 1861 1861 1840 1861 1861 1861 1040 1040 1020 1040 1040 1861 1881 1861 1040 1040 1861 20c2 1861 1861 1861 1861 1861 2082 1861 1841 1882 18a2 1041 1061 1040 1882 1861 1041 1041 1021 0800 0800 1021 1041 1882 1041 1061 1881 28e3 3124 20c2 2904 18a2 1061 1082 1882 1061 1061 1061 0841 0841 1061 1061 1082 1082 1082 18c3 1082 
ffdf ffdf ffdf ffdf ffdf ffdf ffdf ffdf ffdf ffdf ffdf ffdf ffdf ffdf ffdf ffdf ffdf ffdf ffdf ffdf ffdf ffdf ffdf ffdf ffdf ffdf ffdf ffdf ffdf ffdf ffdf ffdf ffdf ffdf ffdf ffdf ffdf ffdf ffdf ffdf ffdf f7bf e6fc 3166 1061 1082 1061 1061 0820 0841 0862 4a69 20c2 1881 1880 1880 1860 1860 20a1 1880 2081 2081 2081 20a1 2081 2081 1880 20a1 20a1 20a1 20a1 20a1 2081 20a1 2081 2081 20a1 20a1 20a1 20a1 20a1 20a1 20a1 20a1 20a1 20a1 20a1 20a1 28c1 28c1 28c2 28c2 28e2 28e2 30e2 3102 3102 3102 3102 3122 3102 3122 3922 49a4 9cb1 1061 1061 0000 0000 0000 0000 0021 0000 1061 1061 0820 0020 0841 0000 0820 1062 18a2 1061 0820 0820 0820 0000 0020 0820 0841 0821 0821 0820 0820 0820 0000 0000 0841 0000 0820 0820 0800 0840 4a07 8bed 836b 20a1 0820 1041 1020 7b0a cd33 d533 dd54 dd53 dd53 d532 d532 d533 d533 dd53 dd74 dd74 dd74 dd74 dd74 dd94 ddb4 ddd5 ddd5 e5f5 e616 e616 e616 e616 e616 e616 e5f6 e616 e616 e5f6 ddf6 ddd5 ddd5 ddb4 dd94 d573 dd74 dd74 dd94 dd94 dd94 ddb5 e5d5 ddb5 dd95 d574 d533 b42e 7268 1860 0800 0820 0800 0000 0820 0800 1881 9c2d b4f0 d5f4 bd52 9c4f 1840 0820 0000 0000 0000 0000 0000 0000 0820 0821 0820 0820 0000 0820 0800 0800 1020 0820 1040 1020 0820 1020 1020 1020 1020 0800 1020 1041 1020 1041 1041 1861 1020 1041 1020 1020 1020 1020 20a2 1020 1841 1020 1020 1841 1841 1840 1861 1861 1840 1020 1881 1040 1861 1860 1020 1061 1881 1040 1040 1840 2081 2081 2061 1861 1861 2082 1861 1881 1041 1041 1061 1882 1882 0800 1020 1882 1841 1041 1061 0800 0800 1041 1020 1081 1041 1061 1861 20a2 20c3 2903 1061 20c3 1882 1082 1061 1041 1882 1061 1061 1882 1082 1061 1061 18a2 1882 18a2 1082 
ffdf ffdf ffdf ffdf ffdf ffdf ffdf ffdf ffdf ffdf ffdf ffdf ffdf ffdf ffdf f7be ffdf ffdf ffdf f7be ffdf ffdf ffdf ffdf ffdf ffdf ffdf ffdf ffdf ffdf ffdf ffdf ffdf ffdf ffdf ffdf ffdf ffdf ffdf ffdf ffdf ffbf 8c51 1062 18a3 0841 0821 0820 0841 0820 0841 526a 20c2 1861 1881 1881 1881 1881 1880 1880 1881 1881 2081 2081 20a1 2081 20a1 20a1 18a1 18a1 20a1 20a1 20a1 20a1 2081 2081 20a1 20a1 20a1 20a1 20a1 20a1 20a1 20a1 20a1 20a1 20a1 20a1 28c1 28c1 28c1 28c1 28c2 28c2 28e2 30e2 3102 3102 3102 3102 3102 3102 3922 6ac9 736c 0820 0840 0020 0000 0000 0000 0821 0820 0821 0820 0841 0820 0841 0841 0841 0841 0841 1082 1061 0821 0000 0000 0020 0821 0020 0841 0820 0821 0820 0820 0000 0000 0820 0020 0820 0000 0800 5a67 c573 cd94 cd94 acb1 1020 1021 1020 51c6 c512 d553 d574 d574 d573 d573 d553 d553 d553 d553 dd74 dd94 dd94 dd94 dd94 dd94 ddb4 ddb4 ddd5 ddd5 e5f6 e616 e616 e616 e616 e616 e5f6 e5f6 e5f6 e5f5 ddd5 ddb4 ddb4 dd94 dd94 dd94 dd94 e5b4 e5b4 ddb4 ddb4 ddb5 e5d5 ddd5 ddd5 dd94 d533 bc4f 82c9 4143 1020 0840 0000 0000 0800 0020 0000 4184 8bcc cd93 9c4f 41c6 0800 0000 0000 0000 0000 0000 0000 0000 0000 0000 0000 1061 0821 0020 0000 0800 0820 1020 1020 1020 0800 1020 1041 1020 1020 1000 1000 1041 1020 0800 1041 1861 1020 1020 1020 1020 1020 1020 1861 1041 1040 1020 1020 1841 1820 1840 1861 1861 1020 1020 1020 1841 1861 1881 1040 1040 1040 1861 1841 1840 1860 1860 2081 1881 1861 1041 1020 18a2 1061 1061 1862 1061 20e3 1881 1041 1020 2082 1841 1882 1881 0820 1020 0820 1041 1061 1882 1882 1041 28e3 20c3 20e3 1041 20c3 18c3 1082 1061 1061 1082 1041 1082 1061 0841 18a2 18a2 1882 1882 18a2 
ffdf ffdf ffdf ffdf ffdf ffdf ffdf ffdf ffdf ffdf f7be ffdf ffdf ffdf ffdf ffdf ffdf ffdf ffdf ffdf ffdf ffdf ffdf ffdf ffdf ffdf ffdf ffdf ffdf ffdf ffdf ffdf ffff f7df ffdf ffdf ffdf ffdf ffdf ffdf f7bf dedb 630b 1882 0841 0821 0821 0800 0821 0841 0841 4a49 20c2 1861 1880 1880 1881 2081 2081 2081 2081 2081 20a1 20a1 20a1 20a1 20a1 20a1 20a1 20a1 20a1 20a1 20a1 20a1 20a1 20a1 20a1 20a1 20a1 2081 20a1 20a1 20a1 2081 20a1 20a1 20a1 20a1 20a1 28c1 28c1 28c1 28c1 28e2 28e1 3102 28e2 3102 3102 3122 3122 3122 3102 836c 5248 0820 0020 0821 0000 0000 0820 0820 0820 0841 0821 0000 0821 0841 0820 0821 1061 1082 0020 0000 0020 0821 0820 0000 0020 0000 0000 0820 0800 0821 1061 1061 0820 0000 0020 0820 0000 1040 8bac c552 ff5b e699 c574 4185 0800 1000 2881 ac50 cd54 d574 dd94 dd94 dd74 dd74 d553 dd53 dd74 dd94 dd94 ddb4 e5b5 ddb4 dd94 dd94 ddb4 ddd5 e5f5 e5f5 e616 e616 e616 e616 e617 e5f6 e5f6 e5d6 ddb5 ddb5 ddb4 ddb4 dd94 ddb5 ddb5 ddd5 ddd5 ddd5 ddd5 e5f5 e5f5 e5f6 ddf5 ddd5 d594 c4f2 a3ac 6206 4984 1861 0800 0020 0000 0820 0020 0000 0820 2903 6268 4164 0820 0820 0000 0020 0840 0861 0861 0841 0840 0820 0820 0841 0841 1061 0820 0000 0000 0820 0820 1020 1040 1020 1020 1020 1020 1020 1041 1020 1020 1041 1020 1020 1861 1881 0800 1041 1020 1020 1020 2082 1861 1000 1020 1020 1841 1820 1840 1861 1861 1020 1020 1000 1841 1020 1861 1841 1840 1860 1020 1040 1841 1840 1861 1861 20a2 1861 1841 1841 1020 1882 1882 18a2 1082 1882 0820 1041 1041 1841 1841 1841 20a2 1882 1861 1021 1021 1882 1882 1061 1061 18a2 3985 2904 20c3 1882 1882 1041 1041 1082 1061 1061 1061 18a2 1061 18a2 18a2 1882 1041 1082 
ffdf ffdf ffdf ffdf ffdf ffdf ffdf ffdf ffdf ffdf ffdf ffdf ffdf ffdf ffdf ffdf ffdf ffdf ffdf ffdf ffdf ffdf ffdf ffdf ffdf ffdf ffdf ffdf ffdf ffdf ffdf ffdf ffdf ffdf ffdf ffde ffdf ffdf ffdf f7df f77e ad35 18c3 0820 0000 0821 0841 0821 0841 0841 0001 4a28 20e3 1881 1881 1880 2081 1881 20a1 2081 2081 20a1 2081 20a1 20a1 20a1 20a1 20a1 2081 20a1 20a1 2081 20a1 20a1 20a1 20a1 2080 2080 20a1 20a1 20a0 20a1 20a1 20a1 20a1 20a1 20a1 20a1 20a1 20a1 20a1 28c1 28c1 28c1 28c1 28e1 28e1 28e1 3102 30e1 3102 3122 3922 9c50 20c2 0820 0820 0841 0000 0000 0800 0800 0020 0020 0000 0841 1082 1082 0841 0841 0841 0020 0020 0820 0841 0841 0821 0821 0820 0820 0000 0000 0000 0820 0820 0020 0800 0000 0800 0800 0820 1040 7b49 b4d0 d616 d5f6 bd53 5207 0820 1041 1860 8b6c cd32 d574 ddb4 e5d5 e5b5 dd94 dd94 dd74 ddb4 ddb4 ddb5 ddd5 ddd5 ddb4 ddb5 ddb4 ddb4 ddd5 e5f5 e5f5 e5f6 e616 e637 e617 e617 e616 e5f6 e5f6 ddd5 ddb4 ddb4 ddb4 ddb4 e5b5 e5d5 e5d5 e5f6 e5f5 e5f5 e5d5 e5f5 e5f5 ddd5 ddd5 d573 bc90 82c9 4943 28c2 0800 2945 2125 0000 0000 0020 0800 41a5 c573 d615 c593 62a9 0820 0000 0000 0800 0000 0000 0000 0000 0000 0000 0000 0820 0820 0841 0820 0000 1021 1020 1020 1041 0800 1020 1020 1040 1040 1020 0800 1020 1041 1020 0820 1040 1861 0800 1020 1020 1020 1020 1861 1882 1041 1041 1020 1841 1840 1841 1861 1840 2081 1020 1000 1020 1021 1020 1861 1861 1040 1861 1841 1861 1840 2061 20a2 1861 2082 20a2 1841 1841 1861 1882 1041 1882 2904 1041 0820 1020 1041 1020 1861 0820 1861 1861 1861 1061 1041 18a2 1061 1041 1061 2924 3985 20e3 20c3 1041 18a2 1061 1041 1041 1061 1061 1082 1882 1882 1082 18c2 1061 1041 
ffdf ffdf ffdf ffdf ffdf ffdf ffdf ffdf ffdf ffdf ffdf ffdf ffdf ffdf ffdf ffdf ffdf ffdf ffdf ffdf ffdf ffdf ffdf ffdf ffdf ffdf ffdf ffdf ffdf ffdf ffdf ffdf ffdf ffbf ffdf ffdf ffdf ffdf ffdf ffdf ef7e c5f8 2945 1021 0841 3986 5a69 3103 0820 0841 0841 4228 20e3 18a1 20a1 1880 1880 2081 1881 2081 2081 20a1 20a1 20a1 20a1 20a1 20a1 18a1 20a1 20a1 20a1 20a1 20a1 20a1 20a1 20a1 2081 20a1 2081 2081 20a1 20a1 20a1 20a0 20c1 20c1 20a1 20a1 28c1 28c1 20a1 28c1 28c1 28e1 28c1 28e2 28e1 28e1 28e2 3102 3101 3122 5226 83ad 0800 0820 0800 0820 1061 0820 0821 0821 0820 0820 0821 1062 0841 0841 0841 0821 0820 0820 0000 0000 0000 0820 0820 0820 0821 0000 0000 0000 0000 0020 0000 0020 0000 0000 0000 0000 0800 0800 49c5 93ed de35 b511 ad11 1060 0820 0800 1000 6248 c512 d553 ddb4 dd94 ddb5 ddb5 ddb5 e5b5 ddd5 ddd5 e5d5 ddd5 e5d5 ddd5 ddb5 ddb5 ddb5 ddb5 e5f5 e5f5 e616 e616 e637 e637 e616 e5f6 ddf6 e5f5 e5d5 ddd4 ddb5 ddd5 e5d5 e5d5 e5f5 e5d5 e616 e616 e5f5 e5f5 e5f5 e5d4 ddb4 ddb4 dd73 c490 82e9 4943 2081 0800 20c3 18c3 0800 0800 1040 0820 9c6f bd73 e6d9 d657 acf1 28e2 0820 0820 1082 0000 0820 0820 0820 0000 0000 0020 0820 0820 0841 0820 0000 0820 1041 1020 1020 1020 1020 1020 1041 1041 1040 0800 1021 1021 1041 1000 1020 1041 1041 0800 1041 1020 1020 1020 1841 1041 1861 1020 1040 1861 1840 1861 1860 2061 1861 1020 1020 0800 0820 1041 1061 1861 1840 1861 1840 1841 2061 2061 1861 1861 1861 2082 1841 1041 2082 20c3 1882 1882 1041 1882 1041 1861 1041 1041 1881 1040 1041 1020 1041 1861 20c3 1061 1040 1041 20a2 28e3 2904 3966 1041 1041 2104 1061 1061 1041 1061 1082 1882 18a2 18a2 18a2 1082 1882 
ffdf ffdf ffdf ffdf ffdf ffdf ffdf ffdf ffdf ffdf ffdf ffdf ffdf ffdf ffdf ffdf ffdf ffdf ffdf ffdf ffdf ffdf ffdf ffdf ffdf ffdf ffdf ffdf ffdf ffdf ffdf ffdf ffdf ffdf ffdf ffdf ffdf ffdf ffdf ffdf ffdf d69a 630c 1041 1061 734c 5a27 b4f2 a430 5208 1062 4a28 2103 18a1 18a1 1881 2081 2081 2081 20a1 20a1 20a1 20a1 20a1 20a1 20a2 20a1 20a1 20a1 20a1 20a1 20a1 2081 2081 1881 1881 20a1 20a1 1880 2081 20a1 2081 20a1 20a1 20a1 20a1 20a1 20a1 20a1 20a1 20a1 20a1 20c1 28c1 20c1 28e1 28e1 28c1 28e1 28e1 3101 3102 6ae9 5a69 0820 0820 0821 0821 0841 0841 0841 0820 0821 1062 1062 1041 1082 0841 0820 0820 0820 0000 0000 0820 0840 0000 0000 0820 0800 0801 0800 0800 0820 0820 0840 0820 0000 0000 0020 0000 0041 0020 0820 3964 6aea 5a47 20a2 1020 0841 0820 0800 72ea c512 d573 dd94 ddb5 ddd5 ddb5 ddb4 ddd5 e5d5 e5d5 e5d6 e5f6 e5d6 e5d6 e5d5 e5d5 e5d5 e5d5 ddd5 ddf5 ddf5 e636 e637 e636 e617 e616 e5f6 e5d6 e5f5 e5d5 e5d5 e5f5 e5d5 e5f6 e5f6 e5d5 e5f6 e5f5 e5f5 e5f5 ddd5 ddb5 ddb5 dd94 dd73 c4d1 936b 5185 3103 0800 0000 0000 0000 0800 0800 1020 a46f bd11 e698 de57 acd1 49e5 1061 0841 0841 18a3 0842 0841 0861 0020 0000 0820 1061 1062 0821 0000 0000 0820 0820 1020 1041 1040 1020 1020 1040 1040 1040 0800 0800 1021 1021 1041 0820 1041 1020 0800 1061 1020 1020 1041 1041 1020 1040 1841 1841 1841 1841 1841 1840 1840 2081 1040 1061 1020 1020 0800 1040 1040 1060 1881 1841 1841 1821 1841 1841 1841 1841 1861 1882 20a2 1061 1061 1861 1041 1061 1061 1841 1862 1841 1041 1861 1882 1041 1020 1040 1020 1061 20e3 1081 1881 18a2 20c3 3145 2904 20e3 0820 18c3 18a2 1041 1021 1061 1041 18a2 1882 18a2 1081 1882 1061 
f7be f7de ffdf ffdf ffdf ffdf ffdf ffdf f7be ffdf ffdf ffdf ffbf ffdf ffdf ffdf f7be ffdf ffdf ffdf ffdf ffdf ffdf ffdf f7be f7be ffdf ffdf ffdf ffdf ffdf ffdf f7de f7de f7ff ffdf ffdf ffdf ffdf ffdf f7bf ef3d b596 1041 4185 9bef 38a2 c4f2 d574 cd74 838c 2903 20c2 2082 20a1 2081 1880 2081 18a0 20a1 20a1 20a1 20a1 28a1 20a0 20a0 20c1 20c1 20a1 20a1 20a1 2081 1861 1861 2081 2081 2081 2081 2081 2081 1880 18a0 18a0 20a0 20a1 20a1 20c1 20a1 20a1 20a1 20c1 28c1 28c1 28a1 28c2 28c1 20c1 20e1 28e1 2901 3101 3102 83ad 2903 0800 0800 0800 0821 1061 0841 0000 0000 0000 0020 0000 0840 0840 0821 0821 0820 0000 0820 0841 0841 0821 0000 0801 0821 0000 0000 0020 0000 0000 0821 0820 0820 0000 0000 0020 0000 0820 1040 5247 a4b0 9c6f 2922 0820 0841 18a2 1021 0820 30e3 bcd1 d553 dd94 ddb5 e5b5 e5b5 e5d5 e5f5 ddd5 ddf5 e615 e616 e5f6 e5f6 e5f6 e5f6 ddb5 ddb5 ddf5 e616 e637 e617 ee37 e637 e636 de16 de15 e5f6 e5f6 e5f6 e5f6 e616 e5f6 e5d5 e5f6 e5f6 e5d6 e5f6 e5f5 e615 ddd4 ddd4 ddd4 ddb4 dd73 ccf1 a3cd 6206 2081 0800 1882 0000 0000 0820 0821 0820 62c7 a48d d634 c592 a48f 28c1 1040 0841 1082 0000 18a2 0841 0800 0000 0820 0841 0020 0861 0840 0820 0000 0800 1020 1020 1020 1020 1000 1020 1020 1020 1841 1020 0800 0820 1040 0840 0800 0820 1041 1020 0800 1020 1020 1841 1020 1021 1020 1021 1020 1041 1881 1040 1861 1881 1841 1861 1040 1040 1040 0820 0800 1021 1020 1040 1881 1860 1861 1020 1040 1861 1841 1041 1020 1040 1861 20a2 2082 2082 1862 1041 0820 1081 1061 18a2 1061 1861 1061 1020 1040 1040 1040 1861 1862 1021 20c3 28e3 20e3 2103 3185 18a2 2924 20e3 1882 1061 18a2 0841 1882 18a2 1882 1882 1882 1862 
ffdf ffdf ffdf ffdf ffdf ffdf ffdf ffdf ffdf ffdf ffdf ffdf ffdf ffdf f7df ffdf ffdf ffdf ffdf ffdf ffdf ffdf ffdf ffdf ffdf ffdf ffdf ffdf ffdf ffdf ffdf ffdf ffdf ffdf ffdf ffdf ffdf ffdf ffdf ffbf ffde ffdf bdf7 1041 7b0b 8b6c 6a47 9bcd ccf1 cd12 c4d1 7aca 1840 1041 1881 20a1 2081 20a1 20a1 2081 20a1 20a1 20a1 20a1 20c2 20a1 20c1 20c1 20a1 2081 20a1 2081 2081 1881 2081 2061 1881 2081 2080 2081 1880 2080 1880 2080 20a1 20a1 2080 20a0 20a1 20a1 20a1 20c1 28c1 20a1 28c1 28c1 28e1 28c1 28e1 28e2 28e1 49a5 7b2b 5a48 1881 0820 0820 0820 0820 0800 1061 0841 0820 0861 0841 1061 0820 0841 0841 0820 0821 0821 1061 0020 0000 0841 0020 0000 0820 0821 0820 0000 0800 0800 0000 0801 0820 0000 0020 0800 1020 5a27 c553 d5d5 cdb4 bd54 20a2 18a2 1082 1061 0820 20a1 c4f2 d553 ddb4 ddb5 ddd5 ddd5 ddd5 e5f5 ddf5 e616 e616 e616 e617 e617 e617 e5f6 e5f6 e5f6 e616 e616 e5f6 ee37 e637 e637 ee37 e637 e616 e5f6 e5f6 e5f6 e5f6 e5f6 e5f6 e5f6 e5d5 e5f6 e5f6 e5f6 e5f5 e5f5 e5f5 ddd5 e5d5 ddb4 d552 bc90 82e9 4943 30e3 1020 0800 0820 0820 0820 0841 0000 1880 5a87 a48f a4b0 3143 0820 0840 0841 1061 0820 1061 1061 0821 0000 0800 0841 0820 0820 0820 0000 0800 0800 1020 1020 1020 1041 1020 1020 1000 1020 1040 1040 0820 0820 1040 0820 1020 0820 1040 1020 1020 1041 1040 1020 1020 1041 1020 1041 1841 1021 1861 1861 1861 1841 1841 1841 1040 1040 1040 1020 0820 0800 1020 1020 1020 1861 20a1 1860 1020 1861 1041 1020 1020 1041 1041 1041 1861 1882 20e3 20a2 1061 1861 1861 20a2 1882 1882 1882 1041 1040 1040 0820 1861 18c2 1061 1881 20c3 1881 2924 20e3 2924 1041 1882 1882 18a2 18a2 1061 1061 1082 1082 1882 1081 1061 
ffdf ffdf ffdf ffdf ffdf f7be ffdf ffdf ffdf ffdf ffdf ffdf f7be ffdf ffdf ffdf f7be ffdf ffdf ffdf ffdf ffdf ffdf ffdf ffdf ffdf ffdf ffdf ffdf ffdf ffdf ffdf ffdf ffdf ffdf ffdf ffdf ffdf ffdf ffdf f7df ffdf dedb 20a2 93ee 8b2a abcc a38b b3ed bc0e b40d b40e 4964 2081 1040 1040 1881 20a1 20a1 20a1 20a1 20a1 20a1 20a1 20a1 20a1 20a1 20a1 2081 2081 2081 2081 2081 2081 1881 1861 1860 2080 2080 2080 2080 2081 2080 2080 20a1 20a1 2081 20a1 20a1 20c1 20a1 20a1 20a1 20a1 28c1 20a1 28c1 28c1 28c1 28e1 28e1 6288 5a47 a470 1841 1041 1020 3103 6aea 72eb 4185 1040 0840 0020 0000 0820 0820 0820 0020 0820 0841 0821 0000 0000 0820 0841 0820 0821 0841 0841 0820 0000 0000 0821 0800 0800 0820 0000 0820 0800 0800 838c bd53 f73a f6fa bd53 62ca 0820 1061 0841 0820 2081 c533 d574 ddb5 ddd5 ddd5 ddd5 ddd5 ddd5 e5f6 e616 e616 e637 e637 e637 e637 e616 e616 e616 e617 e616 e637 e637 ee57 e637 ee37 ee37 e616 e616 e616 e5f6 e616 e616 e5d5 e5f5 e5d5 e5d5 e5d5 e5d5 e5f5 e5f5 e5f5 e5f5 ddb4 dd94 cd32 ac2e 6a27 30c2 1040 0000 39e7 0821 0020 0020 0840 1040 1020 72ea c594 d5f5 a4b0 20e2 0840 0841 0841 0841 1082 1061 1041 0821 0020 0000 0000 0841 1061 0820 0000 0800 0820 1020 0800 1040 1020 1040 1020 1020 1020 1020 1020 0820 1040 1020 1040 1020 1040 1040 1020 1040 1020 1020 1861 1041 0820 1020 1041 1841 1020 1861 1840 1881 2081 1840 1840 1861 1040 1020 1041 0800 0800 1041 1841 1820 1861 2081 20c2 1881 1861 1020 1020 1041 1861 1861 1041 1861 20a2 1882 1040 1040 1861 1061 2904 1041 20c3 1882 0800 1061 1020 1061 18a2 18a2 1061 20c3 2924 1061 18a2 20e3 1082 0841 18c3 2104 1061 1061 1061 1061 1082 1082 1082 18a2 
ffdf ffdf ffdf ffdf ffdf ffdf ffdf ffdf ffdf ffdf ffdf ffdf ffdf ffdf ffdf ffdf ffdf ffdf ffdf ffdf ffdf ffdf ffdf ffdf ffdf ffdf ffdf ffdf ffdf ffdf ffdf ffdf ffdf ffde ffdf ffde ffdf ffdf ffdf ffdf ffdf ffdf f75d 4186 93ad 8b0a a38b 9ae9 a32a a32b a34a 9b6b 7ac9 1840 0800 0820 0840 1040 1061 18a2 18a1 20a1 20a1 20a1 20a1 20a1 20a1 2081 20a1 2081 1881 2081 2080 2081 2081 2080 1880 1880 1880 2080 2080 2080 1880 18a1 18a1 20a1 2080 28a1 3102 28a1 20a1 20a1 20a1 28c1 20c1 28c1 28c1 28c1 28c1 28e1 28e1 7b2a 6227 6aa9 0820 0820 20a1 cdb5 ee78 de17 ddf6 93ef 1061 0820 0000 0841 0821 0020 0841 0841 1061 0841 0000 0820 0841 0820 0820 0841 0841 0000 0000 0000 0800 0800 0000 0820 0000 0000 0000 0000 0820 6b09 a4af d5f4 d5d4 bd32 5a68 0800 0820 1061 0820 1020 7aea d594 ddd5 ddd5 e5f5 ddd5 e5d5 e5d5 e5f6 e616 e637 ee57 ee77 e636 e637 e637 e616 e616 e616 e616 e637 ee37 ee57 ee57 ee57 ee57 e637 e617 e616 e5f6 e5f6 e5f6 e5f6 e5f6 e5d5 e5d5 e5d5 e5d5 e5f5 e5f5 e5f5 e5d5 ddb4 dd73 c4f1 a3cd 51a5 1840 1020 0820 4208 0841 0000 0820 0820 1020 4164 b4d1 cdf5 eed9 cd94 838c 0820 0800 0840 0841 0841 1082 0861 0821 0841 0841 0000 0841 0841 0820 0000 0000 0820 1040 0820 1040 1040 1020 1020 1000 1040 1040 1020 0800 1040 1040 1020 1020 1020 1061 1020 1020 1041 0800 1041 1020 1020 1020 1041 1841 1040 1861 1020 1861 1861 1020 1841 1040 1041 1020 0800 0820 1020 1020 1020 1020 1840 1840 1860 1881 28e2 2081 1020 1861 20a2 1861 20a2 20a2 20c3 20a3 1061 0840 1882 1861 20c2 1881 1881 1061 1041 1020 1061 1041 20c3 20c3 1061 18a2 3986 1881 18c3 1882 18c3 0841 1061 1882 20e3 18a2 1882 1061 1882 1882 1082 1082 
ffdf ffdf ffdf ffdf ffdf ffdf ffdf ffdf ffdf ffdf ffdf ffdf ffdf ffdf ffdf ffdf ffdf ffdf ffdf ffdf ffdf ffdf ffdf ffdf ffdf ffdf ffdf ffdf ffdf ffdf ffdf ffdf ffdf ffdf ffdf ffdf ffdf ffdf ffde ffdf ffdf ffdf ef1c 6aaa 8b2b 8ae9 930a 8268 92c9 92a8 8a88 92ea 7aca 1800 0800 0000 0000 0000 0820 0820 0820 1041 1061 1881 20a1 20a1 20a1 20a1 20a1 2081 1880 1880 1880 1880 1880 1880 1880 1880 1881 1880 1880 1880 1881 20a1 2080 3943 938c c4f1 e5d5 dd94 8b8c 30e2 28a1 28a1 20c1 20c1 28c1 28c1 20c1 28e1 41a4 6a68 6a88 3923 1020 28e2 a40f e5f6 f6b9 ee77 ddf5 d5b5 6289 0800 0820 0841 0020 0821 0820 0820 0821 0841 0820 0020 0841 1061 1061 0820 0841 0820 0000 0821 0821 0820 0000 0821 0000 0000 0000 0000 0020 2902 7b6a c592 bd11 940e 1881 0820 0800 1061 0840 1020 3923 cd74 ddb5 e5f5 ddd5 e5f5 ddf6 e5f6 e5d6 e5f6 e637 e637 e657 e657 e637 e637 e637 e616 e616 e637 e617 ee57 e657 e637 e637 ee37 e637 e617 e616 e616 e616 e5f6 e5f6 e5f6 e5f6 e5d5 ddd5 e5d5 e5f5 e5d5 e5f5 ddb5 dd94 d532 bc8f 9b6b 4964 1000 1861 0000 0000 0000 0000 0820 0841 0820 51e5 b4d0 d5f6 ff5b cdd5 9c2f 1040 0820 0820 0841 1061 0841 0821 0020 0020 0821 0821 0000 0800 0821 0820 0800 0800 1041 1040 1020 1041 0820 1020 1020 1020 1041 1020 0800 1020 1041 1020 1020 1020 1040 1020 1020 1041 1041 1020 1041 1020 1020 1841 1041 1020 1841 1841 1841 1841 1861 1840 1841 1040 1041 1020 1020 0800 1000 1021 1021 1020 1841 1840 1840 1841 1861 1841 1861 1861 2082 1881 1881 1882 1882 1061 1041 1862 1041 1882 20c3 1041 1862 1041 1041 1041 1041 1882 28e3 18a2 1061 3165 1882 1061 18c3 20c3 0841 1061 20c3 18a2 20e3 18a2 1082 1061 1061 20e3 18a2 
ffdf ffdf ffdf ffdf ffdf ffdf ffdf ffdf ffdf ffdf ffdf ffdf ffdf ffdf f7be ffdf ffdf ffdf ffdf ffdf ffdf ffdf ffdf ffdf ffdf ffdf ffdf ffdf ffdf ffdf ffdf ffdf ffdf ffde ffdf ffdf ffdf ffdf ffdf ffdf ffdf ff9e bd95 6aca 7aa9 8ae9 8ac9 7a27 8268 7a27 7a26 7a47 59e6 1000 0000 0000 0000 0000 0000 0020 0000 0821 0841 0820 0820 0820 1040 1041 1061 1081 1881 1881 1881 1881 1881 1881 2081 1860 1880 1880 2081 2080 2081 2860 7a68 d4f2 d4f2 7a27 7a89 e5d5 f657 c4f2 3902 28a1 28c1 20c1 28c1 28c1 28e2 3102 6268 51c5 7b0b 2020 30e2 cd74 ddb4 e616 feda f6d9 ee16 ddd5 8bad 1000 0800 0820 0841 0840 1062 0820 0800 0821 0000 0000 0841 0841 0841 0820 0841 0841 0820 0020 0820 0000 0000 0820 0821 0000 0000 0000 0800 1020 5226 9c0d 940d 28e2 1040 0820 0821 20c3 0821 1041 2060 a42f ddd5 ddd5 e5f5 e5f5 ddf5 ddf6 e5f6 e616 e616 e637 ee57 ee57 ee58 e637 e617 e616 e617 e616 ee57 e637 e637 e637 e637 e637 e617 e617 e5f6 e616 e616 e5f6 e5f6 e5f6 e5f6 e5d5 e5f5 e5d5 e5d5 e5d5 e5d5 e5d5 dd73 ccd1 abed 7a88 3903 1000 0820 0820 0020 0000 0000 0020 0000 0800 3122 9c2e bd32 de16 b511 838c 0820 0821 0821 0820 1082 0820 0840 0840 0820 0821 0821 0000 0821 0821 0000 0000 0800 1041 1040 1020 1061 1020 1040 1041 1020 1040 0820 0800 0800 1041 1841 1020 1041 1020 1020 0800 1020 1861 1020 1041 1020 1020 1841 1020 1020 1041 1861 1041 1840 1860 1020 1841 1040 1020 1020 1020 1020 0800 0800 1021 1020 1841 1840 1820 1840 1861 1020 1841 1841 2082 1061 1861 1882 1882 1041 1041 1041 1041 1861 20e3 1882 1862 1041 1061 1041 1882 20a2 3145 2904 1061 2904 2904 0841 18a2 18c3 18a2 1062 18a3 1061 1882 20c3 18a2 20c3 18c3 18a3 20e4 
f7de ffdf ffdf ffdf ffdf ffdf ffdf ffdf ffdf ffdf ffdf f7be ffdf ffdf ffdf ffdf ffdf ffdf ffdf ffdf ffdf ffdf ffdf ffdf ffdf ffdf ffdf ffdf ffdf ffdf ffdf ffdf ffdf ffdf ffdf ffdf ffdf ffdf ffdf ffdf ffdf ef3c 9c71 6aaa 6a67 8ae9 82a9 7206 7206 69e6 69c5 61e6 3924 0800 0000 0000 0000 0000 0000 0841 1062 0861 0841 0020 0000 0000 0000 0000 0000 0820 0820 0820 0820 1040 1020 1041 1060 1860 1880 1880 1880 2060 2860 8b0a ccb0 c42e c4b0 d533 9bcd 7aea a3ee dd94 9bcd 28a0 28c1 28c2 28e1 28e1 2902 3122 72ea 6267 72ca 2020 b490 e5f6 e5d5 e616 f6b9 e657 e5f6 e5d5 93ee 1020 1041 0820 0020 0020 1061 1061 0821 0000 0000 0820 0841 0020 0820 0820 0020 0000 1061 0820 0000 0020 0000 0820 0841 0821 0820 0820 1060 7b8b c572 93cb a46d a46e 3964 20a2 0840 18c2 0820 1040 1020 93ad ddb5 ddb5 ddd5 ddd5 e5f5 e5f5 e5f6 e5f6 e5f6 e637 e637 e657 ee57 e637 e616 e617 e617 e617 e637 ee57 e617 ee37 e637 e617 e616 e637 e616 e616 e616 e5f6 e5f6 e5f6 e5f6 e5f6 e5d5 e5d5 e5d5 e5d5 e5f6 ddb5 dd73 c4b0 a36c 61c5 28a2 1020 18a2 0820 0000 0000 0000 0820 0820 0800 1020 5a27 a48f bd11 93ed 3143 1061 0841 0861 0820 0861 0841 0821 0841 1061 0800 0020 0820 0020 0020 0000 0000 0000 0820 1020 0800 1861 1020 1020 1041 1020 1020 1020 1020 0800 1020 1041 1020 1841 1020 1041 0800 1021 1041 1020 1020 1041 1020 1020 1040 1020 1020 1020 1841 1841 1861 1840 1840 1841 1020 1020 1862 1041 0820 0800 1020 1020 1020 1841 1841 1841 1861 1861 1020 1020 1841 1020 1041 28e4 1882 1882 1040 1061 20a2 1041 2904 2903 20e3 1041 1062 1862 20c3 20a3 28e4 3966 1061 18a2 20e3 1041 1061 20c3 1882 1061 1061 1882 18a2 20e3 1041 18a3 1882 1062 1062 
ffdf ffdf ffbf ffdf ffdf ffdf ffdf ffdf ffdf ffdf ffdf ffdf f7de f7de ffdf f7df ffdf ffdf ffdf ffdf ffdf ffdf ffdf ffdf ffdf ffdf ffdf ffdf ffdf ffdf ffdf ffdf ffdf ffdf ffdf ffdf ffdf ffdf ffdf ffdf ffbe deba 5a68 72ea 6a67 8ae9 7a47 71e6 69c6 6165 5944 5165 2082 0800 0000 0000 0000 0000 0000 0000 0000 0020 0820 0841 0841 0841 0821 0820 0000 0000 0000 0000 0820 0000 0000 0000 0000 0000 0000 0000 0800 1020 82c9 c44f c3ed bbac cc90 d532 dd94 cd74 834b 4164 a450 2040 1040 1861 18a1 20a1 20a2 3103 51a5 9bee 4144 51a6 e616 ee16 e5d6 e616 ee37 e5f6 e5d5 ddb5 93ae 1020 1041 0821 0820 0000 0841 0820 0000 0821 0820 0820 0821 0000 0840 0820 0820 0821 0821 0000 0000 0020 0821 0800 0821 0800 0000 0800 1061 20c2 20c1 28e2 41a5 2081 7b6c 1861 0840 0820 0000 0820 1020 5a28 ddd5 e5f5 e5f5 e5f5 ddf5 ddf5 e5f6 e5f6 e617 e617 e637 ee57 e637 e637 e617 e617 e616 e616 e636 e616 e636 e637 ee37 ee37 ee17 e616 e616 e616 e616 e5f6 e616 e616 e5f6 e5f6 e5d5 e5f6 e5f5 e5d5 e5f6 edf6 dd74 c490 934b 5184 1820 18a2 0820 0800 5acb 0820 0820 1061 0840 0000 0800 1040 72ea 9c0e 4a06 1040 1061 1041 1061 0841 0800 1061 0821 0821 1061 1061 0820 0841 1062 0820 0000 0000 0000 0800 1041 1020 1861 0820 1020 1841 1020 1000 1041 1021 0800 1020 1020 1041 1020 1020 1041 1861 0800 1040 1040 0800 1041 1040 1841 1020 1041 1020 1020 1861 1041 1841 1861 1861 1020 1841 1020 1020 1882 1020 0820 0800 1021 1020 1020 1841 1861 1861 28a3 1020 1020 1021 1081 1061 1061 20c3 1861 1861 2082 2082 18a2 20a2 3965 1882 1041 2904 20c3 20e3 20e3 2904 3124 2904 20a3 20c3 1882 1021 18a2 18c3 1061 1882 2904 1061 1882 1882 1061 18a2 1082 0861 
f7df f7df ffdf ffdf ffdf ffdf ffdf ffdf f7be f7be ffdf ffdf ffdf ffdf ffdf ffdf ffdf ffdf ffdf ffdf ffdf ffdf ffdf ffdf ffdf ffdf ffdf ffdf ffdf ffdf ffdf ffdf f7de f7de ffdf ffff ffdf ffdf ffff ffdf f77d eefb 5a69 72ea 6a47 930a 7a07 71e7 5984 4923 4102 4103 1840 0800 0000 0000 0000 0000 0000 0000 0000 0000 0000 0000 0000 0000 0000 0020 0000 0000 0000 0800 0000 0000 0000 0000 0000 0000 0000 0800 1000 72a9 bc6f bc0d b36b bbcd c490 d532 d573 ddb4 e5f5 cd32 bcd2 2861 0800 0821 0840 2103 2103 2903 4984 938d 2860 ac70 ee37 ee37 ee37 ee17 ee17 e5f6 e5b5 d574 6aca 0820 0840 0861 0841 0000 0841 0821 0821 0000 0800 0821 0820 0000 0821 0841 0000 0000 0020 0000 0000 0000 1041 1061 0020 0000 0020 0820 1860 5a27 9c0e ac6f acd0 3121 20e1 0840 0820 0841 0820 0820 0800 28c2 d5b5 ddd5 e5f6 e5d6 e5f6 e616 ddf5 ddf5 e616 e616 e616 e616 e636 e636 ddf6 e5f6 e617 e616 e616 e617 e637 ee37 e616 e616 e636 e616 e616 e616 e616 e616 e5f6 ddd5 e5f6 e5f6 e5f6 e616 e5f6 e5f5 ddd4 e5f5 ddb3 c4f1 936b 4944 1000 20a2 0000 0000 2924 0841 0000 0841 0821 1061 0820 7b6b cdb4 d5f5 c5b3 6288 1060 0841 0820 0820 0820 1061 0821 0820 0821 0820 0000 0840 0000 0841 0840 0000 0800 0800 1041 0800 1040 1020 1020 1040 1041 1020 0820 0820 0820 0820 1041 1020 1020 1041 0800 1020 1040 1020 1041 1000 1020 1020 1020 0820 0820 1040 1020 1020 1881 1841 1040 1841 1840 1040 1841 1020 1841 1841 0820 0800 0840 0820 1020 1020 2061 1841 2081 20c2 1841 1020 1041 1041 1861 3145 1881 1060 0840 20a2 1861 1882 3145 28e3 1041 1021 1041 20c3 2903 28e4 28e4 3966 18a2 18a2 18a2 0820 1082 28e4 20e3 1061 20e3 0841 1082 18a2 18a3 18a3 1082 1082 
ffdf ffdf ffdf ffdf ffdf ffdf ffdf ffdf ffdf ffdf ffdf ffdf ffdf ffdf f7df ffdf ffdf ffdf ffdf ffdf ffdf ffdf ffdf ffdf ffdf ffdf ffdf ffdf ffdf ffdf ffdf ffdf ffdf ffdf ffdf ffdf ffdf ffdf ffdf ffbf ef5c f77d 6aeb 6aaa 6a27 82ea 7207 7227 61a5 4903 38a2 30c2 1000 0800 0000 0000 0000 0000 0000 0000 0000 0000 0000 0000 0000 0000 0000 0000 0000 0000 0000 0000 0000 0000 0000 0000 0000 0000 0000 0800 6206 bc0f c42e bbed a30a bbcd c48f d511 d552 d553 dd52 c4b0 ac2f 1800 0800 0000 0020 39c6 ad75 ef3b 730a 4964 4963 e5f5 f677 f657 f657 ee37 ee37 ee16 e5b4 cd33 49c6 1020 0820 0841 0820 0820 0820 1082 0821 0841 0820 0000 0821 0000 0820 0841 0820 0000 0000 0000 0000 0820 0000 0820 0821 0821 0800 0800 49e4 a44d bd52 e676 e634 c531 732a 0800 0820 0820 0020 0820 0840 1841 bd12 ddf6 e5f6 ddf5 e5f6 e5f6 e616 e616 ddf5 e616 e616 e616 e616 e636 e616 e5f6 e616 e616 e5f6 e616 e616 e616 e616 e616 e616 e616 e616 e616 e637 e616 e5f6 e5f6 e5f6 e5f6 e616 e5f6 e616 e616 ddf5 ddd5 ddb4 cd12 9bac 30c2 0800 0841 0820 0000 0000 0820 0000 0000 0820 1040 2902 a4d0 cdd5 ff3b d636 a4b1 1081 0841 0840 0820 0820 1061 1061 0841 0821 0841 0820 0020 0000 0020 0820 0820 0800 0800 1040 1020 1020 1040 1000 1841 1020 1020 1020 1020 0820 0800 1020 1020 0800 1041 1861 1020 1041 0800 1041 0820 1020 1020 1040 1040 1020 1020 1041 0800 1040 1841 1840 1841 1881 1020 1861 1840 1020 1861 1041 0820 0800 0800 0820 1020 1040 1861 1840 20a2 28e3 1861 1061 1040 1041 1882 2904 18a2 1040 1861 20a2 1841 28e3 3965 1040 1021 1061 18a2 2903 3124 2904 3125 18a2 20c3 18a3 1041 1041 1021 20c3 20c3 1882 1061 18a2 1061 18a2 1882 1082 1082 
ffdf ffdf ffdf ffdf ffdf ffdf ffdf ffdf ffdf ffdf ffdf ffdf ffdf ffdf ffdf ffdf ffdf ffdf ffdf ffdf ffdf ffdf ffdf ffdf ffdf ffdf ffdf ffdf ffdf ffdf ffdf ffdf ffdf ffdf ffdf ffdf ffdf ffdf ffdf f79e f77d f75d 7b6d 5a08 7289 69e6 7248 7207 6185 4903 3082 2882 0800 0000 0000 0000 0000 0000 0000 0000 0000 0000 0000 0000 0000 0000 0000 0000 0000 0000 0000 0000 0000 0000 0000 0000 0000 0000 0800 3903 b40e bbed c40e b38c a30a b3cc c46f d4f1 cd11 ccd0 bc2e b40e 72a9 1000 0800 0000 0000 0020 0840 2103 1881 1820 a44e ee36 ee56 ee57 ee57 ee36 ee36 edf5 e5b4 c4f2 2081 0820 0841 0020 1062 1061 0820 0840 0000 1082 0841 0820 0841 0000 0841 0821 0000 0000 0000 0000 0000 0820 0020 0000 0821 0800 0800 0800 28c1 7b29 ac8e ddf3 d591 ac8d 6287 0800 0000 0820 1041 0841 0800 1061 7b2b ddf6 e5f6 e5f5 e5f6 e5d5 ddd5 e5f5 e5d5 e5f5 e5f5 e5f5 e616 e636 e616 e5f6 e5d5 e5f5 e5f6 e616 e616 e616 e616 e616 e616 e616 e616 e616 e5f6 e5f6 e616 e616 e616 e5f6 e616 e616 e616 e5f6 e5f6 e5f6 dd94 c4f2 834c 1820 0800 0000 0000 0000 0000 0000 0000 0020 0020 0820 3102 a48f bd73 e698 cdf5 acd1 20e2 0820 0820 1061 10a2 0841 0021 0821 0840 0841 0841 0862 0861 0020 0020 0020 0820 0800 0820 1041 0820 1861 1020 1882 1040 1020 1020 1040 0820 0820 1020 1040 0800 1020 1861 1020 1041 1020 1020 1020 1020 1020 1020 1020 1020 1020 1021 1020 1041 1040 1840 1861 1861 1840 1840 2081 1840 1040 20a2 1040 0800 0800 0800 1020 1040 1841 2081 1861 3144 3103 1882 1861 1861 1881 28e3 20e3 20a2 1861 20a2 1841 28e3 41a6 1861 1061 0841 1882 2903 3124 3124 28e3 28e3 28e4 1882 18c3 1021 1041 3145 18a2 1082 1882 18a2 18c3 1082 18a2 0861 0841 
ffdf ffdf ffdf ffdf ffdf ffdf ffdf ffdf ffdf ffdf f7be ffdf ffdf ffdf ffdf ffdf ffdf ffdf ffdf ffdf ffdf ffdf ffdf ffdf ffdf ffdf ffdf ffdf ffdf ffdf ffdf ffdf ffdf ffdf ffdf ffdf ffdf ffdf ffdf f77d f75d c5b6 49c7 6269 6a27 7207 7a68 7207 69c6 4904 2861 28a2 0800 0000 0000 0000 0000 0000 0000 0000 0000 0000 0000 0000 0000 0000 0000 0000 0000 0000 0000 0000 0000 0000 0000 0000 0000 0800 2020 934c b3cd c3ed c40e ab6b 9ae9 abac c46f ccb0 c48f bc0e b3cc a3ac 30c2 0800 0800 0000 0000 0000 0000 0800 0800 3123 d5d5 e615 ee36 ee36 ee36 ee16 ee17 ee16 e5d5 c4f2 1840 1021 0820 1082 0841 0841 0820 0000 0820 0841 18a2 20e3 18a3 0820 0821 1082 1061 0820 0821 0821 0000 0000 0840 0020 0840 0861 0841 0000 0000 30e2 6a86 b48d 8b69 5a26 1040 0800 0000 0820 0820 0000 0820 0820 28c2 cd94 ddf5 e5d5 e5f5 e5d5 e5d5 e5f5 e5f5 e5f5 e5f5 e5f5 e5f5 e616 e5f5 e5f5 e5f6 e5d5 e616 e616 e5f6 e5f6 e616 e616 e616 e616 e616 e616 e616 e616 e5f6 e616 e616 e616 e616 e5f6 e616 e5f6 e5f6 ddd5 dd74 bc91 4985 0800 0000 0000 0841 0820 0820 0800 0020 0020 0020 0820 1840 7b4a b4cf e655 bd30 93ed 1040 0820 1061 10a2 1061 1061 1062 0861 0841 1061 0821 1062 0020 0840 0000 0020 0000 0800 0800 1041 0800 1841 1020 1041 1040 0820 1040 1020 0820 0800 0820 1041 1020 0800 1041 1020 1020 1041 1020 1020 0800 1020 1020 1021 1020 1020 1041 1020 1020 1020 1841 1841 1881 2081 1861 1841 1861 1840 1840 2082 1861 0800 0800 1020 1041 1061 1881 20a2 28c2 28c2 28e3 28c3 1061 1882 39a6 20c3 20c3 20c3 28e4 1061 20a2 28e3 28e4 1061 0841 1061 2904 2904 41c7 1861 20e3 20c3 0820 1882 1082 1061 18a2 2904 1882 18a2 1041 1082 1882 18a2 1062 0841 
ffdf ffdf ffdf ffdf ffdf ffdf ffdf ffdf ffdf ffdf ffdf ffdf ffdf ffdf ffdf ffdf ffdf ffdf ffdf ffdf ffdf ffdf ffdf ffdf ffdf ffdf ffdf ffdf ffdf ffdf ffdf ffdf ffdf ffdf ffdf ffbf ffdf ffdf f79d f75d f73c 9c51 2061 93ce 82ca 8ac9 8ac9 8289 69e6 4923 3082 5208 1040 0841 0820 1041 1041 1040 1020 0820 0800 0800 0000 0000 0000 0000 0000 0000 0000 0000 0000 0000 0000 0000 0000 0000 0000 0800 61e6 ab6c b38c c3ed c40e ab8c 92c8 ab8b bc0e b3ed ab8c abac ab8c 7a88 1000 0000 0000 0000 0000 0000 0000 0000 1000 7b0a ddd4 ee15 ee36 ee16 ee36 ee37 ee16 edf6 e5d5 cd33 1000 0821 0821 0841 0820 0820 0000 0820 0000 0841 0841 1082 18a3 0020 0841 1062 0841 0820 1061 0820 0820 0800 0800 1062 0841 0820 0820 0020 0020 0800 6287 836a 49e6 0800 0020 0020 0020 0021 0821 0801 0800 0800 1020 ac91 ddf6 e5d5 e5f5 e5d5 ddd5 e5d5 e5f5 ddd5 e5f5 e5f5 e5f5 e5f6 e5f6 e5f6 e5f5 e5f5 e5f6 e5f6 e5f6 e616 e616 e616 e616 e616 e616 e616 e636 e616 e616 e616 e616 e616 e616 e5f6 e5f6 e5f5 e5f6 ddb5 d574 936c 1020 0800 0000 0800 18a2 0800 1061 0841 0820 0000 0020 0820 0800 28e2 6ae9 9c4e 8bac 3102 1020 0800 1061 0841 1061 1061 0861 0841 0820 1061 1061 0841 0820 0841 0000 0000 0000 0800 0800 1040 1020 1041 1020 1040 1061 1020 1041 1000 1020 0800 0820 1040 1020 0800 1020 0800 0800 1020 1020 0800 0800 0820 1020 0820 1020 1020 1841 1020 1020 1020 1861 1861 1881 20a1 1881 1020 1861 1881 1861 2082 1861 1882 1020 0820 0820 1041 1061 28e3 28c2 30e3 20c2 28c2 2923 1041 2904 1861 2904 1862 20c3 1882 1041 1061 3145 1061 0841 1061 18c3 2904 4a08 28e3 18a2 2904 0841 18a2 1082 18a2 1862 2904 1041 1061 1882 1061 1062 18a3 1061 1041 
ffdf ffdf ffdf ffdf ffdf ffdf ffdf ffdf ffdf ffdf ffdf ffdf ffdf ffdf ffdf ffdf ffdf ffdf ffdf ffdf ffdf ffdf ffdf ffdf ffdf ffdf ffdf ffdf ffdf ffdf ffdf ffdf ffdf ffdf ffdf ffdf ffdf ffdf f77d f75d deba bd34 5a07 a3ee 932b a34b 9b2b 92ea 7227 5144 38e3 4165 1000 1861 28c2 28e3 28c2 28c2 28a2 28a2 2081 2061 1841 1020 0820 0820 0800 0000 0000 0000 0000 0000 0000 0000 0000 0000 0800 2881 9b2a ab8b b3ac bbed c40e bbed a32a ab6b a34a 9ae9 a32a ab8c a3ad 38e3 0800 0000 0000 0000 0000 0000 0000 0800 1840 c511 e5f5 f616 ee16 ee16 ee16 ee16 e5d6 e5d5 e5b4 c533 1020 0841 1041 0820 0820 0820 0821 0821 0821 0820 0861 0841 0841 0821 0841 0820 0000 0841 0841 0820 0000 0821 0801 0821 1021 1020 20a2 3103 28e3 20a1 28e1 83cd 2903 1061 0820 0800 0000 0001 0021 0020 0020 0820 1020 7b2c ddd5 e5b5 e5f5 e5f5 e5f5 e5d5 ddd5 ddd5 e5f5 ddd5 ddd5 ddd5 e5f5 ddd5 e5d5 e5f5 e5f6 e5f6 e616 e616 e616 e616 e616 e616 e616 e616 e616 e616 e616 e616 e616 e5f6 e5f5 e5f5 e5f5 ddd5 ddd5 d573 cd12 6247 0800 0000 0000 0820 1041 0000 4a28 31a6 0820 0000 0000 0820 0000 0820 5248 acd2 83ac 20c2 0820 0841 1082 0820 0841 1082 0861 0841 0841 1061 1061 1082 0841 1082 0841 0000 0000 0800 0000 1020 1041 1041 1020 1020 1041 1041 1020 1000 1020 0800 0800 1040 1861 0800 1020 1021 0800 1020 1041 0800 0800 0820 1021 1021 1020 1041 1040 1000 1020 1020 1040 1881 1881 1861 20a2 1020 1840 20c2 1860 20a2 20a2 1861 1041 1861 0820 0800 1020 2082 28e2 28e3 3965 28c3 20a2 20a2 2904 1882 20c3 1061 1082 1882 20c3 20a2 20c3 3145 1061 1041 1882 18a3 41c7 41c7 1041 20e3 1041 1061 1082 18a2 1041 3165 1041 1061 1041 18a2 18a2 1882 1062 1882 
f7df f7df ffdf ffdf ffdf ffdf ffdf ffdf ffdf ffdf ffdf ffdf ffdf ffdf ffdf ffdf ffdf ffdf ffdf ffdf ffdf ffdf ffdf ffdf ffdf ffdf ffdf ffdf ffdf ffdf ffdf ffdf ffdf ffdf ffff ffdf ffdf f79e f79d f75c f73c acd2 ac70 9b6c a38c abac ab8c 9b2b 7a48 5124 4103 3924 28a2 30e3 30e3 30e3 30c2 30c2 30a2 2881 2061 2061 2061 2061 1841 1841 1020 0800 0800 0800 0000 0000 0000 0000 0000 0800 1000 7aa8 a38b b3cc b3ec b3ed c44e bc2e b3cd a32a 9ae9 9ae9 ab6b abad 7aaa 1000 0000 0000 0000 0000 0000 0000 0000 0800 72a9 e5d5 ee16 f637 ee37 ee17 ee16 e5d5 e5d5 e5b5 dd94 b490 1020 0820 0800 0000 0820 0820 0841 0841 0841 0820 0020 0000 0841 0841 0821 0800 0000 0841 0820 0821 0841 0821 0820 1860 49e4 8369 ac8c b4ac 9387 8306 82e7 9349 8b27 8b28 82e7 6a66 5a05 3102 0820 0820 0020 0820 0800 4165 d5b5 ddb5 ddb4 ddb4 e5b5 e5b5 e5b4 e5b4 e5d5 e5d5 e5d5 ddd5 ddd5 ddd5 e5d5 e5f5 e5f5 e5d5 e616 e616 e616 e616 e616 e616 e616 e616 e616 e616 e616 ddf6 e5f6 ddf5 e5f5 e5f5 ddd5 ddd5 ddb4 cd12 ac4f 30e2 0800 0000 0000 0000 1061 0000 0000 0020 0820 0020 0020 0000 1020 5a48 c573 d615 d636 acd1 20a2 0841 1081 1061 0841 0820 1061 1061 18c3 1061 1061 1061 1062 1062 0841 0000 0820 0000 0800 0800 1020 1040 1840 1020 1020 1861 1020 1000 1020 0800 0800 1040 1040 1020 1020 1041 0820 0820 1041 0800 1020 0820 1020 1021 1020 1020 1841 1020 1841 1020 1020 1841 2081 1861 20a2 1861 1020 2082 20a2 1861 28e3 20a2 1861 1882 1041 0800 1020 1841 20a2 28e3 20c2 3124 28e3 1882 1861 1882 1882 1882 18a2 1082 20c2 1881 20c3 41a6 18a2 1882 1082 1882 3124 4a07 1020 1882 1882 1061 1081 1061 18a2 2924 1061 1061 1041 1061 1882 1882 1082 1062 
ffdf ffdf ffdf ffdf ffdf ffdf ffdf ffdf ffdf ffdf ffdf ffdf ffdf ffdf ffdf ffdf ffdf ffdf ffdf ffdf ffdf ffdf ffdf ffdf ffdf ffdf ffdf ffdf ffdf ffdf ffdf ffdf ffff ffdf ffdf ffdf ffdf f7be f77d f77d ff9d e679 ac4f a3cd b40d bc2e b3ee a36c 8268 5144 4104 30e3 28c2 28e3 30e3 30e3 30e2 30e2 30c2 30c2 28a1 28a1 2061 2061 2041 2041 1821 1000 0800 0800 0000 0000 0000 0000 0000 0800 4944 a38c abab b3ec b3ec bc0d c42e c44f c42f bc2e bc0e bbed b3cd a3ad 30c2 1061 0841 0020 0820 0820 0800 0800 0800 3103 d574 ee16 ee37 f658 f658 ee58 ee16 e5f6 ddb4 dd94 d552 8b2a 1020 0820 0000 0820 0820 0841 0841 0020 0821 0821 0000 0821 0821 18c3 1082 0841 0000 0821 0841 1041 0020 0820 0800 5a47 bd52 c593 6aca 3964 20a1 51c4 7ae6 8306 8306 b4ae b4d0 7b2a 72e7 7b28 6267 1840 0800 0800 0821 1020 a42f ddb4 ddb4 e5b4 e5b5 dd95 e5b4 e5b4 e5d4 ddb4 ddb4 ddb4 ddd4 ddd4 e5d5 e5d5 ddd5 e5f5 e5f6 e616 e616 e616 e616 e616 e616 e636 e616 e616 e616 e616 ddf5 ddf5 ddd5 ddd5 ddd5 ddb4 d573 c4b1 8b2b 2040 0800 0800 0820 0000 0840 0000 0000 0000 0000 0000 0020 0840 1020 8bed bd73 f719 f71a bd53 6289 0800 1882 0841 0020 0861 0820 10a2 1062 18a2 0821 18a3 1062 0821 1061 0820 0820 0000 0800 0800 1041 1020 1881 1020 1020 1841 1020 1020 1000 0800 0800 0820 1020 0800 1021 1041 0820 0800 1040 1020 0820 0820 0820 1041 1020 1020 1841 1041 1020 1041 1861 1840 2081 1861 2081 2082 1840 1861 2903 28a2 3124 28e3 20a2 1861 20c3 1020 1020 1882 20a2 28c3 28e3 20c3 3965 28e3 1862 1042 1862 1882 18a2 1882 1061 1020 1041 20a3 2904 1882 18a3 1882 2944 3985 1862 1041 20a3 1041 18a2 18a3 18c3 2924 20c3 1882 1862 1061 1061 1061 1082 0820 
f7be ffdf ffdf ffdf f7be ffdf ffdf ffdf f7be ffdf ffdf ffdf ffdf ffdf ffdf ffdf ffdf ffdf ffdf ffdf ffdf ffdf ffdf ffdf ffdf ffdf ffdf ffdf ffdf ffdf ffdf ffdf f7de f7de ffde ffde ffbe ffbe f77d ffbe ff9d cdb5 ac2e b42e bc2e bc4f bc4f abac 7a87 5163 3922 30c1 30c2 30e3 30e3 30e3 30e3 30e3 3903 30c3 30a2 30a2 2882 2061 1840 1020 1040 0820 0820 0800 0800 0000 0000 0000 0800 2061 9b8c ab8b bbed c44e bc2d b40c bc4e c48f c46f c44f c44e bc0e a3ac 59c5 3124 41e7 528a 4208 2924 18a2 0840 0820 1860 b4b0 e5d5 f616 ee57 f678 ee77 ee58 ee57 e5f6 e5b5 dd53 d4f2 a3cd 1840 0820 0020 0841 0820 0821 0821 0821 0000 0821 0820 0000 1041 0800 1082 1082 0000 0040 0840 0840 0841 1061 1020 2903 732c 0800 0000 0820 1000 6266 8328 93a9 7306 49c3 0000 0000 0800 6ac8 8b89 7b29 0800 0820 0000 0800 6a69 d594 dd95 e5b4 dd93 dd93 e5d4 e5d4 e5d5 e5d4 e5d5 e5d4 dd94 ddb4 e5b4 e5b4 e5d5 ddd5 e5d5 e5f6 ddf5 de15 e616 e616 e636 e637 e637 e617 ddf5 ddf5 ddf5 e5f5 ddd5 e5f5 ddd5 ddb4 cd11 ac2e 6226 1840 0800 0000 0000 0000 0000 0820 0000 0820 0000 0800 0821 1040 0820 736b ad10 cdd3 d615 b532 62a9 1020 0840 0820 0841 0841 1082 1082 0821 0841 0020 0840 0841 0841 0821 0820 0821 0020 0000 0000 1041 1020 1841 1820 1821 1861 1020 1020 0820 1040 0800 0820 1040 1020 0820 0820 1020 0800 1020 1041 1021 1021 0000 0820 0840 1040 1861 1841 1020 1020 1841 1040 1881 1881 1841 1861 28a2 1841 20a2 28e3 28e2 3945 28e3 1041 20e3 20c2 1040 1061 1881 20a2 28e3 3104 28e4 28e3 1040 0860 18a2 1061 1081 18a2 1061 1862 0820 0800 20e3 0841 1061 1041 20e3 39a6 18a2 0820 1082 1061 1061 18a2 20e3 28e3 28e3 1041 18a2 1021 1041 1041 1882 1062 
ffdf ffdf ffdf ffdf ffdf ffdf ffdf ffdf ffdf ffdf ffdf ffdf ffdf ffdf ffdf ffdf ffdf ffdf ffdf ffdf ffdf ffdf ffdf ffdf ffdf ffdf ffdf ffdf ffdf ffdf ffdf ffdf ffff ffdf ffdf ffdf ffbe f79e ef5c ff9d f73b b4d1 ac4e bc4e c48f c48f c46f abed 82a8 5984 38c1 3902 38e3 3903 3903 3903 3903 3903 3903 30e3 30e3 30c3 30c3 2061 1840 1020 1020 0800 0800 0000 0000 0000 0000 0800 1020 7aea abed bbed c42e cc6f c46f bc0d bc2e c44e c42e bc0e bbed a38b 7aa9 1820 0800 0000 0800 18a2 4207 5aeb 738d 7b6c 8bad ddb4 e616 ee37 f677 f678 f678 ee58 ee37 e5f6 dd94 dd53 c4d0 e5f5 a44f 2061 0800 1061 0841 1061 0000 0000 0020 0840 0000 0000 0820 1061 0820 1082 0841 0821 0821 18a3 1082 0820 0820 0800 0000 1061 0861 0820 3101 6ac7 5a66 28c0 5a24 72e8 1040 0800 0800 0800 49e7 5227 0820 0841 0820 0800 3902 cd33 ddb5 e5b4 ddb4 dd93 e5b4 ddb4 ddb4 ddb4 e5d4 e5b4 e5b4 e5d5 ddd4 e5d4 e5d5 ddd4 ddd5 e5f5 ddf5 ddf5 ddf5 e5f6 e5f6 e5f6 e5f6 e5f6 ddf5 ddf5 e615 ddf5 ddd5 e5f5 ddf5 ddd4 cd12 a3cd 4123 1020 0000 0800 0000 0800 0841 0841 0820 0820 0841 0000 1062 0820 0800 41a4 93ec d5f3 d5f4 9c4e 2903 1061 1061 0821 0000 1061 1082 1061 0861 0840 0841 0861 1081 0841 0841 0821 0821 0020 0000 0800 0820 1041 1020 1841 1020 1040 1020 1020 0820 1041 0820 0820 1020 1040 0820 1020 0820 0820 0800 1041 0800 1041 0800 1041 1020 1020 1020 1841 1040 1020 1841 1040 1861 1881 1840 1861 1861 1861 2061 30e3 3965 3144 3144 1041 1061 3145 1041 20a2 1041 1881 20a2 28c3 28e3 3965 1861 1020 1041 1862 1061 1061 1882 1041 0841 0820 0841 1082 1041 0820 1061 39a6 20e3 1862 18a2 1082 1882 1062 20c3 20c3 2924 18a2 18a2 0820 1061 20e4 1061 0841 
ffdf ffdf ffdf ffdf ffdf ffdf ffdf ffdf ffdf ffdf ffdf ffdf ffdf ffdf ffdf ffdf ffdf ffdf ffdf ffdf ffdf ffdf ffdf ffdf ffdf ffdf ffdf ffdf ffdf ffdf ffdf ffff ffdf ffdf ffdf ffdf f79e f79d f79d f77c cdb5 9bcd b42e c48f c4b0 c4b0 c48f b40d 8ae9 61a4 38c1 4123 38e3 3903 3903 3903 3903 3903 3903 30c2 30e3 2881 1840 1841 1841 1820 1020 0800 0800 0800 0000 0000 0000 0800 6206 abed b3ed c44e c48f ccb0 ccb0 c44e bc2e bc0d b3cc abac ab6b 932b 30c2 0800 0000 0000 0000 0000 0000 0000 0800 51e7 cd53 e5d5 ee36 f678 f678 f698 ee78 ee57 ee37 e5d5 e594 d533 cd11 f657 e616 bcf2 2081 1061 0820 0840 0841 0820 0861 0861 0820 0820 0000 0820 0841 0841 1061 0821 0821 0841 0800 1041 0820 0020 0000 0841 0020 0820 5204 6ac7 1860 0800 30e0 7b4a 3102 0800 0800 0800 0000 0000 0820 0821 0000 0800 2081 ac70 d594 dd94 dd94 dd94 ddb4 ddb4 dd94 ddb4 ddb4 e5d4 e5d4 ddb4 e5b4 e5d4 e5d4 e5d4 ddb4 e5d5 e5d5 e5f5 e5d5 ddd5 ddd5 e5f5 ddd5 ddd5 e5f5 e5f5 e5f5 e5f5 ddd4 ddd5 ddd5 ddb4 cd32 9bad 2060 0820 0000 0800 0800 0800 1882 0000 0820 736d 0820 0820 0020 0821 0000 0820 3943 6aa8 6288 3123 1041 0841 0862 0841 1081 1061 1061 0821 0841 0841 0841 1082 1082 1061 1082 1062 0841 0841 0820 0000 0820 1861 1020 1841 1020 1041 1041 1000 0820 1041 1020 0800 1020 1020 0820 1040 0800 1020 0800 1020 0820 1020 0820 1021 1020 1020 1020 1861 1861 1020 1841 1840 1840 2082 1840 1861 1861 2081 2061 28c2 3965 3124 3986 20a2 0820 2924 28e3 20c3 1882 20c2 1882 28e3 3945 28e3 20c3 1061 1881 1061 1061 0841 18a2 1882 0820 0800 0820 1061 1041 0000 0820 2924 1882 1061 1061 1082 1041 1041 20c3 18a2 20c3 1861 2904 18a2 1061 18a3 1061 0841 
ffdf ffdf ffdf ffdf ffdf ffdf ffdf ffdf ffdf ffdf ffdf ffdf ffdf ffdf ffdf f7be ffdf ffdf ffdf ffdf ffdf ffdf ffdf ffdf ffdf ffdf ffdf ffdf ffdf ffdf ffdf ffdf ffdf ffdf ffdf ffbe f7be f79d f79d f77d c595 938d abed c48f c4af c48f c48f bc0d 9b0a 69c5 38a1 40e3 38e2 3903 30e2 3903 38e3 3903 3903 30c3 2061 2082 2882 2081 1841 1841 1020 1020 0820 0840 0840 0820 0800 4144 abcd b3cc bc2d c46f ccd0 ccd0 ccd0 ccb0 c48f c44e c44e b3cc a36c 59a6 0800 0000 0000 0000 0000 0000 0000 0800 1820 9bee ddb4 ee16 ee57 f698 ee98 ee78 ee78 ee57 ee37 e5d5 dd94 ccd1 e5d5 f657 ee36 e616 acb1 1840 0800 0841 0840 0820 0841 0841 0820 0820 0841 0841 1061 1082 0820 0820 0821 0820 0800 0000 0000 0000 0000 0800 0820 0800 5204 62a6 0820 0800 2080 7309 3103 0800 0820 0000 0020 0020 0000 0000 0000 0820 0800 51e7 d574 e5b4 e5b4 e5b4 ddb4 ddb4 ddd4 e5d4 ddd4 ddb4 ddb4 ddb4 e5d5 e5d4 e5b4 e5b4 e5d4 e5d4 ddd4 ddd4 ddb4 e5d5 e5d4 ddb4 ddb4 e5d4 e5d4 e5d5 e5d5 ddd4 ddb4 ddb4 ddd4 d594 cd33 6a89 1020 0000 0000 0800 0800 0800 1061 0800 0000 0820 0820 0020 0820 0820 0861 0820 2923 9c90 c5d5 8bce 20e3 0820 0840 1082 18a2 1061 1061 0820 0820 0820 1062 0841 10a2 1062 1061 1061 0841 0820 0821 0000 0800 1041 1020 1861 1020 1020 1041 1020 0820 1040 1020 0800 1020 1020 1020 1041 0820 1020 0820 0820 1041 1020 1041 0820 1040 0820 1020 1020 1861 1020 1040 1861 1840 20a2 1881 2081 1840 2082 20a2 28e3 28e3 4186 3124 2904 1041 1882 3124 2904 20c3 1881 2904 28e3 41a6 3965 20c2 1881 1081 1041 0820 0820 1061 1021 0841 0820 0820 1061 1041 0800 0800 1061 20c3 1061 1041 1041 1061 1041 18a2 1861 20c3 1041 1862 1041 18a3 20e4 18a3 1041 
ffdf ffdf ffdf ffdf ffdf ffdf ffdf ffdf ffdf ffdf ffdf ffdf ffdf ffdf ffdf ffdf ffdf ffdf ffdf ffdf ffdf ffdf ffdf ffdf ffff ffdf ffdf ffdf ffff ffdf ffdf ffdf ffdf ffdf ffdf ffbe ffbe f77d f7be f79d cdd6 834b 9b6b b42e c4af c4af c48f bc4e b3ac 8247 40c1 40c2 38e2 38e3 38e2 38e3 38e2 30c2 30e2 2061 2882 28a2 2081 2061 1840 1020 1020 0800 0800 0000 0000 0800 2060 9b8c abed b3ed bc4e c48f ccd0 ccd0 ccf1 ccd1 ccd1 ccb0 bc2e abac 7268 1800 0800 0820 0000 0000 0000 0000 0000 0800 51c5 cd33 ddd5 ee16 f678 f699 ee99 ee78 e657 e637 e616 ddb5 dd53 c4d1 f677 f678 ee57 e5f6 ddd5 72aa 0800 0821 0820 0841 0821 0000 0820 0020 0821 0820 0861 0020 0821 1062 0821 0841 0821 0841 0841 0000 0820 0841 0841 0800 49c3 72e7 1860 0800 3921 72e8 20c1 0800 0820 0000 0000 0801 0000 0820 0000 0800 1020 30e3 cd53 ddd5 ddb4 e5b4 ddb4 ddd4 ddd4 e5d5 ddd4 ddd4 ddd4 ddd4 ddb4 e5d4 e5d4 ddb4 ddb4 dd93 e5b4 e5b4 ddb4 ddb4 ddb4 ddb4 e5b4 e5b4 e5d4 e5b4 e5b4 e5b4 ddb4 ddb4 ddb3 d553 b490 38e3 1020 0841 0000 0820 0000 0000 0000 0000 0000 0000 0020 0000 0820 0841 0820 1881 a46f cdb4 e698 cdf6 9c6f 41a5 18c2 0861 1061 1061 0820 0841 0861 0821 1061 1061 0820 0841 1061 0841 0841 0841 0820 0000 0800 0820 1040 1041 1840 1020 1861 1020 1021 1020 1041 0800 1020 1020 0820 1041 1040 1020 0800 0800 1041 1020 1041 0800 1021 1020 1020 1020 1041 1841 1020 1861 1020 1861 2081 1881 1840 1841 28c2 28a2 28a2 41a6 3124 3965 1861 1041 28e3 28e3 1882 3965 1881 2904 3124 49e7 28e3 1861 1882 1862 0821 0841 1061 1041 1061 0820 1041 0820 0820 0820 0000 0820 18a2 1061 0841 1082 1082 0841 1061 1881 2903 20c2 1882 1041 1062 1061 1061 1041 
ffdf ffdf ffdf ffdf ffdf ffdf ffdf ffdf ffdf ffdf ffdf ffdf ffdf ffdf ffdf ffdf ffdf ffdf ffdf ffdf ffdf ffdf ffdf ffdf ffff ffdf ffdf ffff ffdf ffdf ffdf ffdf ffdf ffdf ffdf f79e ffde f79e ffbe f77d c5b6 832b 8b2b abed bc6f c490 c4b0 ccb1 c46f abac 7207 40c2 38c2 30c1 38c2 30a2 30a1 30a2 28a2 1820 2881 2861 2040 1861 1020 1000 0800 0800 0800 0800 0000 1000 6a47 a3ac b3ed bc0e c46f ccb0 ccd1 ccf1 cd11 d4f1 c4b0 c46f b3ed 934b 30a2 1000 0000 0000 0000 0000 0000 0000 0800 1840 b470 dd73 e616 ee58 ee98 ee99 ee78 ee78 ee57 e616 e5f6 dd94 cd11 ddb4 ee57 ee77 ee57 e616 ddd5 ac50 1000 0800 0800 0820 0841 0821 0841 1061 0841 0841 0820 0000 1061 0820 1061 0000 0020 0820 2902 5a68 1040 0820 0020 0800 3101 72c8 4184 2060 6aa6 6ac7 1040 0821 0821 0842 0000 0820 0820 0841 0820 0000 0800 28a1 cd74 ddb4 ddb4 ddb4 ddd4 ddd4 ddd4 ddd4 ddd4 ddb4 ddd4 ddd4 e5d4 e5d5 e5d4 e5d4 e5d4 e5d4 e5d4 e5d4 e5d4 ddb4 e5b4 ddb4 ddb4 e5b4 e5b4 ddb4 e5b4 e5b4 e5b4 dd94 dd94 bcb1 834b 2061 0800 0020 0020 0841 0820 0000 0000 0820 0820 0820 0000 0000 0820 1061 0820 3123 a4af cdb4 ff7c de78 b532 3143 1061 0841 1082 0841 0821 0821 0840 0840 1062 1082 18a3 0820 0841 1061 1062 0821 0820 0000 0000 0800 1040 1861 1841 1020 1861 1020 1020 1020 1041 0800 1020 1020 0800 1041 1041 1020 0820 0800 1021 1041 1020 1020 1020 1041 1020 1841 1040 1861 1041 1861 1861 1861 20a2 1881 1840 1861 2082 28c3 1840 3104 3124 3945 20c3 1041 1861 28e3 1882 20c3 1882 1882 2903 3965 3965 2082 1041 20e3 18c3 1061 1061 0820 0820 0840 0820 0820 0820 0820 0800 0800 1041 1882 0841 0821 1061 1061 1081 1061 2904 20c3 1061 1061 0821 1061 18a3 1061 
ffdf ffdf ffdf ffdf ffdf ffdf ffdf ffdf ffdf ffdf ffdf ffdf ffdf ffdf ffdf ffdf ffdf ffdf ffdf ffdf ffdf ffdf ffdf ffdf ffff ffff ffdf ffdf ffdf ffdf ffdf ffdf ffdf ffdf f7be f7be f79e f79d ff9d e6da acf3 5a07 8b2a a38c b40d c4b0 ccf1 d4f2 ccd1 ccb0 b40e 61c6 3060 2881 2881 2881 2861 2881 2061 1820 2041 2041 1840 1840 1020 1000 0800 0800 0820 0820 1000 30c2 932a abac b40d c46e c48f ccd1 ccf1 ccf1 d4f1 d4f1 ccb0 bc6f a3ad 59c6 1000 0820 0840 0000 0000 0000 0000 0800 1000 72ca cd53 e5d5 ee37 ee78 ee99 ee99 ee78 ee57 ee57 e5f6 e5b5 dd73 ccf1 ee36 ee57 ee77 ee57 e616 ddd5 bcd1 1000 0000 0000 0000 0000 0020 0861 0821 0820 0820 0841 0841 0820 0820 0000 0000 0000 0800 1840 6ac8 6246 3922 1020 0800 1020 6aa6 72a5 7ac5 72e6 4162 1020 1041 0820 0800 0800 0800 0821 0820 0000 0800 0800 1840 bcd1 ddb4 ddb4 ddb4 ddd4 e5d5 e5d5 e5f5 ddd4 e5d5 e5f5 e5f5 e5d5 e5f5 e5d5 e5d5 e5d4 e5d4 e5d4 e5b4 e5b4 ddb4 e5b4 ddb4 e5b4 dd93 dd94 dd94 dd94 ddb4 dd93 dd94 b491 28a1 20a2 0800 0820 0020 0841 1062 1082 0800 0820 1082 0820 1041 0841 0821 0000 0820 0820 20a1 93cc bcf0 ddf5 cdb4 a4d0 2902 1040 0840 0821 0821 0820 10a2 10a2 1081 0840 0841 0841 1061 0841 1061 0841 0820 0821 0820 0000 0800 1041 1020 1841 1040 1040 1020 1020 1020 1041 0800 0800 1020 0800 1020 1041 1020 0820 0820 0820 1041 0820 1020 1020 1020 1041 1841 1040 1040 1861 1040 1861 1861 20a2 2081 1840 1861 20a2 28e3 2061 2082 3144 3124 20c3 1041 1061 20c3 20a2 1061 3124 1861 20a2 3945 3965 41a6 1040 1041 20c3 2104 1041 0800 0820 0820 1041 0800 0821 1041 0820 0000 1040 1061 1041 0820 1061 1061 1081 1061 20c3 1882 1061 1882 1882 1041 1062 1062 
ffdf ffdf ffdf ffdf ffdf ffdf ffdf ffdf ffdf ffdf ffdf ffdf ffdf ffdf ffdf ffdf ffdf ffdf ffdf ffdf ffdf ffdf ffdf ffdf ffff ffff ffff ffdf ffdf ffff ffdf ffff ffff ffff ffbe ffbe f77d f79d ef3c d638 7b8d 28a2 834b 8b2a abed c48f ccf1 d512 dd33 dd33 ccb1 a38d 2840 2040 2040 2061 2061 2041 1840 1820 1820 1840 1020 1020 0800 0800 1020 1020 1040 0800 1820 7268 9b2a ab8b bc2e c48f c4d0 ccf1 cd11 cd11 cd12 ccf1 cc8f b40e 8b2b 2020 0800 0000 0000 0820 0800 0000 0000 0800 4944 c4d1 ddb4 ee36 ee57 ee78 ee78 ee58 e657 ee37 e637 e5f6 e5b5 cd12 d533 ee16 ee57 ee57 ee37 ee17 ddb5 b471 1000 0000 0000 0000 0000 0820 0821 0841 1082 0840 0820 0820 0000 0800 0821 0000 0000 0800 0800 1860 6a86 93aa 8349 72a7 6244 8307 7ae6 7ae6 7ae8 28a1 1041 0800 1880 49e5 7b29 2080 0820 0000 0000 0000 0820 1020 836c cd73 e5d5 ddd5 e5d5 e5d5 e5d5 e5f5 e5d5 e5f5 e5f5 e5f5 e5f5 e5f5 e5f5 e5f5 ddf4 ddd4 e5d4 e5d5 e5b4 e5b4 ddb4 ddb4 dd93 dd93 ddd4 ddb4 dd93 dd93 dd73 d553 6a89 0800 0800 0800 0820 0000 0000 1062 1062 0820 0840 0840 0800 62cb 18c3 1061 0000 0820 0820 0800 49a4 9c0d cdb4 b4f1 5a67 20e2 1061 0821 0820 0820 0840 0840 1061 1061 1061 2924 1882 0820 1061 1061 0820 0820 0841 0821 0000 0800 1040 1020 1040 1861 1020 1041 1000 1040 1041 0820 1020 1020 0820 1020 1041 0820 1040 0800 0820 1020 1020 1021 1021 1021 1041 1020 1040 1040 1861 1020 1841 1861 20a1 1861 1860 1861 28c2 28a2 3924 20a2 3104 3144 2903 1882 1041 1882 1882 1041 1041 3145 1020 2924 3124 3965 3124 1862 1041 20c3 20e3 1862 0820 0820 1041 0821 0820 1041 0821 0800 0820 1041 1061 0821 1041 1062 18a2 1041 2904 1861 1882 1882 1062 0841 0841 0841 