2af0 2b11 2b31 3331 2b11 3331 3331 3331 3311 3311 3331 3311 3312 3312 3332 3332 2b31 2b31 2b51 2b31 3331 3312 3312 3311 32f1 32f1 3312 3312 32f2 3312 2af2 2b11 2b11 2311 2b11 2b11 2b11 2b11 2b11 2b11 2af0 2af0 2af1 2b11 2af1 2af1 2af1 2b11 2b10 2b10 2b10 2b10 2b11 2b11 2b11 2b11 2af1 2af1 2b11 2af1 2af1 2b11 2b11 2b11 2b10 2b10 2b31 2b31 2b11 2b11 2b31 2b31 2b11 2b11 2b11 3331 3311 3311 3312 3331 2b11 2b10 2b31 2b31 2b11 2b11 3331 3331 2b11 2b11 3331 3331 3311 3b11 3af0 53b3 3b10 4392 3330 3330 3311 3311 3b32 3332 3311 3311 3331 3331 3311 3312 3332 3332 2b31 2b31 2b31 3332 3311 3331 3332 3332 2b11 2b31 3332 3331 3332 3311 3332 3311 2b11 2b11 3331 3331 3331 3311 3311 3332 3312 3311 3332 3312 3312 3312 3332 3332 2b31 2b31 2b52 3332 2b32 3332 3332 3332 3311 3311 3332 3332 3332 3332 3312 3332 2b11 3331 3331 3331 3332 3332 3332 3332 3312 3332 3332 3332 3332 3332 3b32 3b32 3311 3311 3332 3312 3332 3312 3332 3332 2b11 2b11 3332 3331 3331 3311 3311 3331 2b11 2b10 3351 4371 3b51 3b32 3331 3332 3331 3311 3331 3311 3331 3311 5bf4 4351 4b71 53b2 4b50 63f3 4b30 6413 4b50 63f3 5371 5371 5bb2 4b30 6c14 42ef 6c34 5351 5bd2 5391 4b50 6413 430f 5bd2 6c33 6c33 6c13 6c33 6c33 6c33 6c32 6c32 6c53 6c33 6453 6433 6432 6c53 430f 6c34 4b30 63d3 5b92 4b50 63f3 430f 6413 4b30 63f3 4b71 53b2 5391 4b70 5bd2 4310 5c14 3af0 53b3 3b10 4351 4b72 3b10 5bf4 4310 6414 4b30 5bd2 4b50 5bd2 5bb1 5371 63f3 4b10 6c34 430f 6413 6c33 6c33 6c33 6c33 6c33 6c33 6432 6432 6452 5bf2 5391 5bb2 5391 63d2 4b50 5bd2 5b91 5bd2 4b72 3af1 3332 3332 2b11 2b31 2b31 2b32 2b32 2b32 2b12 3332 2b11 2b11 2b12 2b12 2b12 2b12 3332 3332 
2b11 2b11 3310 32f0 32f0 3af0 3af0 3af0 3af0 3af0 3b10 32f0 3b10 3b10 3b10 3b10 3b10 3af0 3311 32f0 32f0 32f0 3310 3310 3310 3311 3330 3310 3b31 3b30 3b11 3b11 3311 3b11 3b10 3b10 3b10 3b10 3310 3310 3310 3310 3310 3310 3310 3311 32f1 3311 3311 3b10 3310 3b11 3311 3311 3311 3311 3311 3311 3310 3310 3311 3311 3311 3311 3310 3310 32f0 32f0 32f0 3b11 3311 3311 3331 3331 3311 3311 3311 3311 3311 32f0 3310 3310 3310 3310 3311 32f0 32f0 32d0 3310 3310 3b10 4b52 4b51 4b72 4330 4351 4351 3b10 3310 3310 3311 32f1 2b10 3310 3310 3310 3310 3310 3310 3311 2b11 2b11 2b11 3311 2b11 2b11 3311 32f1 32f0 3af0 32f0 32f0 32f0 32f0 32f0 32f0 32f0 32f0 32f0 32f0 32f0 32f0 3310 32f0 2b10 2b10 3331 2b11 2b10 3310 32f0 3310 3310 3310 3310 3310 3310 3310 32f0 3310 3310 3310 3310 32f0 32f0 32f0 32f0 32f1 32f0 32f0 32f0 3310 32f0 3311 3311 3af1 3b11 3b11 32f1 3311 3311 3b11 3311 3311 3331 3310 3310 3b30 3311 3310 3310 3310 3310 3310 3311 32f0 3310 32ef 3b30 4372 3b10 3310 32f0 3b31 5bf4 3b10 6435 4352 3b31 3b31 4372 4bb3 3311 4bd4 3310 53f4 4331 5bd2 4b71 5391 5bd2 430f 6c34 42ef 6413 4b30 5bb2 5392 5351 63f3 430f 6c54 430f 63f3 5371 5370 6413 430f 6413 5370 6c33 6c33 6c33 6c33 6c33 6c33 6c32 6c33 6c33 6c33 6c33 6c33 6c32 6432 6c33 430f 63f3 5b91 5371 63d2 4b30 6c14 42ef 6414 430f 5bd2 5371 4b51 5bb2 4b30 5bf3 3acf 53d3 3b31 3b51 3b51 3310 4b92 3af0 6414 42ef 6414 4b30 5bd2 5351 5391 5bd3 4b30 6413 42ef 6c33 6c33 6c32 6c32 6c33 6c33 6c33 6c33 6c33 6c33 6c33 6413 5bd2 5371 63f2 4b30 63f3 5351 5bf3 4b71 3b31 3310 2b11 2b11 2b11 2b12 2b11 2b11 2b12 2b12 2af1 2af1 2b11 2b11 2b11 2b11 2b11 2b12 2b11 2b11 
3310 3310 222c 1148 1147 1147 1947 1947 1947 1947 1948 1948 1947 1947 1947 1968 1968 1968 324c 21aa 1968 1948 1947 1968 2a2b 326c 1148 1948 1968 1968 1968 1168 328e 32ae 1989 1968 1948 1948 1168 3a8d 21ea 1148 1148 1148 1168 324c 326d 1148 1947 1947 1947 1947 1147 1147 1967 1147 1947 1947 1947 1947 1947 1947 1947 1947 1947 1947 1947 1947 1947 1947 1168 328d 3b31 3331 3332 3b11 222c 1168 1147 1947 1947 1947 1947 1947 1947 1947 21a9 29c9 1167 1947 1947 1947 2167 2167 2167 29a8 324b 1948 1968 1147 1148 2a2c 42cf 1989 1948 1949 1969 198a 3b11 3b32 3331 3332 3332 3332 3331 3311 3b10 1189 1168 1948 1948 1948 1948 1948 1947 1947 1147 1947 1947 1947 1947 1967 1947 1967 1988 1189 2a4d 3b10 32cf 118a 1969 1969 1968 1968 1968 1968 1968 1968 1968 1968 1968 1968 1968 1968 1968 1967 1947 1947 1967 1967 1947 1948 1967 1967 1968 1968 1988 1988 1988 324c 1989 1968 1968 1968 1968 1968 1968 1968 21c9 29ea 1968 1968 1968 1969 42cf 322c 1948 1948 1968 1989 220b 32cf 3b31 4372 4310 6414 3af0 6414 3af0 4b93 4372 3b11 3b31 32f0 4b93 3af0 53d3 4b71 5392 5b92 4b50 63f3 430f 6c34 42ef 6413 5371 5371 5bb2 4b30 6c13 430f 6413 5371 5b92 5bb2 4b30 6413 4b0f 6c33 6c33 6c53 6c33 6c33 6c53 6c33 6c33 6c33 6c33 6c33 6c33 6c33 6c32 6c32 5bf2 5bf2 4b50 5bb1 5bb2 4b50 63f3 430f 6414 42ef 6413 4b30 5bb2 5371 5371 5bb2 42f0 5bf4 32f0 3b32 3331 3331 3331 32f1 53d3 3b10 6413 42ef 63f3 4b50 5bb2 5bb2 4b50 6413 430f 6c33 5bd2 6c33 6c32 6c33 6c33 6c33 6c33 6c33 6c33 6c33 6433 5bd1 5391 63f3 4b50 6c13 4b50 6413 4b50 53b2 4372 3331 3331 3332 3332 3332 3332 3332 3332 3332 2b12 2b12 3332 2b32 2b12 2b12 2b12 2b12 2b32 2b32 
3311 3af0 21a9 0884 3a09 4208 39e8 39e8 39e8 39e8 39e8 39e8 31a7 1062 2945 31a7 2986 0063 322a 1106 18e4 39e8 39c8 10a3 2146 10e5 0882 39c7 39c7 39c7 31c7 08c3 1926 3a4b 08c4 31a7 31c7 2986 0063 3a4b 2187 1946 39e8 39e7 08a3 2146 1925 0083 39e8 4208 3a08 3a08 3a08 3a08 2986 10a3 4208 4208 3a08 4208 4208 4208 4208 39e8 39c8 0882 0841 2125 39c7 31a8 0083 322b 3b30 3311 3311 3b10 1989 08c4 3a08 3a08 3a08 3a08 39e8 39e8 39c7 2125 0862 0882 2946 31c7 39e8 39e8 39e8 39c8 31a7 1083 10a3 2104 3a08 39e8 0883 2168 426b 08a4 31c8 39e8 2967 08c5 42f0 3b11 3311 2b11 2b11 2b11 2b11 3311 3aef 00a5 2146 3a08 3a08 3a08 3a08 3a08 39e8 39e8 39e8 2124 10a3 3a08 39e8 39e8 39e8 39e8 39c8 10c4 1967 322b 3a8c 00a4 31c8 4229 4229 4249 4229 4229 4208 39c7 0882 0882 39c7 4208 4208 4208 4208 39e8 39e8 39e7 0882 0061 1904 3a08 4208 4208 3a08 3a08 39e7 39c7 10a3 0882 0862 31a7 39c7 39e8 39c8 41e8 39e8 3187 10a3 08a3 31c7 3a08 29a7 0063 4aac 31e9 1905 39e8 39e8 10e4 1947 5370 4b71 4b50 5bd3 4b10 6414 42ef 5bf3 4351 4b72 4b92 3b10 5c14 3aef 5bf3 4b51 5bd3 5371 5371 63d3 4b30 6c14 42ef 6413 4b30 5bb2 5b92 5351 63f3 4b30 63f3 4b50 5bb2 5391 4b71 63f3 4b50 63f3 5370 6412 6c33 6c33 6c33 6c33 6c33 6c33 6c33 6c33 6c33 6c33 6c33 6c33 6c33 6412 4b70 5bd2 5391 5371 5bd2 4b50 63f3 42ef 6c13 430f 5bd2 4b51 5371 5392 4b51 5bd3 3ad0 4393 3b32 3331 3332 3311 3311 3b10 5bf4 430f 6413 430f 63f3 5371 5391 5bd2 4b50 6413 430f 6413 6c53 6c33 6c33 6c33 6c33 6c33 6c33 6c53 6c33 6433 6433 63d2 4b50 6c13 4b0f 6c34 4b30 5bf3 4b72 3311 3311 2b11 3312 2b12 2b12 2b11 2b11 2b11 2b11 2b11 2b11 2b11 2b11 2b11 2b11 2b11 2b11 2b11 2b11 
3331 3b10 19a9 2146 ef9e ffde ffde ffdf ffdf ffdf ffdf ffdf e71c 10a3 a534 f7be d6bb 08a3 3a2b 1126 5aec ffdf f7bf 39e8 0862 0862 2145 ef9d ffdf ffde f7be 4229 0862 10a3 10a3 defc ffdf bdd7 0882 1905 10e4 7c11 ffdf f79e 2986 0862 0862 18c3 f7be ffde ffdf ffdf ffdf ffdf ad55 1903 ef7d ffdf ffdf ffdf ffdf ffdf ffdf ffdf ef5d 18c3 0841 9492 ffdf ef7e 1105 2a2c 3b10 3331 3331 3b30 21a9 2166 ffdf ffdf ffdf f7df ffdf ffdf ffde 8410 0841 0861 b595 ffbe ffde ffde f7be ffbf defb 10a2 0862 632d ffdf f7be 31c7 0882 08a3 18e4 e73c f7df 8cb3 08c5 4310 3311 3331 3331 3332 3332 2b32 3311 42ef 00a5 8472 ffdf ffff ffdf ffff ffdf ffdf ffde f7be 7bcf 39c7 ffdf ffdf ffdf ffdf ffdf ffde 39c7 0862 08c4 424a 0883 ce59 ffdf ffff ffdf ffdf ffdf ffdf dedb 1082 10a2 d69a ffff ffdf ffdf f7df f7df f7de ef9d 2965 0861 632c ffdf ffdf ffbf ffdf f7be f7bf f79e 31a7 0862 2125 ef5d ffdf ffdf ffdf ffdf ffdf b5b7 10a3 1082 ce59 ffdf c659 0882 10e4 1904 52cb ffff ffdf 4a4a 29c9 532f 5b91 5b92 5351 63f3 4b50 63f3 4b51 5bb3 5372 5372 5bd3 4310 63f4 4b31 5bd3 5371 5b92 5bb2 5351 63f3 4b30 6413 4b10 63d3 5bb2 5371 5bb2 5350 63d3 5351 5bb2 5391 5371 5bb2 5371 5bd2 5350 5bd2 6c33 6c33 6c33 6c53 6c53 6c33 6c33 6c33 6c33 6413 6c32 6c32 6c33 6413 6433 63f3 5391 5391 5bb2 4b50 63d3 4b10 6c14 430f 63f3 4b50 5b92 5392 5351 5392 4310 4b72 3b52 3332 3331 3331 3332 3311 4b93 4330 63f3 4b30 63f3 5351 5bb2 5bb2 5371 63f3 4b30 6413 4b50 6413 6c33 6c33 6c33 6c33 6c33 6433 6c33 6c33 6c33 5bd1 5391 6c34 4b10 6c34 4b30 6413 4b91 3af0 3331 3331 3311 3331 2b11 2b11 2b31 2b31 2b11 2b11 2b11 2b11 2b11 2b11 2b11 2b11 2b11 2b11 2b12 2b12 
3311 32f0 1989 2146 ef9e ffff 8c51 4228 4228 4228 4208 4208 39c7 0841 a534 ffff defb 08a3 3a4a 1926 5aec ffff ffdf 4208 0841 52ab defb ffde 73ae 6b4c ffdf ce79 6b4d 0841 1082 e71c ffff ef7d bdd7 1082 0882 7bf0 ffff f79e 3186 0861 62eb deda ffde 738d 4248 4228 4228 4208 2966 18c3 ef7d ffdf 9cd2 4a49 4a49 4a49 4a49 4a49 4208 0862 0841 94b2 ffff ef9e 1105 2a2b 3310 3311 3311 32f0 1988 08a4 4a8a 528a d699 ffdf ef7d 528a 4208 2104 0820 ad34 f79d ce38 5269 52aa 52aa 94b2 f7be ce58 2124 632c ffff ffde c638 5acb 1082 18e3 ef5d ffff 94b3 08c5 3aef 3311 3331 3331 3331 3331 2b31 3331 42ef 00a5 8472 ffff ef3c 5289 4a48 4a28 4a28 4a29 4228 2945 39c7 ffdf ffdf 7bef 4a48 528a f77d bdf7 632c 0841 0862 0842 39c7 4a49 8c71 ffff ffdf 7bcf 4228 39c8 0882 0882 4228 4a69 73ce ffde ffdf 9492 4228 4228 1082 1082 2125 4a6a 52aa f79d ffde ce59 4229 4208 10a2 2125 dedb ffde 8410 5269 5289 5289 c638 ef5d ad75 1082 ce59 ffdf ef5d b5b6 2104 10a2 5acb ffff ffdf 4a4a 2188 6391 5b91 5b91 63d2 5371 63f3 5371 5bd2 5371 5b92 5bb2 4b51 63d3 4b30 5bf3 5371 5bb2 5391 5391 5bd2 5350 63f3 4b50 63d3 5371 5bb1 5b91 5391 5bb2 5391 5bd2 5391 5bb2 5b92 5b92 5bb2 5391 5391 5391 6413 5bd1 6412 6c33 6c33 6c33 6c33 6c33 6c33 6c33 6c33 6c33 6c33 6433 6c33 6c33 5bd2 5bb2 5391 5bb2 4b30 63f3 4b10 63f3 4b30 5bb2 5371 5351 5392 4b51 5393 4331 3b31 3332 3331 3331 3331 3331 3b31 5bf3 4b30 63f3 5371 5bb2 5391 5391 5bd2 5351 63f3 5371 63f2 5371 63f2 6c33 6c33 6c33 6c32 6c53 6c53 6c33 6c33 6c33 6413 4b50 6c34 4b10 6c14 4b71 5bf3 4b72 3311 3332 3331 3331 2b11 2b31 3331 3331 2b31 2b11 2b11 2b31 2b11 2b11 2b11 2b11 2b11 2b11 2b12 2b12 
3b31 3b10 21a9 2147 f7bf ffdf 632c 0841 0861 0861 0861 0841 0020 0020 a534 ffff dedb 1083 1904 10c4 5aec ffff ffff 4228 39a6 ad54 ffdf 7bce 18e3 10a2 6b4d e75d bdf7 528a 1082 e71c ffff ffff ffbe bdb7 5269 7bef ffff f7be 3186 4208 a534 ffdf 738e 2104 0841 0841 0841 0841 0841 18c4 ef7d ffff 7bae 1082 1082 1082 1082 0882 0882 0883 0862 94b3 ffff ef9e 1105 2a0b 3310 3331 3311 3310 19ca 08e6 08c4 0042 c638 ffff ef5d 1904 10a3 10a3 0841 c638 ffdf b5b6 0861 10c3 1082 634d ffff ffff 3185 6b4d ffff ffff ffdf d69a a514 18e4 ef5d ffff 8c92 00a4 3aef 3311 3311 3311 3311 3311 2b11 3311 3af0 00c6 8472 ffff e71c 18c3 1082 1082 1082 1082 1082 1082 39e8 ffff ffff 52aa 0862 1062 4a49 ef5e d69a 6b8e 0042 10c4 10e5 0862 6b6d ffff ffdf 528a 08a4 1106 0906 1127 1126 08c4 4249 ffdf ffff 6b8e 08a3 1105 1106 1126 1126 10e4 10c3 ef9d ffff bdf7 0862 10a3 0882 2966 f7be ffdf 630c 1082 10c3 10a3 b5b6 ffdf d6db 10a2 ce59 ffdf ffdf ffde c617 6b2c 5acb ffdf ffff 4a4a 2988 5b50 5b91 5b91 5371 63d2 5b91 5b91 5bb1 5b92 5391 5392 5bb2 5371 5392 5391 5b92 5391 5371 5391 5371 5bb1 5371 5bb2 5391 5b91 63f2 63f2 63f2 63d2 5b91 5bb2 5391 5bb2 5392 5371 5bb2 5371 5bb2 5370 5391 6412 6c33 6c33 6c33 6c33 6c33 6c33 6c33 6c33 6c33 6c33 6433 6433 6c53 6c33 6413 6413 63f2 5371 5bd2 5371 63f3 4b50 5bb2 5351 5392 5392 4b51 5392 4351 3b31 3311 3311 2b11 2b11 3311 3311 4b72 4351 63f3 5351 5bb2 53b2 5391 5bb2 5391 5bd2 5371 5bd2 5371 5bd2 6412 6c33 6c33 6c33 6c33 6c33 6c33 6c33 6c33 5bd2 5370 6413 4b30 6413 4b50 63f3 5392 4310 3b11 43b3 3311 2b11 2b11 2b11 2b11 2b11 2b11 2b11 2b11 2b11 2b12 2b12 2b12 2b11 2b11 2b11 2b12 2b12 
3b12 3b11 21ca 2167 f7bf ffff 94b2 5aeb 5aeb 5b0c 5aec 3186 0882 0021 a534 ffdf e71c 4a28 1082 2966 7bef ffff ffdf 4228 630b ffdf ffff 3186 0040 0020 0881 defb ffdf a514 1082 e73c ffff ffff ffde ffdf 9cf3 94b2 ffdf f7be 3166 8431 ffdf ffde 2104 1062 31a6 5aeb 5aeb 5aeb 39e7 18c3 f79e ffff a4f4 630c 630b 6b2c 632c 4228 10e4 4aac 10a4 94b3 ffff ef9e 1105 2a0b 3b10 3331 2b11 32f1 32f0 3ace 3a8b 0063 c639 ffdf ef3d 2105 3a4a 52cc 0862 ce59 ffff b5b7 10a3 5aec 3187 630d ffff fffe 3185 6b4c ffff ffff ffff ffff df3c 52aa ef9d ffff 8c92 00a3 3aef 3310 3331 3331 3332 3312 3332 3311 3aef 00a5 8472 ffff ef7d 6b4d 5b0b 630c 5aeb 630b 2124 10c3 39e8 ffff ffff 52ab 2926 2946 0862 e75c ffdf b5b6 0083 42ac 4acd 1106 6b8e ffff ffdf 4a6a 1947 42ee 3aef 3b0f 430f 1988 4a8a ffff ffdf 6b8e 1105 42ee 3ace 3b10 42ef 3a4b 10c4 ef9e ffdf b5b6 0062 4aac 31c8 2986 f7be ffdf 630d 2146 530d 2187 ad76 f7bf debb 10a2 ce58 ffde fffe ffde ffdf a534 840f ffff ffff 4269 2187 5b50 63b2 5b92 6371 6bd2 6390 6bd1 5b70 63b2 5b91 5b92 5bb2 5350 5bb2 5371 5b92 5371 5b92 5b92 5371 5bb2 5391 5bb2 5371 63f3 6412 6412 63f2 5350 6413 4b50 5bd2 5391 5391 5bb2 4b50 5bd2 4b30 63f3 5391 6c33 6c33 6c33 6c33 6c33 6c33 6c33 6c32 6c33 6c33 6c33 6c33 6c33 6c33 6c32 6c33 6c33 6c33 6412 6c33 63f2 5371 5bd2 5371 5371 5371 5372 5371 4b52 4331 3b31 3311 3331 3332 3332 3332 3331 4372 53d3 4b71 5392 5391 5392 5bb2 5392 5391 5bb2 5bb2 5bb2 5bb1 5bd2 6433 6c53 6c32 6c53 6c53 6c33 6c33 6c33 6c33 6c13 63f2 5370 63f3 5351 6413 5371 5bf3 5392 3310 3311 3331 2b32 3332 3332 3332 3332 3332 3332 2b12 2b12 2b12 2b12 3332 3332 3331 2b31 2b31 2b11 
330f 3b2f 21c8 29a7 f7df ffff ef7d ef5d e73c ef3c ef7d 7bcf 10a3 0841 a514 ffdf f7de df1b 4248 a554 f7be f7df e73c 4248 5aca ffde ffff 6b6d 4a49 4a49 5249 e73c f7de 9d33 08a1 df3c ffff ce99 a554 ffff ffde ffbe ffff f7be 3186 8410 ffdf f7de 1903 0881 73ae df1b f7be ffff a534 18e3 ef7d ffde ef7d ef5d ef5d ef5d f77e 94d4 08e4 4acc 08c4 94d3 ffff ef9e 1926 2a2c 32ef 2af0 2af1 2b11 3311 3af0 3a6d 0084 be38 f7fe e75c 1924 428b 5b4f 0882 ce79 ffdf b5b6 10c3 5b2e 2987 5b0d ffdf ffff 3185 636c ffff f7de 9491 ef5d ffdf ffdf ffdf ffdf 8c92 0084 3acf 32f1 3311 3311 2b11 2311 2b31 3310 3b0f 00c5 8c72 ffff f7be e73c ef5d ef7d ef5e ef7e 4a29 18a3 39e7 fffe ffff 52ab 2967 39e9 0862 ef5d ffdf ad96 0084 42ce 42ef 1107 6b8f ffff f7fe 4269 1167 32ee 3310 3311 3b10 19a9 426a ffdf ffff 6b8f 1106 430f 3310 3331 32ef 2a4b 10e4 ef9e ffff b5b7 0083 4acd 29c8 2986 f7be ffdf 5b0d 2147 530e 2167 a575 f7de d6fb 10a2 ce79 ffdf dedb b596 f79e ffbe ffde ffff ffdf 4a49 2987 6bd1 5b70 5b90 6bf2 5b4f 7c32 5b2f 7412 6391 5b91 63d2 5b91 6c33 5b91 6c33 5bb1 6413 5bb1 5bf1 6412 5390 6c53 5370 6c33 6412 63f2 6412 5bd1 6c13 42cf 6414 4b30 5bb2 5391 4b50 6413 432f 6c33 430f 6c33 6c33 6c32 6c32 6c33 6c33 6c33 6c33 6c33 6c53 6432 6432 6c52 6c53 6c32 6c33 6c33 5bb1 5370 5391 5371 4b50 63f3 4b30 5b92 4b72 4371 4371 4391 3b51 4351 3b31 3b31 3332 3311 3311 3311 3b31 4352 4b72 5b92 5b91 5391 5391 53b1 53b1 5bd2 5391 5bb2 5391 5b91 5371 5bb1 6413 6c53 6c33 6c33 6c53 6432 6432 6433 6413 53b1 63f2 5391 63f3 5371 5bb2 5391 4b71 4b92 3311 3311 3312 2af1 2b11 2b11 2b11 2b11 2b11 2b11 2b12 2b11 2b11 2b12 2b12 2b12 2b12 2b11 2b11 
53d3 4b50 21c9 2987 f7df ffdf 738e 10a2 10a2 10a2 10c3 0882 1082 0862 10a3 a535 ffdf ffdf ffdf ffff ffdf d6ba 0881 1081 5aeb ffdf ffff ffff ffff ffdf ffff ffdf ffdf a534 10a2 e71c ffff 9492 2103 9cf3 ffde ffff ffff f7be 2965 7bef ffdf ffbe 18c3 0861 1082 10a2 ce59 ffdf a534 18c3 ef7d ffdf 7bef 1082 10a2 10a2 10a2 08a3 10e5 52cd 10a3 94b3 ffff ef9e 1926 320a 42cf 3aef 3aef 3aef 3aef 3ace 3a6b 0083 c658 ffde ef5c 2124 426a 5b0d 0061 ce59 ffdf b5d7 08a3 4a8b 2986 5b0c ffff ffff 31a6 6b6d ffff f79d 2924 5aca e73c ffff ffff ffff 8c92 0084 3aee 3310 3311 3331 3332 3331 3332 3311 3aef 00a5 8472 ffdf e73c 2124 10c2 18e3 18c3 18e3 10a2 10a2 39c7 ffff ffff 52ab 2967 31a8 0862 ef5d ffdf ad96 0083 42ac 4aee 10e6 73af ffff ffdf 4a6a 1927 42ce 3aef 3b10 4310 19a9 428a ffff ffff 6b6e 0906 430f 3310 3b10 430f 324b 10e4 ef9e ffff b5d7 0883 4acc 31e8 2986 f7be ffdf 5b0c 2966 5b0d 2167 a555 ffdf dedb 18c3 ce79 ffff c618 18e3 9cd3 ffde fffe ffff ffff 4a69 29c8 530e 6bd2 63b1 5b6f 7412 530d 7c32 530e 6bb1 63b0 5b90 6c12 6c12 6c33 6412 6432 6c32 6c12 6c32 6412 6412 6c32 6c33 6412 6c12 63f2 5bb1 6413 4b50 6c33 42ef 6413 4b50 5391 5bd2 4b30 6c34 42ef 6c33 6c33 6c53 6c32 6c32 6c33 6c33 6c33 6c33 6c33 6c33 6c53 6c53 6c32 6c33 6412 6c33 5bd1 5391 5391 5391 4b30 6413 4b30 63f3 4b51 4b51 4330 4b51 4b71 4351 4331 3311 3331 3332 3332 3332 3352 3311 4352 4351 5392 5371 53b1 5391 5bb2 5bb2 5371 5bb2 5371 5bd2 5351 5bb2 5391 5bb1 6412 6c33 6c53 6c53 6c33 6c33 6c33 6c33 6412 6c33 63f2 63f2 5bd2 5b92 5bd2 53b2 3b30 3331 3312 3332 2b32 2b32 3331 2b31 2b32 3332 2b12 2b12 3332 3332 2b12 2b12 2b32 2b11 2b11 2b11 
4b72 4b30 21a9 2987 f7df ffdf 632c 1082 0861 0861 0881 0881 0882 0882 0861 31c7 9cf3 ffdf ffde ffde ce58 2965 0861 0862 5aeb ffdf ffdf 630c 31a6 31a6 31a6 defb ffff a534 10a2 e71c ffdf 94b2 0841 2104 9cd2 ffde ffff f7be 2945 2104 840f ffde d699 5aeb 0861 1082 c638 ffdf a514 18c3 ef7d ffff 7bcf 0841 0861 0861 0862 0862 0863 1083 0882 94b3 ffff f79d 2124 0883 0883 0884 08a4 08a4 08a4 10c4 10a3 0862 c638 ffdf ef5d 2104 0882 0882 0021 ce59 ffdf b5b6 10a2 10c3 10a3 630c ffff ffde 31a6 6b6d ffff f79e 2124 0861 634c ef7d ffde ffdf 8c92 00a4 3aef 32f0 3311 2b11 2b12 2b12 2b12 3311 3aef 00a5 8c72 ffff e73c 18c2 0861 0861 0861 1081 1082 10a2 39e7 ffff ffff 52aa 0882 2104 7c0f f79d b595 528a 0042 0863 0062 0862 73ae ffdf ffde 4a49 0042 08a4 00c5 326c 42ef 1988 4a6a ffdf ffff 6b6e 0906 430f 42ef 0927 0906 10c4 18e4 f79e ffff b5d6 0861 0882 0882 2986 f7be ffdf 630b 1082 0882 0862 a535 ffdf deda 10a2 ce79 ffff c617 1081 18e3 ad75 ffde ffff ffff 4a4a 2167 7413 5350 63b1 6bf1 634f 7bf1 7bf1 7bf1 73f1 7411 7411 6c11 6c32 6c32 6c32 6c32 6c32 6c32 6c32 6c32 6c32 6c32 6c12 6c32 6412 6412 63f2 5391 6c13 4b50 63f3 4b50 5bb2 5392 5371 63f3 430f 6c33 6c33 6c33 6c33 6c33 6c33 6c33 6c33 6c33 6c33 6c53 6c33 6c33 6c53 6412 5bd1 63f2 6c33 5bb1 5bb2 5371 4b71 5bd2 42ef 6c14 4b30 5392 4b51 4b92 4331 4b51 4351 4332 4372 3331 3332 3332 3332 3b93 3b52 3b31 53b3 4b30 5bd2 4b71 5bd2 5391 5391 5bd2 5371 63f3 4b50 63f3 5371 5bd2 5bb2 5bb1 6c53 6c33 6c33 6c33 6c33 6c33 6c33 6c33 6c53 6c53 63f2 5bb1 5bd2 5bb2 4b92 3b51 3311 3331 2b11 2b11 2b11 2b32 2b11 3312 2b11 2b11 2b11 2b11 2b11 2b12 2b12 2b11 2b11 2b11 2b11 
4372 4310 21a9 29a8 f7df ffff bdd7 94b2 94b3 94b3 94d2 94b3 8c72 18e4 18e4 10a3 4229 a534 ffde ad75 5b0c 0021 2146 10c4 5acb ffdf ffff 4228 10c3 1904 0882 d6db ffff a534 10a2 e71c ffff 94b2 0841 0862 2945 b5b7 ffdf f79e 2945 0841 31a6 8c71 ffde b5d6 8c71 8c51 defb ffde a534 18c3 ef7d ffdf c638 94b2 9492 94b2 9492 9492 8c71 18e4 0862 94b2 ffff f7df 9cf4 94b3 94b2 9492 9492 4208 1082 31a7 8c71 8c71 e71c ffff f79e 94b2 8430 5acb 0020 5aeb bdf7 defb 9491 9492 8c71 b596 ef5c 9cd2 2124 6b4d ffff f79e 2145 10a3 0882 5aeb ef9d ffff 8c72 08c5 3b0f 3310 3311 3312 3332 3332 2b12 3311 3acf 00a5 8c72 ffdf f79d 9cd2 9491 9491 9491 94b1 9492 5acb 39e7 ffff ffff b5b6 94d2 a534 f7be a514 528a 0862 0862 0862 7bef 9492 c638 ffde fffe ad54 8c51 6b6e 0063 322b 42ce 1968 428a ffdf ffff 6b8e 08e6 42ee 42ce 00c6 4aab 9493 9cd3 f7df ffff defb 8c71 8c51 2966 18e4 8430 ef7d b596 8c71 8c71 8c51 d69a dedb 8430 10a2 ce79 ffff be17 10a2 18e3 31a6 8c71 ffff ffff 4a6a 31c9 5b50 63b1 6390 638f 73d0 7bf0 7bd0 7bf0 7bf0 7c10 7411 7431 6c32 6c32 6c52 6c32 6c32 6c32 6c32 6c32 6c32 6c32 6c12 6412 63f2 63d2 5bb2 5bb1 5b91 5bb2 5371 5bb2 5b92 5391 5392 5371 5bd2 5391 6c33 6c53 6c33 6c33 6c32 6c33 6c33 6c33 6c33 6c33 6c53 6c33 6c33 63f2 5bd1 6c33 6413 6413 4b50 5391 53b2 4b10 6414 42ef 63d3 4b50 5392 4b51 4331 4331 4331 4352 3311 3311 3332 3331 3312 3311 3331 4372 3af0 5bf4 4330 5bd3 5391 5b92 5bb2 4b50 63f3 4b50 63f3 4b30 63d3 5371 5b91 6c33 6c33 6c33 6c33 6c33 6c33 6c53 6c33 6c33 6c33 6c33 6c33 63f2 5bb2 53b2 4b51 32f0 3331 3311 2b11 2b11 2b11 2b11 2b11 2b11 2b11 2b11 2b11 2b32 2b11 2b12 2b12 2b12 2b12 2b12 2b12 
3b31 3b10 19a8 2987 defb e71b df1b df1b df1c df1c e71c defc d6db 1905 29a8 1926 0863 2966 b5b6 4a6a 0042 08a4 42ad 1126 4a8a e71c e73c 3a08 2146 3a4a 0883 bdf7 e71c 94b2 1082 ce59 defb 8431 0041 2987 10a3 6b6e dedb d69a 2104 0882 0883 1904 d6ba deda dedb dedb defb defb 9491 18c3 d69a defb dedb dedb dedb defb defb defb d6ba 2104 0861 8410 df1c e71c df1c e71c e71c e71c e71c 630c 0882 4a49 dedb dedb dedb dedb dedb d6ba d6ba 8c50 0020 10a2 8430 d6ba d6ba deda deda d6ba bdd7 1082 1082 5aec e71c dedb 1904 2166 29a7 10a3 ce7a defb 8411 08c4 3b0f 3310 3331 3332 3331 3332 2b31 3311 3aef 00a5 7bf1 dedb deda d6ba d6ba d6ba d6da deda defb 8430 31a6 defb dedb defb dedb dedb d6bb 4208 0883 10c4 424a 08a3 bdf8 dedb dedb defb defb dedb dedb ad76 0042 322b 42ce 1147 3a29 e73c e73c 5b0d 08e5 42ce 42ee 08c5 73d0 defb defb defb defb defb dedb deda 4208 1082 18e3 c638 d6ba d6ba d6ba d6ba d69a 9cd3 0841 1061 b5b6 e73c ad76 10a3 4aab 2125 4a8a e73c e71b 4229 2987 6370 6bb0 6bb0 73d0 7bf0 7bf0 83f0 7bd0 7bf0 7c10 7c11 7411 6c32 6c32 6c32 6c32 6c32 6c33 6c33 6c32 6c12 6c12 6412 5350 5bd2 5bb1 5391 5bb1 5371 5bd2 5391 5bb2 5371 5391 5b92 5391 5bb1 5391 6c33 6c33 6c53 6c53 6c53 6c33 6c33 6c53 6c33 6c33 6c33 6c33 6c33 6412 6c33 6c33 6413 5370 5bb2 5391 4b50 5bb2 430f 63f3 42ef 53b2 4b72 4b72 4331 4b72 4b72 3b31 3b32 3332 3332 3332 3332 3b72 3311 3310 5bf4 3af0 6414 4b30 5bb2 5bb2 5371 63f3 4b30 6413 430f 6413 4b30 5bd2 5b91 5370 6c33 6c33 6c33 6c53 6c33 6c33 6c33 6c33 6c53 6c53 6c33 6c53 63f2 5bf2 53d2 3b31 3311 4bf4 3331 3332 3332 2b12 2b12 2b12 2b12 2b11 2b11 2b11 2b11 2b11 2b32 2b32 2b32 2b32 2b32 
3331 3b10 19a9 0083 08a3 0882 08a3 08a3 10a3 10a3 08a3 08a3 08a3 0083 21a9 42ce 29e9 0042 0041 0041 0063 42ad 3aad 1127 0062 10a3 10c3 0083 1967 42ac 0083 08c4 08a3 10a3 0062 08a3 10a3 0883 0063 3a2a 2167 0063 0862 0862 0042 29a7 2167 0063 0883 0882 08a3 08a3 08a3 08a3 08a2 0882 10a3 0882 0882 0862 0862 0862 0882 0882 0882 0042 0041 0862 1083 10a3 10a3 10a3 10a3 10a3 18c3 1082 0862 0882 10a3 10a3 1082 0882 0882 0862 1082 0861 0861 0862 0882 1082 1082 10a3 1082 1083 0882 0862 2966 0883 10a3 08a3 0063 2188 3a6c 0084 10c4 08a4 0883 00c5 3b0f 32f0 2b31 2b11 2b11 2b11 2b31 3310 3aef 00c6 0083 0883 0882 0862 0862 0862 0882 0882 0883 0862 0842 1083 0883 0883 0883 1083 0883 0884 0906 42ad 3a6c 00a4 08c4 08a3 08a3 0883 0883 0883 0862 0883 0063 322b 3ace 1989 0083 10c4 10a3 0883 00c5 42ce 42cd 00a4 0883 10c3 18c3 18c3 10c3 10c3 10c3 10a3 1082 1082 1082 10a3 1082 1082 0882 1082 1062 0862 1062 18a3 18c3 18c3 10c3 10a3 4aac 29a8 10c3 18c4 10c3 0882 2987 73f1 6bb0 7bf0 8410 8410 7bf0 7bf0 7bf0 7bf0 8411 7bf1 7411 7411 6c32 6c32 6c33 6412 6412 6412 63f2 6c33 6412 5b91 63f2 5350 5bb1 5bd2 4b30 63f3 4b30 63f3 4b50 5bb2 5371 5372 5bd2 5350 6413 6c33 6c33 6c33 6c53 6c33 6c33 6c33 6c33 6c53 6432 6412 5bb1 5bb1 6412 4b0f 6413 430f 6413 5351 5b92 5b92 4b30 63f3 42ef 63d3 4310 5392 4331 4311 4b52 4352 3b32 3311 3311 3331 3332 3332 3331 3311 4372 3b10 6414 4310 63f3 5371 5bb2 5bd2 4b50 6413 4b30 6c34 4b10 6413 5371 5bb2 63f2 4b50 6c33 6c33 6c33 6c33 6c32 6c33 6c33 6c13 6c33 6c33 6c12 6c33 6412 4b30 4351 3311 3b31 3311 2b11 2b11 2b11 2b11 2b11 2b11 2b11 2b11 2b11 2b11 2b12 2b12 2b12 2b11 2b11 2b11 
3311 3311 2a6e 21eb 220b 21ea 29eb 29eb 2a0b 2a0b 220b 220b 220a 220b 2a8e 32f0 32ae 19eb 21ca 21ca 21eb 3acf 3acf 224d 21ca 21ca 21ca 21eb 2a6e 3b10 220c 2a0b 2a0b 2a0b 2a0b 2a0b 21eb 21cb 19cb 3aae 2a4c 21cb 21ca 21ca 21ca 326d 326d 2a0c 29eb 29eb 2a0b 2a0b 2a0b 220b 2a0b 220a 2a0b 2a0b 21ea 29ea 21ea 21ea 21ea 220a 21ea 29ea 29ea 21ea 21ea 29ea 322a 31e9 31c8 426a 31c8 426a 3a29 4aab 4acb 4aab 4a8a 4a8a 4a8a 4a8a 4a8a 4a8a 428b 428b 428b 3a2a 426b 320a 3a6b 3a2a 322a 2a0a 3a8d 29ea 2a0b 2a0b 2a2c 328e 3aef 2a4d 2a2c 2a2b 2a2b 224c 3b31 3331 3331 2b11 3331 3311 3332 3331 3310 222c 2a2b 2a0b 29eb 29eb 2a0b 2a0b 2a0b 2a0b 2a0b 2a0b 2a2b 2a2c 2a2c 2a2c 2a2c 2a2c 2a2c 2a2c 2a6e 3b10 3af0 2a4d 2a4c 2a2b 2a2b 2a0b 2a0b 2a0b 2a0b 2a0b 222b 3acf 3310 2a8e 220b 21ca 21ea 21eb 222c 4310 4330 324c 322a 424a 3a2a 4a6b 3a09 428b 3a09 426b 3a4a 3a4a 428b 3a4a 426b 3a09 426a 3a2a 3a4a 424b 3a2a 4aad 3a2a 426b 320a 3a4b 5b2f 4aad 426c 3a2b 428c 3a2a 4aed 5b4f 73f0 7bf0 8410 83f0 7bf0 7bf0 7bf0 7bf1 7bf0 7bf0 73d0 5b4f 7412 63b1 6c33 5370 5bd1 5bd1 4b50 6413 430f 6c33 4b2f 63d2 5b91 5351 63f3 430f 6c14 430f 63f3 4b50 5bb2 5bb2 4b50 6413 4b4f 6c33 6c33 6c33 6c33 6c53 6c53 6c33 6c33 5390 6413 5390 5391 5bd2 5350 6c33 430f 6c13 4b10 63d3 5371 5371 63d3 4b10 63f3 4310 5392 4331 4351 4352 4331 4372 3b32 3311 3332 3331 2b11 3331 3b73 3b52 32f0 5bd3 4310 63f3 4b30 63f3 5391 5371 63f3 4b30 6c14 430f 6c14 4b50 5bd2 5bb2 4b50 6413 5bb1 6c53 6c33 6c33 6c53 6c53 6c53 6c33 6c33 6c33 6c53 6c53 6c53 5bf3 4350 53d3 3b10 3b51 3b51 3331 3331 3311 2b32 2b32 2b31 2b31 2b32 2b32 3312 3312 3332 3332 3332 2b12 
3331 3331 3311 3331 3310 3310 3330 3331 3331 3331 3331 3331 3331 3331 3311 3311 3311 3311 3311 3311 3311 3311 3310 3331 3330 3330 3310 3311 3331 3331 3331 3331 3b52 3b31 3311 3b11 3311 3311 3310 3310 3331 3310 3310 32f0 32f0 3311 3310 3331 3310 3b11 3311 3311 3310 3330 3330 3330 3331 3331 3311 3311 3311 3331 3310 3310 3311 3311 3311 3311 3310 3b30 430f 4b0f 63b1 4aee 6bf1 6390 6bf1 7411 7431 7411 7c31 7c11 7c10 7c10 7c11 7411 7412 63b1 5b90 6c13 4b0f 7433 4b0e 5bd1 5371 3aef 3b11 32f1 3311 3311 3311 3311 2b31 2b11 3331 3331 3311 3311 3311 3311 2b11 2b11 3312 3312 2b12 2af2 2b11 2b11 3311 3311 3311 3311 3331 3311 3310 3311 2b11 3311 3311 3311 3311 32f1 2b11 3311 3311 32f1 3312 3332 2b11 3311 3311 3311 3311 2af0 3311 32f1 32f0 32f0 3310 3311 3332 3312 3311 3311 3310 3310 3311 4bb3 3b10 5bd3 5351 5b50 6bf3 530f 7434 4aee 6c13 532f 63b1 63b1 534f 6c13 4b0e 7433 532f 6bf2 6391 5b71 6bf2 4b0f 6c33 4b0f 6c13 5350 63b2 63b2 5b91 6bf2 532f 7433 4b0f 6c12 6bb1 6b6f 83f0 83f0 83f0 8410 7c10 7bf0 7bf0 7bf0 73f1 73f1 532e 7454 4b50 63f3 5391 5b92 5bd2 430f 6c34 42ee 63f3 4b30 5b92 5bd2 4b30 6413 42ef 6c33 430f 5bd2 5371 5b92 63f3 4b50 6c33 6c33 6c53 6c53 6c53 6c53 6c33 6c33 6c33 6433 5390 5bd2 5bb2 5b92 63d3 4b30 6413 430f 63f3 4b50 5bb2 5bb2 5351 63d3 4b31 5392 4331 4b51 4b72 4351 4331 4332 3b32 3b32 3332 3331 3332 3332 3311 3311 4bb3 3b10 6414 4b30 63d3 5351 5bb2 5bb2 5351 6413 4b30 6c34 4b30 6413 5371 5371 63d2 4b30 6c33 4b2f 6c33 5bd2 6c13 6c33 6c33 6c33 6c53 6c32 6c53 6c53 6c33 6413 6434 3aef 5bf4 32d0 4bb3 3b52 3311 3311 2b11 2b11 2b11 2b11 2b11 2b11 2b12 2b12 2b11 2b11 2b11 2b11 
2b10 2b31 2b31 2b11 3311 3311 3311 3311 3311 3311 3331 3b31 3312 3312 3312 3331 2b10 2b30 3331 3331 3311 3311 3311 3311 2b10 2af0 3310 3310 3310 3311 3b11 3331 2b10 2b30 2b50 3351 3331 3331 3331 3b31 3311 3311 3311 3311 3311 32f1 3b11 3311 2b10 2b10 2b10 3331 3310 3310 3311 3b52 3331 3331 3332 3332 3332 3332 3332 3332 2b31 2b31 2b31 3331 3310 32ef 4330 5371 42ce 63b1 532f 6bd2 7412 7412 7432 7c31 8430 8430 8c70 7c10 7c31 7432 6390 63d2 5bb1 4b0f 6c13 4b0f 6c34 4b30 5371 4b72 3311 2b11 3351 3352 3332 3332 3352 3352 2b32 2b32 2b12 3332 3332 3312 3312 3312 2b12 2b12 2b32 2b32 2b12 2b12 3332 3332 2b11 2b32 2b32 2b32 3332 3332 3332 3332 2b31 2b31 2b31 2b51 2b52 2b52 2b32 2b32 2b12 2b32 3332 3332 2b12 2b12 3332 3332 2b31 2b31 2b31 2b31 2b11 3311 3311 3312 2b12 2b12 2b11 3332 2b11 3311 3b12 4332 4b71 5bb1 5350 63f2 4b10 6c13 4b30 63d3 5371 5371 5bf2 4b30 6c13 4b30 6bf3 5b91 5bb1 5bb1 5350 63f2 4b4f 6413 4b4f 63f2 5390 5b91 63d2 5350 6c13 4b0f 6c12 636f 6baf 7bf0 8410 8410 83f0 8410 8410 8410 83f0 7bd0 73f1 634f 6bf3 4b10 6bf3 5351 5bb1 5391 4b71 6413 42ef 63f3 4b30 5bd2 5391 4b30 63d2 4b0f 6c14 430f 63f3 5351 5391 53b1 4b70 6c33 6c33 6c33 6c33 6c53 6c32 6c33 6c33 6c33 6c33 5371 5bb2 5b92 5b91 53b1 5391 63f2 430f 63f3 4b30 5bd2 5351 5371 5bb2 4b31 5392 4331 4351 4b72 3b30 4351 3b51 3b31 3b52 3311 3311 3331 2b11 3311 3b72 3b52 3b11 5bd3 4330 63f3 432f 5bb2 5391 5391 5bd2 4b50 6c14 4b10 63f3 4b50 5b92 63d3 4b50 63f3 4b50 5bf3 4b70 53b1 53b1 5bf2 6c33 6c53 6c53 6c53 6c32 6c33 6c53 5bd2 4310 6414 3af0 53d4 3b51 3b51 2b10 2b31 2b11 2b11 3332 3332 2b11 2b11 2b11 3312 3312 3312 3312 3312 
3332 3332 3310 32cf 21ca 21ca 21c9 29ca 21ea 29ea 29ea 220b 3acf 3acf 2a2c 220b 21ea 21ea 2a0b 29ea 29eb 29eb 29ea 21ca 2a2c 326d 21ca 21ca 29ca 29ca 29ea 21ea 2a8e 32f0 3310 3b31 2a4c 21eb 21ca 29ea 29ea 21ea 29ea 29ea 29ca 29ea 29ca 29ea 21ea 21ea 29ea 29ca 29ca 29ca 21eb 220c 3b10 3331 3331 3332 3331 3331 3312 3311 2b11 2b11 3311 3310 19ca 1988 21a8 29e9 31e9 3a4b 5b6f 6bf1 6c11 7411 7c10 8430 9450 9c30 9450 8410 7c11 6bb0 63d1 5b91 5370 63b2 4b0f 63f3 4b30 5bb2 4b71 3b11 4372 2b11 2b11 3331 2b11 3332 2b11 2b32 2b32 2b32 2b32 2b11 2b11 2b32 2b32 2b11 2b12 2b12 2b31 2b31 2b11 2b11 2b11 2b11 3311 3311 2b31 2b32 3312 3312 3312 3312 2b32 2b32 2b12 2b12 2b12 2b12 2b12 2b12 2b32 2b32 2b32 2b32 2b31 2b31 2b31 2b31 2b11 2b11 2b31 2b32 2b32 3332 2b32 2b32 2b11 3332 2b11 2b31 3311 3311 32f0 4b72 5392 5371 5b91 5350 63d2 5330 63d2 5350 5b91 5b91 5371 63d2 4b30 63d2 5350 5bb2 5b91 5371 5bb1 5370 63d2 4b30 5bd2 5370 5bb1 5bb1 5b71 63d2 532f 6bd2 5b2f 73d0 7bf0 8410 8410 83ef 83cf 8bf0 83f0 83f0 83f0 7bf0 7bf0 6bd1 5b70 63d2 5350 5bb2 5371 5371 5b92 4b10 5bd3 4b30 5bb2 5371 5371 5bb1 5370 5bd2 5bd1 63f2 4b50 5bb2 5391 5391 5bd2 5bb1 6c53 6c53 6c33 6c33 6c33 6c33 6c33 6c53 6c33 63f2 5391 5371 5371 5b91 5bb2 5371 5bb2 4b30 5bb2 5371 5391 5391 4b51 5372 4b71 4331 4351 3b11 4352 4352 3b51 4372 3311 3b32 3331 3332 3332 3332 3331 3311 4372 4b52 5bb2 4b50 5bb2 5b92 5391 5bb2 5371 5bd2 4b50 63f3 4b50 5bb2 5391 5371 5bd2 5371 5bb2 5391 5bd2 5391 5bd2 5bd2 5bb1 6c33 6c33 6c33 6c33 6c33 6c33 6413 5bd2 4310 4b92 32f0 32f0 3331 3311 2b11 2b31 2b31 2b11 2b11 2b11 2b11 2b11 2b11 2b11 2b11 2b11 2b11 
2b11 3311 32cf 2a2b 0042 0021 0861 0862 0862 0862 0862 0063 2a0a 3a8c 08a4 0883 0882 0882 1082 1082 0882 1083 0883 0863 1905 2167 0862 0862 0842 0842 0042 0042 1968 328d 3acf 324c 08c5 0883 0882 1082 0862 0862 0882 08a3 0882 0882 10a3 10a3 10a3 10a3 10a3 10a3 10a3 10a3 08a3 00a5 3b0f 3b52 3332 3332 3332 3332 3332 3332 3332 3331 3af0 3aae 00c4 08a3 10c3 10c4 0883 1946 5b6f 6bf1 7431 7431 8430 8c30 9c30 9c30 9430 8410 7c11 6390 63d1 5b71 5b91 5351 5bb2 5351 5bb2 4b51 4b72 4352 3311 3331 3331 3332 3332 3311 2b31 2b31 2b31 2b31 2b32 2b11 2b11 2b11 2b11 2b11 2b12 2b12 2b11 2b11 2b11 2b11 2b11 2b11 2b11 2b11 2b11 2b11 2b11 2b11 2b11 2b11 2b11 2b12 2b12 2b12 2b12 2b12 2b12 2b12 2b11 2b11 2b11 2b11 2b11 2b11 2b11 2b11 2b11 2b11 2b11 2b11 2b12 2b12 2b11 2b32 2b32 2b11 3311 3331 3b31 3b11 4331 5392 5371 5371 5371 5bb1 5b70 63b1 5b70 5b91 5b91 5b91 5bb1 5371 5bb1 5b91 5bb2 5bb2 5b91 5b91 5b91 5b91 5b71 5b91 5b91 5bb2 5b91 5bb1 63b2 5b91 6bd2 5b70 6bb0 7bf0 7bf0 83f0 83ef 83ef 83ef 83f0 83cf 83cf 8bf0 83f0 7c10 73f1 5b90 5b91 5b91 5371 5371 5371 5351 5bb2 5351 5bb2 5371 5371 5b91 5b91 5bd2 6c33 6412 6c33 5bd2 5391 5b91 5bb2 5bb1 6412 6c53 6c53 6c33 6c33 6c33 6c33 6c33 6c32 6c33 6413 5391 5391 5391 5b91 5b92 5b92 5371 5b91 5391 5371 5391 5371 4b51 4b71 4310 4b92 3b10 4352 3b31 3b31 4352 3b11 3b72 2af0 2b11 2b11 3312 3311 3311 3311 3b31 4b92 4b71 5b92 5391 5392 5bb2 5391 5bb2 5b91 5bd2 5bb2 5bb2 5391 5391 5b92 5391 5bb2 5bd2 5bb2 5391 5bb1 5bb1 5bb1 63f2 6c33 6c33 6c33 6c33 6c33 6c33 6413 4b71 4b92 4331 3b31 3b11 4372 3331 3311 2b11 2b11 2b11 2b11 2b11 2b11 2b11 2b11 2b11 2b11 2b11 2b11 
3331 3b10 21ca 0084 0882 ce79 ef7d ef7d ef7d ef5d b5b6 0042 0063 31c8 0863 9cf4 f79e f79e f79e f77e f79e ef9d ef5d 2966 0862 0862 18c3 dedb e73c e71c dedb 3166 0042 1105 320a 0063 0062 7bcf ef5d ef5d ef5c ef7d ef5d e73c 2965 8430 f79e f79e f79d f79e f79e f79e f79e ef9e 7c10 00a4 32ce 3311 2b31 2b32 2b11 2b11 2b11 2b11 3312 3b11 2a4c 00a5 0062 73ae f7be ffdf 5acc 2146 63b0 7412 7411 7410 8430 8c30 940f 940f 9410 83f0 7c10 7411 5b90 5b70 5b91 5351 5b92 5391 5371 5372 4331 4372 3b32 3332 3332 2b11 2b32 3332 2b31 2b31 2b31 2b31 2b11 2b11 2b11 2b11 2b11 3312 3332 3332 2b31 2b31 2b11 2b31 2b31 2b11 2b31 2b31 2b31 3331 3332 3332 3332 3332 2b12 2b12 2b12 2b12 3332 3332 3332 3332 3332 3332 3332 3332 3332 3332 3332 3332 3332 2b32 2b12 3332 2b12 3332 3332 3312 2b11 2af1 43b3 3310 4372 3af0 5372 5372 5371 5b91 5b71 63b1 5b70 63b1 5b71 63b1 5b91 5b91 63b2 5b91 63b2 5b71 5bb1 5b91 5b91 63b1 5b91 5b91 5b70 5b91 5b70 5b91 5b91 63b1 63b1 6391 6bb1 6b90 7bf1 7bf0 83f0 83f0 83ef 83f0 83f0 83f0 83ef 83cf 83f0 7bf0 7bf0 73d1 63b1 5350 5bb1 5371 5371 5371 5371 5391 5371 5391 5351 5391 5b91 5391 6c33 6412 6412 6c12 5bd2 5391 5371 5b91 5bb1 6c33 6c53 6c32 6c33 6c53 6c33 6c33 6c33 6c33 6c53 6433 5bf2 5391 5391 5b91 5371 5b92 4b30 5b91 5350 5b92 5371 4b51 4b51 3af0 53b3 3b10 4b93 3b11 3b52 3b51 3b31 4352 3311 3331 3332 3331 3312 3312 3331 3b52 3b31 4b72 5372 5bb2 5391 5bb2 5bb1 63d2 6c13 5bb1 6c53 5bd2 63f3 5b92 5391 5bb2 5391 63f3 5bb1 6c33 5bb1 5bd1 5b91 5bb1 63f2 6c53 6c32 6c33 6c33 6c33 6c33 5bf2 4350 4331 3310 4372 3310 4372 3b52 3311 3311 3332 2b11 3332 3332 3332 2b32 2b32 3312 3312 2b12 2b12 
3331 3b10 21c9 10e5 b596 f79e bdd7 6b6d 6b6d a535 ef5d b596 0862 2125 0862 52ab 8410 8c72 f7df ffff bdd6 7bef 73ae 18c3 0862 39c7 a514 ffde 94b2 9492 ffde a514 4228 0841 0841 1062 9cd3 ce79 e71c 7bcf 7bcf 7bce 73ce 73ae 18e3 8430 ffdf f79e 7bef 7baf 73ce 73ae 73ae 73ae 3a08 00a4 3aef 3b11 3311 3311 2b11 3311 3332 3332 3332 3b11 324c 0084 b5d7 defb ffdf ffff 5b0c 2167 6bf1 6bf2 6bf2 7411 7411 8431 8431 8c31 8410 7c11 7c11 6390 5350 63b2 5351 63f3 4b30 5bd3 4351 4352 3b31 3311 3311 2b12 2b12 2b12 2b11 2b11 2b11 2b11 2b11 2b11 2b11 2b11 2b11 2b11 2b11 2b11 2b11 2b12 2b11 2b11 2b11 2b11 2af1 2af1 2b11 2b11 2b11 2b11 2b11 2b11 2b11 2b11 2b11 2b11 2b11 2b11 2b11 2b11 2b11 2b11 2b11 2b11 2b11 2b11 2af1 2af1 2b11 2b11 2b11 2af1 2b11 2b11 2b12 2af1 2af1 2af1 32f0 4b93 3af0 5bd3 4310 5bd3 4b30 5391 5b91 5b50 6bf2 530f 7412 534f 6c12 5b70 63b1 63b1 5b70 7413 5b4f 7413 5b50 6bd2 63b1 6390 6bf2 534f 7412 534f 7412 636f 6bd1 6bb1 6370 73f1 634f 7c11 7bf0 83f0 83f0 83f0 83f0 83d0 83f0 83f0 83ef 83f0 8410 7bf0 73f0 6bd1 4b2f 5bd2 4b50 5bb2 5371 5371 5bb2 4b50 5bd2 4b30 5bd2 5351 5371 5bb1 63f2 6c32 6c12 6c33 5350 5bb1 5371 5bb1 6c33 6c53 6c53 6c53 6c53 6c53 6c53 6c33 6c33 6c53 6c33 6412 5391 5391 5391 5371 5b92 4b30 5bd2 4b30 5bd2 4b50 5372 4b51 3aef 4b92 32cf 53d3 3310 4352 3b31 3311 3b31 3b31 4373 32f1 3311 2b11 2b11 2b11 3b93 3311 3b52 4352 5392 5351 5bb2 5bb2 63d2 6c33 6c33 6c32 6c33 6c33 5b91 5bd2 5b91 5b91 6c33 5390 6c33 6c33 6c33 5bb1 63f2 63f2 5bb1 6c33 6c33 6c33 6c33 6c33 6c33 5bf2 5bf3 3b10 3b51 4372 3b11 3b11 3b11 3311 3311 3311 2b11 2b11 2b11 2b11 3311 3311 3311 3311 2b11 2b11 
3331 3b30 21ea 1946 ef9e ffdf 8c71 0840 0841 4228 9cd2 8410 0862 0882 08a3 0883 0862 2945 f7be ffdf 7bce 0841 0882 0862 2104 8410 ffdf bdd6 2944 2124 ad55 ef7d 9cd2 31a6 0861 4a69 ef5c deda 8c71 0861 1082 0882 1081 1081 0861 8450 ffff ef7d 10a2 0861 0861 0861 0881 0041 0083 08e5 3aef 3310 3311 2b11 2b11 2b11 3311 3311 3331 3b31 2a2b 0063 8c93 b5b6 ffff ffff 5b0d 1947 4b50 5372 4b30 5b92 42cf 63d2 42ee 63d2 42ef 5b92 430f 5372 4331 5392 53b3 3af0 5c14 3af0 3331 3332 3332 3332 3332 3332 3312 3332 3332 3332 3332 3332 2b31 2b31 2b31 2b11 2b11 2b32 2b32 2b32 2b11 2b32 2b12 2b12 3332 3332 3332 3332 2b32 2b32 2b12 2b12 2b32 2b32 2b32 2b32 2b32 2b32 2b32 2b32 2b31 3331 3331 3331 2b31 3331 3332 2b32 2b32 2b32 2b32 3332 2b12 2b12 3332 3332 3312 3311 3331 3311 3b52 32f0 5bd4 3aef 53b2 430f 5391 5350 63b0 73f1 6bf1 73f1 73f1 7411 73f1 7411 73f1 73f1 73f1 73f1 73f1 73f1 73f1 73f1 73f1 73f1 73f1 73f2 73f1 73f1 73f1 7c11 7bf1 7bf1 8411 7bf0 8410 83f0 83ef 83f0 8410 83f0 83f0 83f0 8bf0 8bf0 83f0 83f0 83f0 7bf1 6b90 532e 6bf2 42ef 63f3 4b50 5391 5b92 4b30 63f3 42ef 63f3 4b30 5bb2 5371 5350 6c33 6412 6412 63f2 63f2 4b2f 5bb2 63f2 6413 6c53 6c53 6c53 6c53 6c33 6c32 6c53 6c33 6c33 6c33 5391 5bd2 5371 5391 5bb2 5351 63d3 4aef 63f3 4b10 5bb3 5351 4310 4b72 32cf 53d4 32d0 4392 3311 3b31 3b31 3b11 4372 32f0 3b52 3311 3331 3311 3311 3311 3b72 4352 4b52 5392 5bd3 5bd2 6412 6c33 6c33 6c32 6c32 6c32 6c33 6c33 5bb1 5bb1 6c33 6c33 6c33 6c33 6c33 6c33 6c33 6c33 6c33 6c33 6c33 6c33 6c33 6c33 6c33 6c13 6c33 5391 4b30 4b92 32f0 53d4 4352 4393 3b52 3331 3311 2b31 3331 3332 3312 3312 3311 3312 3312 3312 3332 
3332 3b31 21ea 1946 df1c f7de ad54 4228 4228 4a28 4248 2124 0842 10a4 3a6c 42ad 1946 2125 f7be ffdf 7bcf 10a3 426b 10e5 52cb ffdf ffff 39c7 0882 0861 1082 df1c ffdf a514 10a2 e71c ffdf 9cf3 0841 0861 4228 4229 4228 4208 10a2 8430 ffdf f79e 4a69 4228 4248 4228 4228 08a3 21c9 3ace 3310 3311 3311 3311 3331 3311 3311 3311 2b11 3310 2a4c 00a5 0883 4a8a ffff ffff 5b0d 1947 3b10 3311 3311 3311 3311 32f1 3311 32f1 3311 32f1 3311 3311 3311 3311 32f1 3311 3311 3311 2b11 2b32 2b11 2b11 2b11 2b11 2b11 2b11 2b12 2b12 2b11 2b11 2b11 2b31 2b11 2b11 2b11 2b11 2b11 2b11 2b11 2b11 2b11 2b11 2b11 2b11 2b11 2b11 2b11 2b11 2b11 2b12 2b11 2b11 2b11 2b11 2b11 2b11 2b11 2b11 2b11 2b11 2b11 2b11 2b11 2b11 2b11 2b11 2b11 2b11 2b12 2b12 2b11 2b12 2b12 2b12 2b11 3331 4bd4 3b51 3b10 5bf4 4b51 63f3 5350 63b1 63d1 6bf1 73f1 73f1 73f1 73f1 73f1 73f1 73f1 73f1 73f1 73f1 73f1 73f1 73f1 73f1 73f1 73f1 73f1 73f1 73f1 73f1 73f1 73f1 7bf1 83f0 83f0 83ef 83ef 83ef 83ef 83ef 83f0 8bf0 83f0 83f0 83f0 83f0 83f0 83f0 83f0 83f0 7bd0 7bf1 73d1 6bf2 42ce 6c13 4b10 5bb2 5371 4b50 5bf3 430f 6c34 42ef 63f3 4b50 5b91 5b91 5bb1 6c33 6c33 6c33 430f 63f2 5350 5391 6c53 6c53 6c33 6c33 6c33 6c33 6c32 6c32 6c53 6c33 6c33 6c53 4b50 5b91 5371 5371 63f3 430f 6c13 42ef 63f3 4b50 4b71 4b52 32cf 4bb3 32d0 53b3 32d0 4352 3b31 3311 4352 3b11 4373 32f0 3331 3311 3311 3311 3b72 3b31 3b11 53b3 4b51 63f3 63f2 6c33 6c33 6c33 6c33 6c33 6c33 6c33 6c33 6c32 6c33 6c33 6c33 6c33 6c33 6c33 6c33 6c33 6c33 6c33 6c33 6c33 6c33 6c33 6c33 6c53 6c33 5bb1 5b92 5bb2 3acf 53d3 3af0 3b11 3311 3311 32f1 2af1 2b11 2b11 2b11 2b11 2b11 2b11 2b12 2b12 2b12 2b12 
3311 3b10 21c9 08a3 31a6 e71b ef5c ef5c ef5d ef5d ffdf 94b2 31a7 0063 220b 42cf 2188 2146 f7bf ffdf 7bcf 10c4 4acd 10e5 52cb ffdf ffdf 4a69 2145 2145 2944 e71c ffff a514 1082 e71c ffff 9d13 0861 10a2 defb ef7d ffdf f79e 2965 8430 ffde ffde ef7d f77d f77d ef7d e73d 1926 21ea 3b10 3311 3332 3332 3331 3331 3331 3331 3311 3331 3331 3b10 430f 10e5 426a ffff ffff 5b2d 1167 3b30 3331 3351 3331 3332 3332 3332 3332 3332 3332 3332 3312 3312 3332 3332 3332 3312 3332 3332 3332 2b31 3331 3332 3312 3312 3312 3312 3312 2b32 2b32 2b31 2b31 2b11 2b31 2b31 2b31 2b31 3331 3331 3331 3312 2b11 3331 2b31 2b11 2b11 2b31 2b31 3312 3312 2b31 2b31 2b32 2b32 3332 3332 3332 3332 3312 2b11 2b11 2b11 2b11 2b11 2b11 2b11 2b11 2b11 2b11 2b12 3332 3312 2b12 2b12 3312 3311 3311 3b31 4b72 3aef 63f3 532f 6c12 7411 7411 73f1 73f1 73f1 73f1 73f1 73f1 6bf1 6bd1 73f1 73f1 73f1 73f1 73d1 73f1 73f1 73d1 73d1 73f1 73f1 6bf1 73f1 73f1 7bf1 7bf0 83f0 8410 83cf 83f0 83ef 83ef 83ef 83ef 83ef 8410 83f0 7bf0 7bf0 83f0 83f0 83f0 83d0 83f0 7bf1 73d1 4aee 6c13 42ef 63d3 4b50 5371 5bb2 4b10 6c14 42cf 6414 430f 63d3 5391 5371 6413 6413 6c32 6412 6412 5370 5bb1 6c13 6c33 6c33 6c33 6c33 6c33 6c33 6c53 6c32 6c33 6c53 6c33 53b1 5bf2 5371 5371 63d3 4b10 6c14 42cf 6bf3 4b30 5bd2 4b72 3af0 4351 32cf 53d3 32d0 4b72 32f0 4332 3b31 3b11 4373 32f1 3b52 3311 3311 3311 3311 3b31 3b31 53b3 4331 5bd3 4b30 63f2 6c33 6c33 6c33 6c32 6c32 6c32 6c12 6c33 6c33 6c33 6c33 6c33 6c33 6c33 6c33 6c33 6c33 6c33 6c33 6c33 6c33 6c33 6c32 6c33 6c33 6c33 6c33 5bb2 4b30 5bf3 3b30 53b3 4352 3b31 4bb4 3311 3311 2b11 2b11 2b31 2b31 2b32 2b11 2b31 2b11 2b11 2b32 
2b31 3330 19e9 00a3 0882 18e3 2104 2124 2104 18e3 d6ba ffdf ce79 0063 2a0b 42ef 1988 1945 f7de ffff 73cf 10c4 4acd 1106 4a8b ffdf ffff f79d f77e f79e ef7e ffff f7de 9d33 10c2 e73c ffde 9cf3 0841 0841 10a2 6b4d ffff f7be 2965 8410 ffdf f79e 2965 2965 2985 3186 2986 08a4 21ea 4310 3310 3311 2b11 2b12 2b12 3312 3312 3311 2b10 2b0f 32ee 430e 10e5 424a ffff ffff 5b0c 1947 3aee 32ef 3311 3311 3311 3312 2b11 2b11 2b11 2b11 2b11 2b11 2b11 2b11 2af1 2b11 2b12 2b12 2b11 2b11 2b12 2b11 2b11 2b11 2b31 2b31 2b11 2b11 2b12 2b12 2b11 2b11 2b11 2b11 2b12 2b12 2b12 2b11 2b11 2b31 2b11 2b11 2b11 2b11 2b11 2b32 2b11 2b11 2b11 2b31 2b11 2b11 3312 2b31 2b11 2b11 2b31 2b31 2b11 2b12 2b32 3332 2b11 2b11 3312 2b11 3312 3312 3312 3312 2b11 2b11 2b11 2b11 3332 3311 4bd4 4351 3b31 53b2 5371 6bd2 73f1 7bf1 73f1 73f1 73f1 6bf0 6c11 6bf1 73f1 73f1 73f1 73f1 73d1 73d1 73f1 73f1 73f1 73f1 73d1 73f1 6bf0 6bf0 6bf1 6bf1 73f0 73f0 7bf0 8410 83f0 83cf 83f0 83f0 83f0 83f0 83cf 83ef 83cf 7bef 7bef 7bf0 7bf0 7bf0 7bf0 7bf0 73d1 6bb1 532f 6bf3 4aef 6bf3 4b50 5b92 5371 4b50 5bd2 432f 6413 430f 63f3 5371 5392 5371 5371 6c33 6c33 6c33 5370 63f2 53b1 5bd0 6c52 6c53 6c32 6c33 6c53 6c53 6c32 6c32 6c33 6c33 6c33 6c33 5351 5b92 5391 5370 63f3 4b30 63f3 4b10 63d3 5371 4b51 4351 3b10 4bb3 32f0 4b93 3af1 4372 3331 3330 3b72 3b31 4372 32f1 3332 3332 3312 3311 3332 4373 4331 5bb3 4b10 63d3 432f 5bd1 6433 6c33 6c32 6c32 6c32 6c33 6c32 6c33 6c53 6c33 6c53 6c33 6c32 6c53 6432 6432 6452 6c52 6432 6c32 6c33 6c33 6412 6c32 6c33 5bb1 5371 5bb3 3b10 4372 3310 3310 3b31 3331 3311 3311 3311 3331 2b11 2b11 2b32 2b32 2b12 2b12 2b12 3312 
2b31 3310 19ea 08e4 a535 ad75 5acb 0861 1082 0841 d69a ffdf ce7a 0063 2a2b 42ef 2188 2146 f7bf ffff 7bcf 10c4 4acd 1106 52ab ffff ffde 840f 5acb 5aeb 5acb e73c ffff a514 1062 5269 d6ba defb a534 0020 0841 630c ffdf f79e 2945 8430 ffdf f79d 1082 0861 0861 0862 0862 0863 08c5 0928 3b10 3331 3331 3332 3332 3332 3332 3331 3b31 222c 00c5 08c4 0862 4a49 ffff ffdf 5b0c 10a3 08e5 00c5 19eb 3b10 3311 3332 2b31 2b31 2b31 2b31 3312 2b11 2b11 2b11 3332 2b32 2b11 2b11 2b11 2b11 2b11 2b11 2b12 2b12 2b11 2b12 2b12 2b12 2af2 2af1 2b12 2b12 2b11 2b11 2b12 2b12 2b32 2b32 2b12 2b12 2b11 2b11 2b12 2b12 2b12 2b12 2b11 2b11 2b31 2b11 2b32 2b11 2b12 2b12 2b11 2b11 3312 2b11 2b12 2b12 2b11 2b11 2b11 2b11 2b11 2b11 2b11 2b11 2b12 2b12 2b11 2b11 2b11 2b11 3311 3311 3b31 4351 4b72 4330 63d2 6390 7411 73f1 7411 73f1 73f1 73f1 73f1 73f1 73f1 73f1 73f1 73f1 73f1 73d1 73f1 6bf1 6bf1 6bf1 6bd1 6bf1 73f1 73f1 73f1 73f1 73f1 73f1 7c10 8410 8410 83ef 83ef 840f 83ef 83ef 83ef 840f 83ef 8c0f 8410 8410 7bf0 7bf0 73f0 73f1 6bb1 5b70 63d2 4b0f 63f3 4b30 5b92 5371 5391 5391 4b50 63d3 4b30 63f3 4b50 5bb2 5371 5391 5bb2 5371 6c33 4b4f 63f2 5bb1 5bb1 6412 6c53 6c33 6c33 6c33 6c33 6432 6c33 6c33 6433 6432 6433 5391 5bb2 5371 5391 5391 5371 63f3 4b30 63d3 4b50 5372 4b71 4310 4b51 3b10 5393 3b10 4372 3b11 3b51 3b31 3b31 4372 3b11 3b32 3311 2b11 3312 3311 3b52 4332 53b3 4b51 5bd2 5351 5bb2 5371 5bd2 63f2 5bb1 6c33 6c33 6c33 6c33 6c33 6c32 6c33 6c33 6c33 6c33 6c33 6c32 6c32 6c32 6c32 6c33 6c33 6c33 6c33 6c32 6c33 6412 6412 5bd2 4330 4372 3310 3b51 3310 3310 4372 3331 3311 2b11 2b11 2b11 2b11 2b11 2b12 2b12 2b12 2b11 2b11 
3331 3b10 21ea 08a4 7bf0 f79e b596 7bcf 7bcf 73ae e73c deda 632d 0083 326c 430f 21c9 2167 f7bf ffff 73d0 10c4 4aed 1106 4a8a ffff ffff 4229 10a3 1904 0882 defb ffdf a514 0861 0862 7bcf c638 ef7c 6b8d 6b4d 9cf3 ffff f79d 2944 8410 f7de f7be 842f 83ef 7bef 7bef 7bef 7bf0 4229 00c5 3aef 3311 3311 3312 2b11 2b11 2b12 3311 3b10 21ea 0042 738e 7bef 9cf3 ffff ffdf ad54 8430 73cf 08a3 21c9 3aef 3331 2b31 2b11 2b11 2b11 2b11 2b11 2b11 3311 3311 3332 3332 3332 3332 3332 3332 3332 2b12 3332 3332 3312 3312 3332 3332 3312 3312 3312 3312 2b12 2b12 2b12 2b12 3332 3332 2b32 2b32 2b12 2b32 2b12 3332 3332 2b12 3332 3332 2b32 3332 3332 3332 3332 3332 3332 3332 3332 2b12 3332 3332 2b32 2b32 3332 2b32 3332 3332 3332 3312 2b12 3332 3332 3332 3332 3332 3311 3b11 4351 4b71 4b51 5b92 5b90 6bd1 73f1 7411 73f0 73f1 73f1 73f1 73f1 73f1 73f1 73f1 6bf1 73f1 73f1 73f1 6bf1 6bf1 73f1 73f1 6bf1 73f1 73f1 73f1 73f1 73f1 73f1 73f1 73f1 8411 8410 83f0 83ef 83ef 83ef 83ef 83ef 83f0 83f0 83f0 83f0 7bf0 7c11 638f 6bf2 5b70 63b2 5b92 5351 5bb2 4b30 5b92 5371 5391 5371 5b92 5b92 5371 5bd2 4b50 5bb2 5391 5b92 5392 5371 63d2 5350 63f3 5371 5bb1 63f2 6c33 6c33 6c33 6c32 6c33 6c53 6c32 6c33 6412 5bf2 6433 5bb1 5bd2 4b70 5391 5371 5391 5bb2 5371 5bb2 4b50 5391 4b71 4350 4331 4330 4351 4331 4b72 4331 4331 3b31 3b31 3b31 3b31 3b52 3311 3331 3311 3311 3311 3b52 4b72 4b72 53b2 5371 5bd2 5351 5bb2 5391 5391 5bd2 4b70 6c33 6c33 6c33 6c33 6c33 6c33 6c33 6c33 6c33 6c33 6c33 6c33 6c33 6c12 6c33 6c33 6c33 6412 6c33 5bd1 6413 5bd2 5391 4b91 4330 4351 3b10 4352 3310 3b52 3331 3332 3332 3332 3332 3332 2b12 2b12 3312 3332 2b31 2b31 
3331 3b10 220b 0084 18e4 dedb ef3d ef3c e73c e73c e71b 9cf3 0062 08e5 2a6d 4310 21ca 2167 ef9e f7df 73d0 10e5 4aee 08e6 426a f7be f7be 4229 1905 426b 0062 ce7a ef9e 9d14 0862 18e4 0882 738e ef7d ef7d ef7d f79e ef7d e71c 2124 7bcf ef9d ef9d f79d ef7d ef7d ef7d ef7d ef7d 73f0 00a4 3aef 3b31 3331 3332 3331 3332 3332 3331 3b10 2a0b 0063 d69a ef7d ef7d f79e ef7d ef7d ef5c d69a 08a4 21c9 3b0f 3331 2b31 2b11 2b11 2b11 2b11 2b11 2b11 2b11 2b11 2b11 2b11 2b11 2b11 2b12 2b12 2b12 2b11 2b11 2b11 2b11 2b11 2b11 2b11 2b11 2b11 2b11 2b11 2b11 2b11 2b11 2b12 2b12 2b12 2b12 2b12 2b11 2b11 2b11 2b11 2b11 2b11 2b11 2b11 2b11 2b11 2b11 2b11 2b11 2b11 2b11 3312 2b11 2b12 2b12 2b12 2b11 2b11 2b12 2b12 3332 2b11 2b11 2b11 2b11 2b11 3332 3312 2b11 3311 32f1 53f4 3b31 4351 4b51 5371 63d1 6bd1 7411 7411 7411 73f1 73f1 73f1 73f1 6bf1 73f1 73f1 6bf1 73f1 73f1 73f1 73f1 73f1 73f1 73f1 73f1 73f1 73f1 73f1 73f1 7412 73f1 7411 73f1 7c11 8411 7bf0 83f0 8410 83f0 83f0 7bf0 7bf0 7bf0 7bf1 7bf1 73f1 6390 6391 5b91 5b92 5391 5351 5391 5371 5371 5b91 5371 5391 5371 5371 5b91 5391 5371 5371 5391 5391 5391 5371 5391 5b91 5bb1 5391 5bb1 63f2 6c33 6c53 6c53 6c32 6c32 6c32 6c33 6c33 63f2 5bb1 53b1 5bd2 53b2 5bb2 5371 5392 5371 5371 5371 5391 5371 4b50 5391 4b51 4350 4351 3b30 4351 4b51 4b51 4351 4351 3b31 3b11 3b31 3b31 3b31 3311 3311 3332 3311 3b32 4352 4b72 4b72 5bb3 4b71 5b92 5371 5b92 5391 53b1 5bd2 53b1 5bd1 6433 6c53 6c33 6c33 6c33 6c53 6c33 6c53 5bd1 6c33 63f2 6412 6413 63f2 6c13 5bb1 5bb1 5bd2 5b91 5b92 5bb2 53b2 4b51 4330 4351 4351 3af0 3310 3311 3311 3311 2b11 2b11 2b11 2b11 2b11 2af1 2af1 2af1 2b11 2b11 
2b31 3310 3aef 326c 0063 0862 0882 0862 0862 0841 0862 0062 00a4 2a4c 3b10 3b10 21ca 0084 1905 10e4 10c4 1106 4aee 1106 0083 1904 1904 0883 1106 3a4b 0062 08a3 18e4 10a4 08a4 3a2a 10c5 0883 10a3 10a3 1083 10c3 10a3 1083 0842 0862 10a3 1082 10a3 10a3 1082 1083 1083 10a3 0883 00a5 3aef 3331 3311 3332 3312 3332 3332 3311 3b11 220c 0064 0883 10a3 0882 0882 0882 0882 0882 0883 0063 19c9 3b10 3331 2b32 2b32 2b32 2b32 2b32 2b32 2b32 2b31 2b31 3331 3331 3331 3331 3332 2b32 2b32 2b32 2b32 3312 3332 3332 2b31 2b31 2b11 2b11 2b31 2b31 2b31 2b31 3331 3331 3331 3332 3332 3332 3332 3332 2b31 2b31 2b31 3331 2b31 3332 3332 3332 3332 3332 2b32 2b32 3332 2b11 3312 3311 3312 3332 3311 3332 3332 3332 2b11 2b31 3312 2b11 3311 3311 3331 3331 3331 3331 3b31 3311 4351 4331 4351 4b71 5bb2 5b70 7411 7411 73f1 6bf1 73f1 73f1 73f1 6bf1 73f1 6bf1 6bf1 6bf1 73f1 73f1 73f1 73f1 73f1 73f1 6bf1 73f1 73f1 73f1 73f1 73f1 7412 6bd1 6bd0 73f1 7bf0 7bf0 7410 73f1 73f1 73f1 7411 73f1 7411 6bf1 73f1 6bf1 5b50 5b91 5371 5bb2 5391 5371 5bb2 5350 5bb2 4b50 5bb2 5371 5371 5b92 5350 5bd2 5371 5bb2 5371 5b91 5391 5391 5bb2 5391 5bd2 5370 6412 6432 6c32 6c33 6c32 6c32 6c33 6c33 6c33 6c33 5bb1 5bb2 5bd2 5371 63f3 4b71 5bd2 5371 5391 5b92 5371 5bb2 4b50 53b2 4b30 5392 4b51 4330 4351 4330 5392 4331 4b92 4331 4351 3b31 3b31 4372 32f0 3b52 32f1 3b52 3b11 4332 4372 4b72 53b2 4b51 5bd2 4b30 5bd3 5371 5bb2 5bb2 5371 63d3 4b50 6412 6c53 6c53 6c33 6c53 6c53 6c33 6412 5bb1 63f2 5bb2 5bb1 5b91 5bb1 63f2 5350 63d2 5371 5bb2 5392 5392 5392 4b51 4b92 3b30 4b92 4331 4351 4372 3311 3311 3311 3331 3332 3332 3332 3332 3332 3332 3332 3332 
3331 3331 3311 32ef 21eb 21ca 21c9 21c9 21c9 29c9 21c9 21ca 220b 3af0 3331 3311 2a8e 21cb 21ca 21ca 21eb 220b 3b0f 222c 19a9 19a8 2189 1989 220b 3ace 19a9 19a9 21c9 21c9 21eb 430f 222b 21ca 21c9 21c9 21c9 21c9 21c9 21c9 21c9 21a9 21a9 21a9 21a9 21a9 21a9 21a9 21a9 21a9 21ca 19cb 32f0 3311 2b11 2b11 2b11 2b11 2b12 2b11 3311 2a8e 21cb 21aa 21c9 21a9 21a9 21a9 21c9 21a9 21a9 19ca 2a6d 32f0 2b11 2b11 2b11 2b11 2b11 2b11 2b11 2b11 2b11 2b11 2af1 2b11 2b11 2b11 2b11 2b11 2b11 2b11 2b11 2b11 2b11 2b11 2b11 2b11 2b11 2b11 2b11 2b11 2b11 2b11 2b11 2b11 2b11 2b11 2b11 2b11 2b11 2b11 2b11 2b11 2b11 2b31 2b11 2b11 2b11 3311 3311 3311 3311 3311 3311 3311 3b51 3310 3331 3311 3b31 3b31 3311 3311 3332 3311 3311 3331 3311 3332 3311 3312 3331 3311 3b31 3b11 4b92 4b51 5372 5bb2 5350 6c12 73f1 73f1 7411 7411 73f1 73f1 7411 73f1 7411 73f1 73f1 73f1 73f1 73f1 73f1 73f1 73f1 73f1 73f1 7411 6bf1 6bf1 6bf1 6bd1 6bf1 5b6f 532e 73f1 73f0 73f0 73f1 6bd1 6bf1 6bf1 6bf1 6bf1 6bf1 6bf1 6bf1 63d1 63f2 4b0f 63d3 5351 5371 5b92 4b50 63d3 4b10 63d3 4b30 5bb1 5371 5370 5bb2 4b50 63d3 4b10 5bb2 5351 5bb2 5b91 5371 5bd2 430f 6c33 6c53 6433 6c53 6c53 6c53 6c33 6c33 6c33 6c33 6c33 6c33 5bb1 4b50 6413 4b30 6413 4b30 5bb2 5371 5351 5bb2 4b10 63f3 430f 5bb2 4b51 4b71 4b91 4310 5392 3b10 53d3 3af0 4b93 3b11 3b31 3b51 3b11 4372 32f0 3b52 3311 4352 4352 4351 53b3 4330 5bd3 4330 63f3 4b30 63f3 5371 5391 5bd2 430f 6c33 430e 6c33 6c33 6c32 6c53 6c33 6412 5370 6c33 5371 63f3 5371 5bb2 5bb2 5371 6c13 4b0f 6c14 4b50 5bb2 5392 5371 5bf3 4310 53b3 3b10 53b3 4331 4b93 4352 32f1 3311 2b11 2b11 2b11 2b11 2b11 2b12 2b12 2b12 2b12 
2b12 2b12 3311 3311 3311 32f1 32f1 32f1 32f0 3310 32f0 3310 3310 2b11 2b11 2b11 3311 32f1 3311 3311 3311 3311 2b11 3331 3311 3311 3311 3311 3311 3311 3331 3311 3311 3311 3311 3331 3311 3311 3311 3311 3311 3311 3311 3311 3311 32f1 3311 3311 3311 3311 3310 3311 3311 3311 3311 3311 3331 3331 2b31 2b31 3311 3311 2b31 3331 3312 3311 3b31 3b31 3b31 3331 3b31 3311 3311 3311 3331 3311 3311 3312 3332 3332 3332 3332 3332 3332 2b32 2b32 2b32 2b32 2b12 2b12 2b12 2b12 2b32 2b32 2b32 2b11 2b11 2b11 2b12 2b12 2b32 2b32 2b32 2b32 2b12 2b12 3312 3312 3312 3312 3312 3312 2b11 2b11 2b31 2b31 3312 3312 2b31 2b31 3312 3312 3312 3311 3311 5c15 4b92 53d4 3b31 4352 53f4 3b10 53b3 3b10 5bb2 4b51 4b72 4b93 3310 4bb3 3b31 4bb3 3b51 3311 3311 3312 3311 43b3 3311 5bf4 4331 5392 5392 4b50 63f3 4b0f 7432 7412 7411 73f1 6bf1 6bf1 73f1 6bd1 73f1 73f1 73f1 73f1 73f1 6bd1 73d1 73d1 6bf1 6bf1 6bf1 6bf1 6bf1 6bd1 534f 6bf2 532f 63d1 6bf2 6bf1 73f1 6bd1 6bd1 530e 6c13 530f 6bf2 5b70 63b1 63d1 534f 6bf2 42ee 6c13 4b2f 5bb2 5b92 5351 5bd2 42ef 6c34 42ef 63d2 4b30 5391 5b91 4b50 6413 42ef 63f3 430f 63d3 5391 5371 63f2 4b2f 6c33 6c13 6c33 6c33 6c33 6c33 6c53 6c53 6c33 6c33 6c32 6c53 5bd1 5391 63f3 4b10 6c34 4b10 63f3 5350 5b71 5bb2 4b30 6c13 42ef 6c14 4b30 5bb2 4b71 4330 53b2 4310 5c14 32cf 53d4 3af0 4b72 4352 3b11 4b93 3311 3b52 32f0 4bb3 4351 4b72 53b3 4310 63f3 42ef 6c14 42ef 6c14 4b50 5bb2 5bb2 4b50 6413 430f 6c54 6c33 6c33 6c52 6c32 6c32 5370 6c34 4b10 6c34 5350 63d3 5391 5371 6c14 4b10 6c34 430f 63f3 5371 5b92 5bd3 4b10 6434 42ef 5bf4 4310 53b3 4b72 4351 53d3 3311 3311 3331 3312 3332 3332 3332 3332 3332 3332 
3332 3332 3331 3332 2b11 3332 2b11 2b11 3332 2b32 2b31 2b31 2b31 2b11 2b11 2b11 3331 3331 3312 3312 2b12 2b11 2b11 2b11 3311 2b11 3311 2b11 2b11 2b11 2b11 2b11 2b11 3311 2b11 2af1 2b11 2b11 2b11 2af1 2af1 2b11 2af1 2b11 2b11 3311 2af1 2b11 2af1 2af1 32f1 2af1 2b11 2b11 2b11 2b11 2b11 2b11 2b11 2b11 2b11 2b11 2b11 2b12 2b12 3312 2af1 3312 2b31 2b11 2b11 2b11 2b31 2b31 2b32 2b32 2b11 2b11 2b11 2b11 2b11 2b12 2b12 2b12 2b12 2b12 2b12 2b12 2b12 2b12 2b11 2b11 2b11 2b11 2b11 2b11 2b11 2b12 2b12 2b12 2b11 2b11 2b11 2b12 2b12 2b12 2b12 2b12 2b11 2b11 2b11 2b11 3312 3312 3311 3311 3312 3312 2b31 2b31 2b31 2b32 2b12 3332 3311 3b31 3b31 3b11 4352 4b72 3b10 53b3 3af0 63f4 5b71 63b2 5371 4310 5bf3 3af0 5392 3b31 3b51 3b52 3331 3332 3331 3311 3b31 3ad0 4b72 4b51 4b51 5bd3 430f 6c34 532f 7412 6c11 73f1 7411 73f1 73f1 73f1 73f1 73f1 73f1 73f1 73f1 73f1 73f1 73f1 73f1 73f1 6bf1 6bf1 6390 5b50 6bf2 4aef 6c13 532f 63b1 6c12 6bf2 6391 5330 63f3 4b0f 6c33 4b30 63d3 5371 5371 63f3 4b0f 6c13 42ef 63f3 4b30 5b92 5bb2 4b10 63f3 42cf 6bf3 4b0f 5b92 5351 5351 63d2 430f 6c34 42ef 63f3 4b30 5bd2 5bb2 4b2f 6c33 6412 6c32 6c32 6c32 6c33 6c53 6c33 6c33 6c33 6c33 6c33 6c33 6c53 63d2 4b50 6413 430f 6c34 4b2f 5bb2 5b71 5351 63f3 42cf 6c14 430f 63f3 4b50 5371 5391 4310 5bf3 3acf 5bf4 32cf 4bb3 3b11 3b31 4372 3af1 4373 32d0 4352 3af0 53b3 4b72 5351 63d3 42ef 6c14 3aef 6c14 4b30 63d3 5b92 5371 63f2 4b0f 6c34 4b2f 6c53 6c53 6c52 6c32 6c33 6c33 4b30 6c34 4b30 6c14 5351 5bb2 63d2 4b50 6c33 4b0f 6c14 4b50 5bb2 5b92 5351 63f3 42ef 6c14 4b31 63d4 4311 5392 5372 4310 4bb3 32f1 3332 3312 3312 3312 3311 3331 3311 2b11 
2b30 2b31 3351 3331 3331 3331 3331 3331 32f1 3311 3311 3311 3311 3311 3311 3331 2b11 2b10 2b31 2b31 3331 3331 3331 3331 3311 3311 3311 3332 3311 3312 3331 3332 2b31 2b31 3331 3331 2b31 2b31 3331 3331 2b11 2b11 3331 3331 3332 3332 3332 3332 2b31 2b30 2b31 3331 2b31 3331 3331 3331 2b11 2b11 2b11 2b11 2b11 3312 3312 3312 2b31 2b31 2b11 2b11 2b11 2b11 2b11 2b11 2b11 2b11 2b11 2b11 3311 3312 3312 2b12 2b11 2b11 2b31 2b31 2b11 2b11 3312 3332 2b12 2b12 2b12 2b12 2b12 2b12 2b12 2b12 2311 2b11 2b11 2b11 2b11 2b11 2b12 2b12 2b11 2b11 2b12 2b12 2b12 2b12 2b12 2b12 2b11 2b11 2b31 2b31 2b11 2b11 2b32 2b32 2b11 2af1 2b12 3312 3311 4b94 3b32 4352 3b52 3b31 4bb3 32f0 3311 3af0 7475 63b2 5b51 6bf3 42ef 6434 4b31 5bd3 4351 3b11 3310 2b30 3330 4bd3 3310 5bf4 4331 4b72 4b92 4310 6414 42ef 6c13 530f 6bd2 73f2 6bf1 6bf0 6bf0 73f1 73f1 73f1 73f1 73f1 6bd0 73d1 73f1 73f1 73f1 73f1 73f1 73f1 63f1 63d1 4b2f 6c13 4b0f 63f2 5350 63d2 5b70 5350 63f3 4b0f 6c13 4b0f 63f3 5351 5391 5bb2 4b2f 6c33 42ef 63f3 4b30 5bb2 5371 4b30 63f3 42ef 6413 42ef 63f3 4b30 5391 5390 4b2f 6413 3ace 6c13 430f 5bd2 5371 4b50 63f2 5370 6c32 6c32 7433 6c32 6432 6452 6c52 6c52 6c32 6c32 6c33 6c33 6c13 63f2 63d2 4b30 6c14 4b10 63d3 5371 5371 5bb2 4b0f 6c33 42cf 63f3 4b30 63b2 5351 4b51 5bb2 4310 63f4 3acf 53d3 3b11 3b31 3b51 3b31 4b93 32f0 4372 32d0 53b3 4330 5372 5bb2 4b10 63f3 42ef 6c14 4b10 5bd2 5370 53b1 5bb2 4b30 6bf3 4b0f 6c13 6412 6432 6c32 6c32 6c33 6c13 6c34 4b30 6c13 4b30 5bd2 5391 4b50 6413 4b30 6c14 4b10 63d3 5371 5b71 63d3 4b10 6bf4 4b10 63f3 4b2f 5bd2 4b71 5371 5bd3 3af0 53d4 32f0 2af1 3312 2af1 3312 3312 3312 3312 
3311 3332 2b11 2b11 2b11 2b11 2b11 2b11 2b11 2b11 2b11 2b11 2b11 2b11 2b11 2b11 2b11 2b11 2b11 2b11 2b11 2b11 2b11 2b11 2b11 2b11 2b11 2b11 2b11 2b11 2b11 2b11 2b11 2b11 2b11 2b11 2b11 2b11 2b11 2b11 2b11 2b11 2b11 2b11 2b11 2b11 2b11 2b11 2b11 2b11 2b11 2b11 2b11 2b11 2b11 2b11 2b31 2b31 2b11 2b11 2b11 2b11 2b11 2b11 2b11 2b11 2b11 2b11 2b11 2b11 2b12 2b12 2b12 2b12 2b11 2b11 2b11 2b11 2b11 2b11 2b11 2b11 2b11 2b32 2b12 2b12 2b12 2b12 2b11 2b11 2b11 2b11 2b11 2b11 2b11 2b11 2b11 2b32 2b32 3332 3332 2b32 2b12 2b12 2b11 2b11 2b11 2b11 2b12 2b12 2b12 2b12 2b12 2b12 2b11 2b11 2b12 3332 3332 3332 3332 3332 3332 3312 3311 3b52 3311 3b32 3b32 3311 3332 2b11 3311 3b31 4b51 63d2 5b91 5330 6c34 430f 5bd3 4b92 4351 3b31 4392 3311 3b31 3b11 4351 3b10 4b92 4b51 4351 5bb3 4310 63f3 4b0f 63d2 5b70 6bd1 6bf1 73f1 73f1 73f1 73f1 73d1 73f1 73f1 73f1 73f1 73d0 73f1 73f1 73f1 6bd1 6bd1 63b1 5350 63d2 4b0f 63f2 5330 5bb2 5350 5b91 63b2 4b50 63f3 4b30 63f3 4b0f 63d2 5b91 5371 63d2 42ef 63f3 4b10 5bd2 5351 5391 5bb2 4b50 63f3 42ef 63f3 4b30 5bb2 5371 5371 5bd2 4b0f 6c13 430f 63d2 5350 5b91 5bb2 4b30 63f2 6c33 6c32 6c32 6c32 6c52 6c32 6c52 6c52 6c53 6c52 6c33 6c33 6c33 63f2 4b50 63f2 4b30 63f3 5350 5bb2 5371 5351 63d3 4b10 63f3 4b10 63b2 5351 5391 5371 4b50 5bd2 3aef 5bd3 3aef 4b72 3b31 3b11 4352 3b11 4372 32d0 4332 32f0 5392 5392 5371 5bb2 4b30 63f3 42ef 63f3 4b30 5bb2 5b92 5371 63b2 4b30 63d2 5b91 6c53 6c53 6c52 6c33 6c33 6413 4b2f 6413 4b30 63f3 5371 5b92 63d3 4b30 63f3 4b30 63d3 5351 5bb2 5bb2 5351 63d3 4b0f 6413 4b30 63d3 5351 5b92 5392 4b30 5392 32f0 3311 3331 3352 4393 3b52 3332 3311 2b11 
3331 3332 2b31 3331 3331 2b31 2b31 2b11 3311 3331 3311 3311 2b11 3331 3332 3311 3312 3312 3332 3311 2b31 2b31 3331 3331 3331 3331 3311 3311 3332 3332 2b12 2b12 2b11 3332 3332 3332 2b32 2b11 2b11 2b32 2b32 2b11 2b11 2b11 2b11 2b11 2b11 2b11 2b12 2b12 2b11 2b11 2b11 2b11 2b11 2b11 2b31 2b11 2b11 2b11 2b11 2b11 2b11 2b11 2b11 2b11 2b11 2b11 2b11 2b11 2b11 2b11 2b11 2b11 2b11 2b11 2b11 2b11 2b11 2b11 2b11 2af1 2b11 2b11 2b11 2b11 2b11 2b11 2b11 2b11 2b11 2b11 2b11 2b11 2b11 2b11 2b11 2b11 2b11 2b11 2b11 2b11 2b11 2b11 2b11 2b11 2b11 2b11 2b12 2b12 2b12 2b12 2b11 2b11 2b11 2b11 2b11 2b11 2b11 2b11 2b11 2b11 2b11 2b11 2b11 2b11 2b11 2b11 2b11 2b11 2b11 2b11 3312 3311 5c14 4b51 5371 6c14 4330 53b2 3b10 4331 4352 3311 3b52 32f0 3310 53d4 3b10 53b3 4351 4b51 5372 4b31 63d3 4310 63d3 5350 5bb1 5370 63b1 6bf1 73f1 73f1 73f1 73f1 73f1 73f1 73f1 73f1 73f1 73f1 73f1 5b70 6bf1 5b90 5b91 5b91 5350 5bb2 4b30 5bb2 5350 5b92 5371 5351 5bb2 4b30 63d2 4b0f 63d2 5351 5b92 5b92 5350 63d3 4b10 63d2 4b50 5bb2 5391 5371 5bb2 4b2f 63f3 4b30 5bb2 5351 5b91 5b91 5350 63d2 4b10 63f3 4b30 5bb2 5b71 5371 5bb2 5350 6c33 6c32 6c32 6c32 6c33 6c32 6c52 6c52 6c32 6c32 6c52 6c32 63f1 5391 5bd2 4b50 63f2 5350 5bd2 5370 5b91 5bb2 5351 5bd2 4b30 5bb2 5350 5bb2 5371 5371 5392 4b30 5bb2 4330 4b72 4331 3b31 3b11 3b11 4352 3b11 3b31 3af1 4b72 4b51 5372 5bb2 5371 5bd2 4b50 63f3 4b30 5bb2 5371 5b91 5bb2 5371 63d2 4b50 63d2 6c33 6c32 6c33 6c33 63f2 5350 63d3 4b50 63f3 5371 5bb2 5b92 5391 5bd3 5350 5bd2 5350 5bb2 5b91 5391 5b92 4b50 5bd2 4b50 5bb2 5351 5bb2 5371 5371 5392 4331 53d4 3311 3311 3331 3b52 3311 3311 3311 2b11 
32f1 3311 3311 3311 3311 2b11 2b11 2af1 2af1 2af1 2b11 2b11 2af1 2b11 2b11 2af1 2b11 2b11 2b11 2b11 3311 3311 2b11 2b11 2b11 2b11 2b11 2b11 2b11 2b11 2b12 2b12 2b11 2b11 2b11 2b11 2b11 2b11 2b11 2b11 2b11 2b11 2b11 2b11 2b11 2b11 2b11 2b11 2b11 2b11 2b31 2b31 2b31 2b31 2b11 2b11 2b11 2b11 2b11 2b11 2b11 2b11 2b11 2b11 2b12 2b12 2b12 2b12 2b12 2b12 2b12 2b32 2b32 2b11 2b12 2b12 2b12 2b12 2b12 2b12 2b11 2b11 2b11 2b11 2b32 2b32 2b31 2b31 2b31 2b31 2b31 2b11 2b11 2b11 2b11 2b11 2b11 2b11 2b11 3312 3332 3332 3332 2b32 2b11 2b11 2b11 2b32 2b32 2b32 2b32 2b32 2b32 2b32 2b11 2b32 3332 3332 2b32 2b11 3331 3331 3311 3311 3332 3332 3332 2b12 2b12 3332 2b32 3332 2b32 3332 3b52 3b31 3b10 3b11 3b31 4372 3b10 4392 3b11 4b93 3b31 3311 3b31 3b11 4352 4331 4b51 4b51 4351 4b72 4b31 53b2 4b51 5b92 5351 5b91 5b70 6391 6bd1 6390 6bf1 73f1 73f0 73d0 73d0 73f1 73f1 7411 5b70 63b1 5b70 5b71 5b91 5b91 5b91 5371 5b91 5371 5b92 5351 5371 5b72 5351 5bb2 4b50 5bb2 5351 5b92 5371 5371 5bb2 5351 5b92 5351 5391 5371 5391 5bb1 5371 5bb2 5350 5bb1 5371 5b91 5371 5391 5bb2 5370 5bb2 4b30 5b92 5371 5391 5391 5391 63d2 6c33 6c33 6c33 6c33 6c33 6c33 6c32 6c52 6c32 6c32 6c33 6c33 63f2 5bb2 5371 5bb2 5391 5b91 5391 5391 5391 5b91 5bb2 5371 5b91 5371 5b92 5371 5391 5371 4b71 5392 4b51 4b51 4351 3b31 3b31 3b31 3b11 3b31 4331 3b11 3b11 4311 4b71 5372 5371 5b92 5371 5bb2 5351 5bb2 5371 5b92 5b91 5391 5b92 5371 5b91 5bb1 6c33 6c32 6c32 6c33 6412 5bb2 5371 5bb2 5391 5bb2 5391 5391 5b92 5371 5bb2 5371 5bb1 5371 5b91 5b91 5371 5391 5351 5b92 5371 5b92 5b71 5371 5372 4b51 4351 3b31 3b31 3331 3331 3332 3332 3312 3312 3312 
53d3 3af0 53b3 4311 4372 3b51 3311 3311 3331 3331 2b31 3331 2b11 2b11 2b32 2b11 2b11 2b11 2b11 2b11 3332 3312 2b32 3332 3331 2b11 2b11 2b11 2b11 2b11 2b11 2b11 2b11 2b11 2b11 2b11 2b11 2b11 2b11 2b11 2b11 2b11 2b11 2b11 2b11 2b11 2b11 2b11 2b11 2b11 2b11 2b11 2b11 2b11 2b11 2b11 2b11 2b11 2b11 2b11 2b11 2b11 2b11 2b11 2af1 2b11 2b11 2b11 2b11 2b11 2b11 2b11 2b11 2b11 2b11 2b11 2b11 2af1 2af1 2af1 2af1 2af1 2af1 2af1 2b11 2b11 2b11 2b11 2b11 2b11 2b11 2b11 2b11 2b11 2b11 2b11 2b11 2b11 2b11 2b11 2b11 2b11 2b11 2b11 2b11 2b11 2b11 2b11 2b11 2b11 2b11 2b11 2b11 2b12 2b12 2b12 2b12 2b12 2b11 2b11 2b11 2b11 2b11 2b11 2b11 2b31 2b11 2b11 2b12 3312 2b32 2b11 2b32 3312 2b11 3332 3b52 4393 3311 3311 3331 4392 3310 4331 3b31 3311 3b11 4b52 4352 4b52 4b51 4331 4b71 4331 4b71 4b71 5371 5371 5371 5371 5b92 5b91 5b91 6bd1 63b1 73f1 73f1 73d1 73f1 73d1 6bd1 63b1 5b91 5bb1 5b71 5b91 5b91 5b71 5b91 5371 5b91 5371 5371 5b92 5371 5391 5371 5371 5391 5391 5371 5b91 5371 5b71 5b92 5371 5b91 5371 5b91 5391 5391 5371 5b91 5b91 5371 5b92 5371 5391 5391 5391 5391 5b92 5b71 5371 5b92 5391 5bb2 5391 5390 6c33 6c33 6c32 6c32 6c12 6c33 6c33 6c33 6c33 6c33 6c33 63d2 6c13 5bd2 5391 5bb2 5bb2 5391 5bb2 5371 5391 5391 5391 5b92 5371 5b92 5371 5b92 5371 5371 5371 5371 4b71 4b51 4b92 4331 4b72 4352 3b11 3b11 3b11 3b51 3310 3310 3b11 4b71 5391 5391 5b91 5371 5371 5b92 5b91 5b92 5b92 5b71 5b92 5bb2 5371 5bb2 5bb1 6c33 6c33 6c53 6c33 6412 53b1 5391 5391 5b92 5b92 5371 5b92 5b92 5b91 5bb2 5371 5b91 5b91 5b91 5391 5371 5b92 5371 5b92 5b71 5b71 5371 5b92 5b71 5372 5372 4351 3311 3332 3331 2b32 2b32 2b12 2b12 2b12 
5bb1 5370 63d2 5371 5bb2 4b51 4311 4311 3b31 3310 3b31 3331 3331 2b11 3331 3331 3311 3311 3311 3311 3311 3311 3331 3331 3311 3311 3311 3311 2b11 2b11 3332 3332 3331 2b11 2b11 2b11 2b11 2b11 2b11 2b11 2b32 2b32 2b32 2b32 2b32 2b11 2b11 2b11 2b32 2b32 3312 3312 2b12 3312 3312 3332 3312 3312 3312 3312 2b12 2b12 3312 3312 2b12 2b12 2b12 2b12 2b11 2b11 2b11 2b11 2b32 2b32 2b32 2b32 2b32 2b32 2b12 2b12 2b12 2b12 2b12 2b12 2b12 2b12 2b12 2b12 2b11 3312 3312 2b11 2b11 2b11 2b11 2b11 2b11 2b11 2b11 2b11 2b11 2b11 2b11 2b11 2b12 2b12 2b12 2b12 2b11 2b11 2b11 2b11 2b11 2b11 2b12 2b12 2b11 2b11 2b11 2b11 2b11 2b11 2b11 2b11 2b12 2b12 2b12 2b12 2b11 2b32 2b11 2b11 2b11 2b11 3312 2af1 3311 3311 3311 3b52 3311 3b31 3b11 3b31 3b11 3b10 3b11 4352 3b11 3b31 3b11 3b11 4331 3b11 4372 4331 4b71 4b51 5392 5371 5391 5371 5371 5b91 63b1 63b1 6bd2 63b1 6bd1 6bd2 5b91 5350 63d2 5350 5bd2 5371 5b91 5bb2 5350 5bb2 5350 5bb2 5351 5b91 5371 5371 5371 5371 5b92 5350 5b92 5371 5371 5b71 5351 5bb2 4b30 5bb2 5350 5b92 5371 5371 5b92 5350 5bb2 5350 5bb2 5371 5bb2 5b91 5371 5bb2 5350 5bb2 5371 5b92 5371 5350 6412 6413 5bb1 6c33 63d2 6413 6412 6413 6c13 63d2 6c33 5bd2 5bb1 5bb2 5391 5b91 5bb2 5371 5bd2 5370 5bb2 5371 5391 5391 5371 5bb2 5350 63d2 4b50 5391 5371 4b51 4b71 4310 5392 3b10 4b72 3b11 3b31 3b31 3311 4352 32f0 3310 32ef 4331 4b71 5392 5391 5371 5b92 5351 63b2 5330 5bb2 5391 5b91 5bb2 4b50 63f3 4b30 63d2 6c13 6c12 6c32 6c12 63f2 5370 5bd2 5371 5bb2 5371 5b92 5b92 5b91 5bd2 5371 5bd2 5351 5bb2 5371 5371 5b71 5330 5bb2 5351 5bb2 5351 5bb2 5371 5371 5b92 4b51 4b72 3b31 3311 3331 3332 2b32 2b12 3312 3312 
5330 6bd2 5b50 63d2 5b71 5b92 5371 5392 5392 5372 4b92 3b31 3b31 3b11 4352 3b11 4352 3b31 4352 4331 4332 4352 3b11 4352 3b11 4352 3311 2b11 2b11 2b11 2b11 2b11 2af1 2b11 2b11 2b11 2b11 2b11 2b11 2b11 2af1 2af1 2af1 2af1 2af1 2af1 2b11 2b12 2b11 2b11 2af1 2af1 2af1 2af1 2af2 2af2 2af1 2af1 2b11 2b11 2b11 2b11 2b11 2b11 2b11 2b11 2b11 2b11 2b11 2b11 2b11 2b11 2b11 2b11 2b11 2b11 2b11 2b11 2b11 2b11 2b11 2b11 2b11 2b11 2b12 2b12 2b11 2b11 2b11 2b11 2b11 2b12 2b12 2b12 2b12 2b12 2b11 2b11 2b12 2b12 2b11 2b11 2b32 2b32 2b12 2b12 2b12 2b12 2b11 2b11 2b11 2b11 3312 3312 2b12 2b12 2b11 3312 3312 3312 3312 3332 2b11 3312 3332 3332 3332 3332 3332 3332 3332 3332 3332 3332 2b32 2b32 3332 3311 3311 53d4 3af0 53b3 3b31 4393 3b31 3b31 4372 32f1 4392 32f0 3311 3b11 3b31 4352 3b11 4b72 4331 5392 4b30 5b92 5371 5391 5b91 5371 63d2 5350 63d2 5b91 63b1 5b91 5350 63d2 4b10 63f3 4b50 5bb2 5b92 5351 63d2 4b30 63d2 4b30 5bb2 5350 5b92 5b92 5351 5bb2 4b30 63d3 4b30 5bb2 5391 5371 5bb2 4b30 63f3 4b10 5bb2 4b50 5b92 5b92 5351 63b2 4b0f 63f3 4b30 63d2 5371 5371 5bb2 4b30 63f3 4b10 5bd2 5351 5391 5391 5391 63f2 4b50 63f2 5371 5bb2 5391 5bb2 5bd2 5370 63f2 5350 63f2 5391 5b92 5bb2 5350 63f3 4b30 63f3 4b50 5bb2 5391 5371 63d2 4b30 63f3 4b0f 63f3 4b50 5391 5391 4330 53b2 3aef 5bd3 3af0 4372 3b31 32f0 4372 32f0 4b93 32d0 4351 4331 5392 5372 5371 63d3 4b30 63f3 4b10 63f3 5351 5b92 5bb2 5371 63d3 430f 6412 6c33 6c33 6c33 6c32 6c32 6c33 63f2 4b50 63f3 4b50 5bb2 5371 5371 5bb2 4b10 63f3 4b30 63d3 4b50 5b92 5b92 5351 63b2 4b10 6bf3 4b30 5bb2 5351 5371 5bb2 4b10 5bd3 4331 4352 3311 3331 3332 3332 2b12 3332 3312 
7434 4aef 7413 532f 63d2 5350 63b2 5b91 5b71 63d2 4b51 53b2 4b92 3b51 53d4 4352 53f4 4352 4b93 4352 53b3 53b3 4331 53d4 3b11 53f4 3331 3331 3332 3332 2b11 2b11 2b11 3312 2b11 2b11 3332 3332 2b11 2b32 3312 3312 2b11 2b11 2b11 2b11 2b11 2b11 2b12 2b12 2b12 2b12 2b12 2b12 2b12 2b11 2b11 2b11 2b11 2b11 2b11 2b11 2b11 2b11 2b11 2b11 2b12 2b12 2b11 2b11 2b11 2b12 2b12 2b12 2b12 2af2 2b11 2b11 2b11 2b11 2b12 2b12 2b11 2b11 2b12 2b12 2b11 2b11 2b12 2b12 2b11 2b11 2b11 2b11 2b11 2b11 2b12 2b12 2b12 2b12 2b11 2b11 2b11 2b11 2b12 2b12 2b12 2b11 2b11 2b11 2b11 2b11 2b12 2af1 2b11 2b11 2b11 2b11 2b11 2b11 2af1 2b12 2af1 2b11 2af1 2b11 2b11 2b11 2b11 2b12 2b11 2b11 2b11 2b11 2b11 2b11 2b11 2b11 3310 3310 3af0 3b11 32f0 3af0 3b10 3af1 3af1 3b11 32f0 4b92 4331 4351 4311 3b10 4351 3aef 5bd3 430f 5bf3 4b50 5bb2 63b2 5350 6bf3 4aef 6c34 4b10 63d2 5370 5370 63d2 4b0f 6c13 42ef 63d2 5351 5b71 5b92 4b30 63f3 4b0f 6c14 4b0f 63b2 5371 5371 63d3 42ef 6413 42ef 63f3 4b30 5b92 5b92 4b30 6bf3 42ef 63f3 4aef 63d2 5b71 5b91 63d3 4b0f 6c13 42ef 6413 4b30 5bb2 5bb2 4b30 6c14 42ee 6c34 4b30 5bd2 5b91 5371 63d2 5350 6c33 4b2f 6c13 5370 5bb2 5bb2 5350 6c13 42ef 6c33 4b2f 5bd2 5bb2 5370 63f3 42ef 6c33 4b30 63f3 4b50 5b91 63d2 5330 6bf3 42ce 6c34 42ef 63b2 5371 4b30 5bd3 42ef 6434 3acf 53b3 4311 4352 4352 3b11 4b93 32d0 3b11 32cf 5bf4 4b51 5b92 5bd2 4b30 6c13 42ef 6c34 430f 63f3 5351 5b91 63d2 4b2f 6c33 63f2 6c32 6c32 6c32 6c32 6c32 6c32 5370 6413 42ef 6c13 4b50 5bb2 5b92 4b30 6bf3 42ef 6413 4b0f 63f3 5350 5b92 5bb2 4b0f 6c14 42cf 6c14 4b31 5bb2 5371 4b30 6414 42ef 4b92 3b11 4bb3 3b52 3311 2b32 2b12 2b11 2b11 
3aae 6413 430f 63f3 4b30 5bb3 4b31 5b92 5392 4330 6434 32f0 3311 32f0 32f1 3311 2b10 2b10 2b10 3311 2b11 3311 3311 32f1 32f1 32f1 3311 2b11 2b11 3311 3312 3312 2b11 2b11 2b11 2b11 2b11 2b11 2b11 2b11 2af1 2b11 2b11 2b11 2b11 2b11 2b12 3312 2b11 2b11 2b11 2b11 2b11 2b11 2b32 2b32 2af1 2af1 2b11 2b11 2af1 2b11 2b11 2b11 2b11 2b11 2b11 2b32 2b11 2b11 2b32 2b32 2b12 2b12 2b12 2b12 2b12 2b12 3312 3312 2b11 2b11 2b11 2b11 2b12 2b12 2b12 3312 2af1 2af1 2b12 2b12 2b11 2b11 2b11 2b11 2b10 2b31 2b51 2b52 2b31 3332 2b32 3332 2b31 2b11 3332 3332 3312 3312 3332 3332 2b11 2b31 2b31 2b31 2b32 2b32 3312 3332 2b12 2b12 2b32 2b32 2b32 2b32 2b32 2b32 2b31 2b31 2b31 2b31 2b32 2b32 3332 3332 2b11 3311 3311 5c15 4331 63f4 4b31 5bd3 4372 3b51 4392 3b31 53d4 3af0 5bd4 4311 4b72 4b72 4331 5bd4 3aaf 6c14 4b30 63f3 5371 5371 63f3 4b0f 7454 42ee 6bf3 5351 5b71 63b2 5330 6c14 42cf 6bf3 4b10 5bb2 5371 4b50 63f3 430f 6c34 42ef 6c13 4b30 5b91 5bb2 4aef 6c14 42cf 6c14 4b0f 63d3 5370 4b50 63f2 42ef 6c13 42ef 6bf3 4b10 5b91 5b92 4b30 6c14 42cf 6c34 4b10 63d2 5370 4b50 6413 42ef 6c54 42ef 6bf3 5351 5b91 5b91 4b30 6c14 42ef 7454 4b10 63f3 5370 4b70 6433 4b2f 6c54 42ef 6c13 5371 5b91 5bd2 4b10 6c13 42ef 6c13 4b10 5bb2 5371 5370 6413 430f 6c34 42ef 6c13 5351 5371 5bb2 4b10 6c14 3aaf 6c14 42f0 53b3 4330 3b30 4bb2 32ef 4b92 32af 4b72 42f0 5bb2 5351 5371 63d3 4aef 7414 42cf 6c34 430f 5bb1 5391 4b50 6c33 5bb1 6c33 6c13 6c32 6c32 6c33 6c32 6c13 6c34 42ef 6c34 430f 5bf2 5391 5371 63d2 42ef 6c34 42ef 6c13 42ef 5bb2 5b92 4b10 6bf4 42cf 6c34 430f 53d2 4b50 4b51 5bd3 42f0 6c76 3af0 3311 32f1 3312 3312 3332 3312 3312 3312 
3310 3b31 3311 3b31 3311 3b11 3311 3b11 3b11 3b31 3311 3311 2b11 3332 2b11 2b11 2b11 2b32 2b11 3332 3331 3331 3331 3311 3332 3331 3332 2b32 3332 3332 2b12 2b12 2b11 2b11 2b12 2b12 2b12 2b12 2b11 2b11 2b11 2b11 2b11 2b11 2b11 2b11 2b11 2b11 2b11 2b11 2b11 2b11 2b11 2b11 2b11 2b11 2b11 2b11 2b11 2b11 2b11 2b11 2b11 2b11 2af1 2b11 2b11 2b12 2b11 2b11 2b11 2af1 2b11 2b11 2b11 2b11 2b11 2b11 2b11 2b11 2b11 2b11 2b11 2b11 2b11 2b11 2b11 2af1 2af1 2af1 2af1 2af1 2af1 2b11 2b11 2b11 2b11 2b31 2b11 2b11 2b11 2b11 2b11 3331 2af1 3311 32f1 3b32 32f1 3b32 32f1 32f1 2b11 2b11 2b11 2b11 2b12 2b12 2af1 2af1 2b11 2b11 2b11 2b11 2b11 2b11 2b11 2b11 2b11 3312 2b12 2b12 2b12 2b12 2b11 2b11 2b11 2b11 2b11 3311 3310 3b10 32ef 3af0 3af0 3af0 32f0 3b11 32f1 32f1 32f0 3311 32f0 3310 3b31 32f0 53b2 42f0 63f4 5351 5bb2 5bb2 5350 6c34 4aef 6c13 5330 63b2 5b71 5351 63d3 4b0f 6c14 4aef 63d3 5331 5b92 5b92 4b30 6bf3 42ef 6c14 4b10 63d2 5b91 5350 63f3 42ef 6413 430f 63f3 5350 5391 5bb2 4b30 63f3 42ef 63f3 42ef 63d3 5371 5371 63d3 42ef 6c14 42ef 63f3 5350 5b92 5bb2 4b30 6c13 42ef 6c33 4b30 5bd2 5b91 5371 63f3 4b30 6c34 4b0f 6c13 5351 5bb1 5bd2 5350 6c33 4b0f 6c13 5350 63d2 5bb2 5370 63f3 430f 6c14 42ef 63d3 5351 5b91 5b91 4b30 6c33 42ef 6c13 4b30 63d2 5b92 5351 63f3 42ef 6c35 4b10 63d3 4b30 5372 4b51 4310 5392 3af0 4331 32cf 5bf3 4b31 5b92 5bb2 4b30 6c14 4aef 6c14 4aef 63d2 5351 5b92 5bb2 4b2f 6c33 6c13 6c33 6c32 6c33 6c33 6c33 6413 4b30 6c34 4b10 6c13 4b50 5b92 5bb2 4b50 63f3 42ef 6413 42ef 63f3 4b30 5371 5bb2 42ef 6c14 42f0 5bd3 4310 4351 4b51 3af0 3b10 3af0 3310 3311 2b11 3311 3311 2b11 2b11 2b12 2b12 
2b11 2af1 2b11 2b11 2af1 2b11 2af1 2b11 2af1 2af1 2b11 2b11 2b11 2b11 2b11 2b11 2b11 2b11 2b11 3311 3331 3311 3311 4bd4 3b52 3331 2b11 2b11 2b11 2b11 2b11 2b11 2b11 3312 3312 3312 2b11 2b11 2b11 2b11 2b32 2b32 2b11 2b11 2b11 2b11 2b11 2b11 2b11 2b11 2b11 2b11 2b11 2b11 2b11 2b11 3332 2b32 2b32 2b32 2b11 2b11 2b11 2b11 2b11 2b11 2b11 2b32 2b32 2b32 3332 3332 2b11 2b11 2b11 2b11 2b11 2b11 2b11 2b11 2b11 2b11 2b11 2b11 2b11 3312 2b12 2b12 2b12 2b12 2b11 2b32 2b11 2b32 3332 2b32 2b11 2b32 3332 3312 3311 3332 3b52 4393 3311 53f4 32f1 4bd4 3331 4372 3311 4bb4 3b52 3311 2b11 3312 2b12 2b12 2b12 2b12 2b32 2b11 2b11 2b11 2b32 2b32 2b11 2b11 2b11 2b11 2b32 2b32 2b32 2b32 2b32 2b32 2b12 2b12 2b11 3311 3311 53d4 4331 53b3 4372 3b31 4372 3311 4b93 3b11 4bb3 3b31 4352 4352 3b11 53b3 3af0 5bf3 4b30 5bd2 5371 5371 63d2 4b0f 6c13 5330 63d2 5371 5b91 5bb2 5350 63f3 4aef 6bf3 4b10 5bb2 5371 5371 5bb2 4b0f 6413 430f 63f3 5350 5b71 5b92 4b30 63d3 4b0f 63d3 4b30 63d2 5391 5350 5bd2 4b0f 63d3 42ef 63d3 4b30 5b92 5b92 4b30 63d3 42cf 63f3 5350 5b92 5b92 5371 63d2 4b30 6c33 430f 63f3 5351 5b91 5bb2 5350 6c13 4b2f 6c13 4b50 63d2 5371 5371 63f3 4b30 63f3 4b30 63d2 5371 5b91 5bb2 4b0f 63f3 42ef 63f3 4b10 5bb2 5b71 5351 63f2 4b0f 6413 4b0f 63d2 5b71 5371 63b2 4b30 63f3 430f 63f3 4b30 5bb2 5351 4b51 5392 3af0 53b3 32cf 4b72 4330 5bb2 5371 5351 63d3 5330 6bf3 4aef 6bf3 4b30 5bb2 5371 5371 63d2 430f 6c54 4b4f 6c13 5b91 5bb1 63f2 4b50 6413 4b30 6bf3 4b30 63f3 5371 5371 5bd2 4b10 63d3 42ef 63d3 4b10 5bb2 5371 4310 6413 3b0f 5bf3 4330 4b71 4351 4351 53b3 4372 4bb3 3311 3331 3332 3331 3331 2b11 3311 3312 2b11 
2b11 2b11 2b11 2b11 2b11 3311 3311 3311 3311 3311 3311 3311 3311 3311 3311 3311 2b11 2b11 2b11 3311 3311 3311 3311 4372 3b31 3331 3311 2b11 2b11 2b11 2b11 2b11 2b11 2b11 2b11 2b11 2b11 2b11 2af1 2af1 2b11 2b11 2b11 2b11 2b11 2b11 2b11 2af1 2b11 2b11 2b11 2b11 2b11 2b11 2b11 2b11 2b11 2b11 2b11 2b11 2b11 2b11 2b11 2b11 2b11 2b11 2b11 2b11 2b11 2b11 2b11 2b11 2af1 2af1 2af2 2af2 2af1 2af1 2af1 2af1 2b11 2b12 2b11 2b11 2b11 2b11 2b11 2b11 2b11 2b11 2b11 2b11 2b11 2b11 2b11 2b11 2b11 2b11 2b11 2b11 3b72 4373 3b31 3b31 4373 3b32 4393 3311 2b11 2b11 2b11 3332 3332 3311 2b11 2b11 2b12 2b12 2b12 2b12 2b11 2b11 2b11 2b11 2b11 2b11 2b11 2b11 2b12 2b12 2b32 2b11 2b11 2b32 2b32 2b32 2b11 3312 3311 3b31 3b31 3b11 32f0 3af0 3af0 32f0 32f0 3311 3311 3311 3b31 3311 3311 3311 3b11 3b10 4351 4330 5bb2 5351 5b92 5bb2 5351 63d3 4b30 5bb2 5371 5bb2 5371 5b91 5bb1 5350 63b2 4b30 5bb2 5371 5371 5b91 5370 63f2 4b0f 63f3 4b30 5b91 5371 5351 5b92 5330 5bb2 4b30 5bb2 5351 5bb1 5371 5350 5bd2 4b30 5bb2 4b30 5bb2 5371 5371 5bb2 4b10 63d3 4b30 5bb2 5371 5b92 5b92 5371 63f3 4b2f 63f2 5350 63d2 5371 5371 63d2 5350 63f3 4b50 63f2 5371 5371 63b2 5350 5bb2 5371 5bb2 5350 5bb2 5b91 5371 5bb2 4b30 63d3 4b30 63d2 5351 5b71 5b92 5350 63d3 4b2f 63d2 5350 5bb2 5b91 5371 5bb2 4b30 63f3 4b10 5bd2 5351 5b92 5371 4b51 4b72 3af0 4331 3aef 5392 5371 5371 5bb2 5371 5bb2 5350 63d3 4b30 63d2 5371 5b91 5bb2 5350 63f3 4b50 63d2 5371 5bd2 5bb2 5391 5bb2 5351 63d3 5330 63d2 5371 5bb2 5b71 5371 5bb2 4b30 5bb2 4b10 63d3 4b31 4b30 4b71 3b10 3b30 3b10 3b10 3b10 3af0 3b10 3af0 3b10 3b10 3311 3331 3331 2b31 2b11 2b11 2b11 2b11 2b11 
2b11 2b11 3311 2b11 3311 3311 3311 3311 2b11 2b11 2b11 3331 3311 3311 2b31 3332 2b31 2b11 2b11 3311 3312 3312 2b11 3312 3311 3311 3331 2b31 2b11 2b11 2b11 2b11 3311 3311 3312 2b11 2b11 2b11 2b11 2b11 2b11 2b11 2b11 2b11 2b11 2b11 2b11 2b11 2b12 2b12 2b12 2b12 2b11 2b11 2b11 2b11 2b32 2b32 2b11 2b11 2b11 2b11 2b11 2b11 2b11 2b11 2b11 2b11 2b11 2b11 2b11 2b11 2b12 2b12 2b12 2b12 2b12 2b12 2b12 2b12 2b12 2b12 2b12 2b12 2b11 2b11 2b11 2b11 2b11 2b11 2b11 2b11 2b11 2b11 2b11 2b11 2b32 3312 3311 3311 3311 3b31 3311 32f0 3311 32f1 3331 2b11 2b11 2b32 2b11 2b11 2b11 2b12 2b11 2b12 2b12 2b11 2b12 2b11 2b11 2b11 2b11 2b11 2b11 2b11 2b11 2b11 2b11 2b12 2b12 2b12 2b12 2b12 2b11 2b11 2b11 3311 2b10 4bd4 3b31 4b92 4351 4372 4352 4352 4b73 3b31 4b93 3b11 53d4 3b31 4b93 4372 3b31 53d3 4331 53d2 4b51 5bb2 5b91 5b71 5bb2 5351 5bb2 5371 5b91 5371 5b92 5391 5371 5bb1 5370 5bb1 5351 5391 5371 5b71 5b92 5351 63b2 5330 5b92 5371 5371 5b91 5371 5b91 5371 5b91 5371 5b91 5371 5371 5b91 5351 5b92 5330 5b92 5371 5b71 5b91 5371 5bb2 5350 5bb2 5371 5b91 5b91 5b91 5b92 5351 5bd2 5350 5bb1 5371 5b91 5bb1 5b71 63b2 5371 5bb2 5371 5b91 5b91 5b71 5b91 5350 5bb1 5350 5b91 5371 5bb1 5391 5370 5bb2 5351 5bb2 5371 5b92 5b92 5371 63d2 4b50 5bb2 5371 5bb2 5b91 5b91 5391 5371 5bb2 5350 5bb2 5350 5b91 5371 5371 4b71 4351 4351 3b10 4351 4b71 5391 5371 5371 5391 5391 5b91 5371 5b92 5351 5b92 5371 5371 5bb2 5371 5bb2 5350 5bb2 5b91 5391 5bb2 5371 5bb1 5391 5bb1 5371 5b91 5371 5391 5391 5371 5bb2 4b50 5b92 5351 5392 4b72 4331 53b3 4b52 53d3 4b72 53d3 4b72 53b3 4b72 4b72 4b92 3310 3331 3331 2b31 2b31 2b31 2b31 2b11 2b11 
2b11 2b11 2b11 2b11 2b11 2b12 2b12 2b11 2b11 2b11 2af1 2b11 2b11 2b11 2b11 2b11 2b11 2b11 2b11 3312 2b32 2b11 2b11 2b11 2b11 2b11 2b12 2b11 2b11 2b11 2b11 3311 2b11 2af1 2af1 2b11 2b11 2b11 2b11 2b11 2af1 2af1 2b11 2af1 2af1 2af1 2b11 2b11 2b12 2b12 2b12 2b12 2b11 2b11 2b11 2b11 2af1 2b11 2b11 2b11 2b11 2b11 2b11 2b11 2b11 2b11 2b11 2b11 2b11 2b11 2b11 2b11 2b11 2b11 2b11 2b11 2b12 2b12 2b12 2b12 2b12 2b12 2b12 2b12 2b12 2b12 2b11 2b11 2b11 2b11 2b11 2b11 2b11 2b32 2b32 3332 3331 3331 3b31 4372 4351 3b31 4372 3b31 3b52 3b32 3b72 3312 3312 3332 3311 3311 3332 2b32 2b12 2b12 2b12 2b12 3332 2b12 2b32 2b32 2b32 2b32 2b11 2b11 2b11 2b11 2b31 2b31 2b32 2b32 3332 2b32 3331 3331 2b31 3331 3331 3331 3311 3b31 3311 3b11 3b11 3b11 3b31 3b11 3b51 3b31 3b31 3310 3b31 3310 3b10 3b10 4b51 5392 5392 5b92 5b91 5b92 5b91 5b92 5b91 5351 5b92 5371 5b92 5bb2 5b71 5b92 5371 5b91 5371 5b91 5371 5b92 5b92 5b91 5371 5b92 5371 5371 5b91 5391 5391 5b91 5371 5371 5371 5b91 5b91 5371 5b71 5b91 5371 5371 5371 5371 5371 5371 5b91 5371 5b91 5b91 5b91 5b91 5b91 5b91 5b71 5b92 5b91 5391 5bb1 5b91 5bb1 5b91 5b71 5b91 5b91 5b91 5b91 5b91 5b91 5b91 5bb1 5b91 5b91 5371 5b91 5b91 5b91 5391 5b91 5371 5391 5391 5371 5b92 5b71 5b91 5371 5b92 5b91 5b71 5bb2 5371 5391 5371 5371 5371 5371 5371 5371 5371 5371 5371 5391 4b71 4b71 3af0 4351 5371 5b92 5371 5b91 5b91 5371 5b91 5370 5b91 5371 5b92 5b91 5b91 5b91 5bb2 5b91 5b91 5b91 5b91 5b91 5b91 5b91 5b91 5391 5bb1 5391 5b92 5371 5371 5b92 5391 5391 5371 5392 4b71 4b51 3b10 3af0 3af0 3aef 3af0 3af0 3b10 3b10 3b10 3b10 4351 4351 4392 3331 3331 3312 3312 3332 2b32 2b11 2b11 
3332 3312 3312 3312 2b11 3312 2b12 3312 3312 3312 2b11 2b11 2b31 2b11 3312 3332 2b11 2b32 3332 3332 3332 3331 2b31 3331 3311 3311 2b11 2b11 2b11 2b32 2b32 2b11 3311 2b11 3312 3312 2b11 2b11 2b11 2b11 2b11 2b11 2b11 2b11 2b11 2b11 2b11 2b11 2b12 2b12 2b11 2b11 2b11 2b11 2b11 2b11 2b11 2b11 2b11 2b11 2b11 2b11 2b11 2b11 2b11 2b11 2b11 2b11 2b11 2b11 2b11 2b11 2b11 2b11 2b11 2b11 2b12 2b11 2af1 2af1 2af1 2af1 2b11 2b11 2b11 2b11 2b11 2b12 2b11 2b11 2b11 2b11 2b11 2b11 3311 3311 3311 3b52 3b31 3b31 3b11 3af0 3b51 3310 3b51 3b31 3b52 3311 2b11 2b11 2b11 2b11 2b11 2b11 2b11 2b11 2b11 2b11 2b12 2b11 2b11 2b11 2b11 2b11 2af1 2af1 2af1 2b12 2b11 2b11 2b11 2b11 2b11 2b11 2b11 2b11 2b11 2b11 2b11 3311 3311 4372 3b31 3b31 3b51 3311 3b51 3b11 4372 3b31 4372 3b51 4351 3b51 3b51 4372 4b71 4b51 5bb2 5b71 5b92 5b92 5b71 63b2 5351 5bb2 5351 5bb2 5371 5371 5bb2 5350 5bb2 5350 5bb2 5371 5b91 5b91 5371 5bb2 5371 5b91 5b91 5b91 5391 5371 5b92 5351 5bb2 5351 5b92 5371 5b71 5b91 5351 5b92 5351 5b92 5371 5b91 5b92 5391 5b71 5371 5b92 5351 5b92 5b91 6c12 6bd2 5b70 6391 5350 63d2 5350 5b91 63b1 5b91 63d2 5b70 63d2 5370 63b2 5b71 5b91 5bb2 5371 5bb2 5370 5bd2 5371 5b91 5391 5371 5b91 5371 5bb2 5371 5b92 5b71 5b92 5b91 5391 5bb2 5371 63b2 5371 5bb2 5b91 5371 5b91 5350 5bb2 5350 5391 5370 5391 5371 4b71 5392 4330 4331 3af0 53b2 5371 5b71 5b91 5371 5b91 5350 63d2 5350 5bb2 5371 5b91 5bb2 5b91 63d2 5b91 5bb2 5b71 63b2 5bb2 5b91 5bb2 5391 5bd2 5350 5bb2 5371 5b92 5b92 5371 5b92 5351 5bb2 4b51 53b3 4331 53b3 4b92 53b3 53b2 5bf3 4b91 5bf3 4b92 4b92 4392 3310 3331 3b52 2b11 2b11 2b11 2b11 2b12 2b11 2b11 2b11 
3312 3312 2af1 2af1 2b11 2b12 2b12 2b12 3311 2af1 2b11 2b11 2b11 2b11 2b11 2af1 2af1 2af2 2af1 2af2 2af1 2af1 2b11 2b11 2b11 2b11 2b11 2b11 2b31 2b11 2b11 2b11 2b11 2b11 2af1 2b11 2b11 2b11 2b11 2b11 2b11 2b11 2b11 2b11 2b11 2b11 2b11 2b11 2b11 2b11 2b11 2b11 2b32 2b32 2b11 2b11 3332 3332 2b11 2b11 2b32 2b11 2b12 2b11 3312 3312 2b12 2b12 2b11 2b11 2b11 2b11 2b11 2b11 2b11 2b11 2b11 2b11 2b11 2b11 3332 3312 3312 3312 2b12 2b12 2b32 2b12 2b32 2b32 2b11 2b32 3331 3331 3311 3311 3311 3b11 3310 3310 3310 3310 3af0 32f0 3b11 3b11 3311 3311 3331 3332 3332 3332 3332 2b32 2b12 3332 2b32 2b32 2b32 2b32 2b32 2b32 2b32 2b32 2b32 3332 3332 3312 3332 3332 3332 3332 3331 3331 3331 3331 2b51 2b31 3331 3311 4331 4331 3b31 3b31 3b31 3311 4331 3af1 4b72 32f0 4392 3b31 4351 3b51 3b10 53b3 4310 63d3 4b30 5b92 5371 5371 5bb2 4b30 63f3 4b30 5bb2 4b30 5b92 5b92 5371 63d2 4b30 63f3 4b30 5bb2 5b71 5b71 63b2 5330 63d3 5330 63b2 5351 5391 5bb2 4b50 5bd2 4b2f 63f2 4b30 5bb2 5371 5371 5bb2 5330 63d3 4b10 5bb2 5351 5b91 5391 4b30 63d2 4b30 63d2 5350 63d2 7412 7412 73f2 6370 7433 532f 6bf2 5350 6bf2 6bf2 5b90 6c13 4b2f 63f2 5350 5b91 5b92 5b51 63d2 5330 63d2 4b50 5bd2 5370 5b91 5b91 5350 5bb2 4b30 63f3 4b50 5b91 5b92 5371 63d3 4b30 63f3 4b50 5bd2 5371 5b91 5b91 4b50 5bd2 4b2f 5bd2 4b30 5bb2 5371 5b92 5392 4b30 5bb3 3aef 53b2 4b30 5bb2 5391 5b91 63d2 5350 63f2 4b0f 6bf3 5350 63d3 5b71 5b71 63d2 4b30 63d2 5350 63d3 5b71 5391 5bb2 5371 5bd2 4b30 63d3 4b30 63d3 5351 5b71 5b92 5351 5bb2 4310 5bd3 42f0 4311 3b10 3b10 3b10 3aef 3aef 4310 4310 3af0 3af1 3b31 3331 3331 3332 3332 3332 2b11 2b11 2b32 2b32 2b11 2b11 
2b31 2b31 2b31 2b31 2b11 2b11 3312 3312 2b11 2b11 2b11 3312 3312 3312 3312 3332 2b11 2b31 2b11 2b32 2b32 2b12 3312 3312 2b11 2b11 2b11 2b11 2b11 2b11 2b12 3312 2af0 2b10 2b11 2b11 2b11 2b11 2b11 2b11 2af1 2af1 2b11 2b11 2b11 2b11 2b11 2b11 2310 2310 2b11 2b11 2b11 2b11 2b12 2b12 2b11 2b11 2b11 2b11 2b11 2b11 2af1 2b11 2b11 2b11 2b11 2b11 2af1 2af1 2b11 2b11 2af1 2af1 2af1 2b11 2b11 2b11 2b12 2b12 2af1 2b11 2b11 2b11 2b11 2b11 2b11 2b11 2af1 2b11 2b11 2b12 2b12 3312 3311 53d4 4bb2 3b0f 4b91 53b2 63f3 4b30 63f3 5391 5371 53b2 5c14 3311 3311 2b12 3312 2b12 2b11 2311 2b31 2b31 2b31 2b11 2b31 2b31 2b11 2b11 2b11 2b11 2b11 2b11 3311 2b11 2b11 2b11 2b11 2b11 2b11 2b11 2b11 2b11 2af1 2b11 3311 3b11 5c15 3311 3311 3b31 3330 3330 4351 53b3 3b10 4b72 3b31 3b31 3b11 3b10 4b92 42f0 63f3 4af0 63d3 5351 5b91 5b91 4b50 6413 42cf 6c14 4b10 63d3 5350 5371 63d2 4b2f 6c13 4aef 6c13 5350 5bb1 5bb1 4b50 6413 4b0f 6413 4b10 5b92 5371 5350 63d2 42ef 6c13 42cf 6bf3 5330 5b91 5390 4b50 6413 42ef 6c14 4b10 63b3 5351 5351 63f3 42ef 6c14 4b10 6bd3 5b70 63d0 7410 7410 7411 7411 7432 530e 6bf2 6390 5b70 7413 530f 7434 4aef 6bf3 5b71 5370 5bd1 4b2f 6c33 430f 6c13 4b30 63f2 5370 5370 63d2 4b0f 6c14 4aef 6bf3 5371 5370 5bf2 4b2f 6c53 430e 6c13 4b30 5bb2 5371 4b50 63d2 430f 6c33 42ef 63d3 5330 5b91 5391 4b50 5bd3 3acf 5392 42f0 63f3 4b30 5b92 5b91 4b30 6bf3 4b0f 6c34 42ef 6412 4b50 63d2 5bb2 5350 7434 4b0f 6c33 4b30 5bb2 5371 5371 63d3 4b30 6c14 42ef 6433 432f 5bd1 5391 5370 63d3 42ef 6c14 3acf 53b2 4331 4b92 53b2 53b3 5392 5bf3 4b71 53f3 4371 3331 3331 2b32 2b32 2b32 2b12 2b12 2b12 2b12 2b12 2b12 2b12 2af2 
2af1 2af1 2b11 2b11 2b11 2b11 2b11 2b11 2b11 2b11 2b11 2b11 2b11 2b11 2b11 2b11 3331 3331 3311 3311 3311 3311 2b11 2b11 3332 3331 2b32 2b32 2b32 2b32 2b12 2b12 2b32 2b32 2b32 2b11 2b11 2b11 2b11 2b11 2b11 2b11 2b11 2b11 2b11 3311 3311 3331 3331 2b31 2b31 2b11 2b11 2b11 2b11 2b11 2b11 2b11 2b11 2b11 2b11 2b11 2b11 2b11 2b11 2b11 2b11 2b32 2b11 2b11 2b12 2b12 2b12 2b12 2b12 2b12 2b11 2b11 2b11 2b11 2b31 2b11 2b11 2b11 2b12 2b12 2b32 2b11 2b11 2b11 2b11 2b12 2b32 2b32 3311 3b31 4330 6413 63d2 5b71 6bf2 6391 6392 6bd3 5351 5bb3 3b11 3311 2b11 2b31 2b32 2b32 2b32 2b32 2b32 2b31 2b11 2b11 2b11 2b32 2b32 2b11 2b11 2b11 2b11 2b11 2af1 2af1 2b11 2b11 2b11 2b11 2b11 2b11 2b11 2b11 2b11 2b11 2b31 2b11 3311 3311 2af1 3b52 4351 4b71 4b71 3b10 53d3 3af0 53d3 4311 53b3 4351 4331 6414 3aef 6c14 4b10 63b3 5b91 5371 63f2 430f 6c34 42cf 6c14 4b30 63d2 5bb2 5350 6c13 42ef 7454 4aef 63d2 5b91 5370 63f2 42ee 6c34 42ce 6413 4b50 5b91 5bb2 4b30 6c13 42cf 6c34 4aef 63d3 5371 5371 63f3 42ef 6c34 42ef 63f3 4b30 5b91 5bb2 4b0f 6c34 42ce 6c13 4b2f 63d1 7432 7411 7411 7c31 7c11 7c11 7c32 634f 7bf1 7c11 5b4f 7c33 4aef 7413 4b2f 63d2 5bb1 5350 6c13 42ee 6c34 42ee 6c13 5350 5bb1 63d2 4b30 6c33 42ef 7454 4b30 63d2 5bb2 5350 6c13 4aee 7433 4b0f 6bf3 5350 5b91 63d2 4b0f 7433 4ace 7c54 4b0f 63d2 5351 5371 5bb2 430f 63f3 3acf 5bf3 430f 63f3 5350 5b71 63d2 5310 7414 42ce 7434 4b2f 63d2 5b91 5370 6bf3 4aef 6c34 42ee 6c33 5350 5bb2 5bb2 4b30 6c13 4aef 6c34 42ef 6c13 5371 5bb2 63b2 4b10 6c14 3aef 5bf3 3b10 4371 3310 3b10 3b10 3b10 3b10 3b10 3af0 3311 3311 3331 2b11 2b11 2b11 2b11 2b11 2b11 2b11 2b11 2b11 2b11 2b11 
3312 3332 2b32 2b11 2b11 2b11 2b11 2b11 2b11 2b11 2b11 2b11 2b11 2b11 2b11 2b11 2b11 2b11 2b11 2b11 2b11 2b11 2b11 2b11 2b11 2b11 2b11 2b11 2b11 2b11 2b11 2b11 2b11 2b12 2b12 2b12 2b11 2b11 2b11 2af1 2b11 2b11 2b11 2b11 2b11 2b11 2b11 2b11 2b11 2b11 2b11 2b11 2b11 2b11 2b11 2b11 2b11 2b11 2b11 2b11 2b11 2b11 2b11 2b11 2af1 2af1 2b11 2b11 2af1 2b11 2b12 2b11 2b12 2b12 2b11 2b11 2b11 2b11 2b11 2b11 2b11 2b11 2b11 2b11 2b11 2b11 2b11 2b11 2b11 2b11 2b12 2b11 2b11 2b11 2b11 3311 3b11 53d4 3af0 63f4 3aef 5bd3 4b31 4b31 4b72 3b10 3311 3311 2b11 2b32 2b31 2b11 2b32 2b32 2b11 2b11 2b11 2b11 2b11 2b11 2b12 2b12 2b12 2b12 3312 3312 3312 3312 2b32 2b11 2b11 2b11 2b11 2b11 2b11 2b11 2b11 2b11 2b11 3331 3331 3331 3b11 3b10 6c34 5b91 3b10 3b51 3310 3b31 3b30 3b31 3b31 3b31 3b51 32f0 4b92 3aef 5bd3 5371 5371 5b92 4b10 63f3 42cf 6c34 4aef 63f3 5371 5b91 63f2 4b2f 7434 42ce 6c13 5b70 5bb1 63b2 4b2f 6c13 42ef 6c13 4b0f 5bd2 5371 5350 63d3 4aef 6c14 4aef 6bf3 5330 5b92 5b92 4b30 6c14 42ef 63f3 4b0f 63b2 5b91 5350 6413 42ee 6c34 4b0f 63f2 5b70 63b0 7c32 7c31 7c11 7c11 7c11 8431 8c11 8430 8410 7c10 73f1 7412 4b0e 6c12 5350 5b91 63d2 5330 6bf3 42ef 6c33 4b0f 63d2 5b91 5b71 6bf3 4b0f 6c34 4aef 63f2 5b70 63b0 6bf1 530e 7433 4aee 6c13 5350 63b1 5b91 5350 6bf2 4aef 7c54 4aee 6bf3 5350 5b91 5b91 4b50 5bd2 42ef 6413 42cf 63f3 4b0f 63d2 5b91 5350 6bf3 4b0f 7434 4aef 6bf3 5b71 5b91 63b2 5330 6c13 42cf 6c14 42ef 63d2 5370 5b71 63b2 5330 6c13 4aef 6c14 4b10 63b2 5b91 5351 6bf3 4b10 63f3 4310 5392 4351 4b51 4b92 4b72 4bb3 4b92 4331 4b93 3b52 3331 3311 2b11 3311 3311 2b11 2b11 2b11 2b11 2b11 2b11 2b11 2b11 
2b32 2b32 2b32 2b32 2b31 2b11 2b11 2b11 2b11 2b11 2b12 2b12 2b12 2b12 3312 3332 2b12 2b12 2b12 2b12 2b11 2b32 3312 3312 3312 3312 3311 3311 2b31 2b11 2b11 2b11 3312 3312 2b11 2b11 2b11 2b11 2b32 2b32 3331 2b31 2b31 2b11 2b31 2b31 3331 3331 3332 2b32 2b31 2b11 2b11 2b31 2b31 2b11 2b11 2b11 2b11 2b11 2b11 2b11 2b11 2b11 2b11 2b11 2b11 2b11 2b11 2b11 2b12 2b11 2b12 2b12 2b11 2b11 2b11 2b11 2b11 2b11 2b12 2b12 2b12 2b12 2b12 2b12 2b11 2b11 2b12 2b12 2b12 2b12 2b11 2b11 2b11 3312 3331 3311 3311 3311 32f1 3311 3311 3311 3311 3311 2b11 2b11 2b11 2b11 2b11 2b11 2b12 2b12 2b11 2af1 2b11 2b11 2b11 2b11 2b12 2b11 2af1 2af1 2af1 2b11 2b11 2b11 2b11 2b11 2af1 2af1 2b11 2b11 2b11 2b11 2b11 2b11 2b11 2b11 32f1 4372 3b10 5392 5bb1 4b30 5392 3b10 5bf3 4310 5bb3 4310 4b92 4331 4331 53b3 4310 5bd3 5351 5bb2 5371 5371 63b2 4b10 6bf3 4b0f 6bf3 5350 63d2 5b91 5370 6c13 5330 6c13 5330 63d2 5b91 5b71 63d2 4b0f 6c13 4b0f 63f3 5350 5b91 5b91 5330 63d2 4aef 6bf3 4b0f 63d2 5b71 5b71 63d2 4b10 63f3 4b30 63b2 5350 5370 63d2 5350 63f3 4b0f 63f2 5b70 63d1 6c11 7411 7411 73f1 7c11 7bf0 8c10 9410 8c0f 8c0f 7bef 7bf0 63b0 6bf2 534f 63d2 5bb1 5370 63f2 4b2f 6c13 4b2f 6bf3 5350 63b1 63d2 5350 6bf3 532f 7413 636f 7bf1 7bf0 7bf0 7c11 5b2e 73f2 5b2f 6bd1 5b70 5b91 63d2 5b50 7413 530f 7413 5350 63b2 5b71 5b71 5bb2 4b30 63f3 4b10 63f3 4b30 63d2 5b71 5b91 5bb1 5350 6bf3 4b0f 6c13 5350 63b2 63b1 5b70 6bf2 532f 6c13 532f 6bf3 5350 5b91 5b91 5b71 63f2 5330 6c13 4b0f 63f2 5371 5b91 63b2 5351 6bf3 4b10 63d3 4b31 4b71 4b51 4330 4b92 3b30 3b31 3b30 3b31 3311 3311 2b11 2b11 2b11 2b11 2b11 2b11 2b11 2b11 2b11 2b11 2af1 2af1 
2b11 2b11 2b11 2b11 2b11 2b11 2b11 2b11 2b11 2b11 2b11 2b11 2b11 2b11 2b11 2b11 2b11 2b11 2b11 2b11 2b11 2b11 2b11 2b11 2b11 2b11 2b11 2b11 2b11 2b11 2b11 2b11 2b11 2b11 2af1 2af1 2af1 2af1 2b11 2b11 2b11 2b11 2b11 2b11 2b11 2b11 2b11 2b11 2b11 2b11 2b11 2b11 2b11 2b11 2b11 2b11 2b11 2b11 2b11 2b11 2b11 2b11 2b11 2b11 2b11 2b11 2b11 2b11 2b11 2b11 2b12 2b11 2b12 2b12 2b11 2b11 2b11 2b11 2b11 2b11 2b12 2b12 2b11 2b11 2b11 2b11 2b11 2b32 2b12 2b12 2b12 2b12 2b31 2b11 2b31 2b11 3332 3312 3311 3311 3311 2b11 3332 3332 3312 3312 2b11 3312 2b11 2b11 3312 3311 3312 2b12 2b12 2b12 2b12 2b12 2b12 2b12 2b11 2b11 2b11 2b11 2b11 2b11 2b31 3331 2b11 2b11 2b11 2b11 2b11 2b11 2b11 3312 3311 3331 2b32 3312 3311 3b31 4b92 5371 63d2 6c13 430f 5392 4b30 63d3 5330 5371 4b50 4330 4350 4350 4b71 4b51 5bb2 5351 5b92 5b71 5350 5bb2 4b10 63f3 4b2f 63d2 5351 5b91 63b2 5350 6bf3 5330 63d2 5b91 5b91 5b91 5350 63d2 5350 63d2 4b30 63b2 5351 5371 5b92 4b30 5bb2 4b10 5bb2 5351 5371 5b71 5350 63d3 4b30 5bb2 5350 5b91 5370 5370 5bb1 4b30 63f2 5350 63b1 6c11 7432 7411 7431 7c11 7c11 8410 9410 940f 8c0f 8c0f 83f0 7bf1 7412 532f 6bd2 5350 5b91 5b91 5350 63d2 4b2f 63f2 5330 63b2 5b91 5b71 63b1 534f 6bf2 634f 7bd0 83f0 8bcf 8bcf 83cf 83d0 7bd0 73af 6b90 6bb0 6390 5b70 6bd2 5b50 6bf2 532f 63b2 5350 5b91 5b92 5350 5b92 4b10 63d2 4b0f 63d2 5370 63b2 5b70 5350 63b2 4b0f 63d2 4b0f 63b2 5b71 5b70 63b1 5350 6bf2 532f 6bf2 5330 6bd2 5b71 5b91 5bb1 5350 6bf2 532f 6bf3 5350 5b92 5b71 5371 63d2 5350 5bb2 4b50 5391 4b71 4b71 4b71 4350 4bb2 3b30 3b51 3b31 3331 3311 3332 3332 3312 3312 3312 3312 2b32 2b32 2b11 2b11 2b12 2b12 
3331 3311 2b11 2b11 2b11 2b11 2b11 2b11 2b11 2b11 2b11 2b31 3331 3331 2b31 2b11 2b31 2b31 2b31 2b32 3312 3312 3312 3312 3311 3311 3311 3311 2b11 2b11 2b11 2b11 2b11 2b11 2b11 2b11 2b11 2b11 2b11 2b11 2b11 2b11 2b11 2b11 2b11 2b11 2b11 2b11 2b11 2b11 2b11 2b11 2b11 2b11 2b11 2b11 2b11 2af1 2af1 2af1 2b11 2b11 2b11 2b11 2b11 2b11 2af1 2af1 2b11 2b11 2b11 2af1 2af1 2af1 2af1 2af1 2af1 2b11 2af1 2af1 2b11 2b11 2b11 2b11 2b11 2af1 2b11 2b11 2af1 2af1 2af1 2af1 2b11 2af1 2af1 2b11 2b11 2b11 2b11 2b11 2b11 2b11 2b11 2b11 2b11 2b11 2b11 2b11 2b11 2af1 2af1 3312 2b11 2af1 2b11 2b12 2b11 2b12 2b11 2b11 2b11 2b11 2b11 2b11 2b11 2af1 2b11 2b11 2b11 2b11 2b11 2b11 2b11 2b11 2b11 2b11 2af1 2b11 2b11 2b11 32f1 4331 4331 5b92 6bf2 6bd2 5b91 4b30 5bb1 5391 5bb2 5351 5391 4b50 4350 4b71 4330 4b71 5371 5b92 5371 5b71 5b92 5351 5bb2 5350 63b2 5b71 5b92 5b91 5b71 63d2 5350 63b2 5b71 5b91 5b91 5b91 5b91 5b71 63b2 5350 5b91 5b71 5b91 5b71 5351 5b91 5351 5b91 5351 5391 5371 5351 5b71 5351 5371 5371 5371 5371 5371 5b91 5370 5b70 5bb1 63d1 6c12 7411 7411 7411 7411 7411 73f1 7bf0 8bef 940f 8bee 8bef 83f0 7bf1 6bb0 6bd1 5b91 5b91 5b91 5b91 5bb1 5350 5b92 5350 5bb2 5b71 5bb1 63b1 5b90 63b1 6bb0 7bd0 83f0 8bcf 8bcf 8bce 8bef 83ae 83cf 83cf 7bd0 73d0 73d0 6bb0 6391 6bb2 5b70 6391 5b71 5b71 5371 5371 5b71 5371 5b71 5351 5b91 5351 63b1 5b71 6391 5b71 5370 5bb1 5350 5b91 5370 5b91 5b71 5b71 6391 5b70 63b1 5b50 6391 5b71 5b91 5b91 5b91 63b1 5b70 63d2 5350 63b1 5b91 5b71 5b71 5b71 5b91 5b71 5b91 5371 5391 5b92 4b71 5391 4b92 4b71 4351 4372 3b31 2af1 2b11 2b11 2b11 2b11 2b11 2b11 2b11 2b11 2af1 2af1 2af1 2af1 
2b11 2b11 2b11 2b11 2b11 2b11 2b11 2b11 2b11 2b11 2af1 2b11 2b11 2b11 2b11 2b11 2b11 2b11 2b11 2b11 2b11 2b11 2b11 2b11 2b11 2af1 2b11 2b11 2b11 2b11 2b11 2b11 2b11 2b11 2b11 2b11 2b11 2b11 2b11 2b11 2b11 2b11 2b11 2b11 3312 3312 3312 3312 2b31 2b31 2b11 2b11 2b11 2b11 2b11 2b11 2b11 2b11 2b11 2b11 2b11 2b11 2b11 2b11 2b11 2b11 2b11 3332 3332 3332 3312 3332 2b12 2b12 3312 3312 3312 2b11 2b11 2b11 2b11 2b11 2b11 2b11 2b31 3331 2b31 2b11 2b11 2b11 3312 3312 3332 2b11 3311 3311 3311 3311 2b32 2b11 2b11 2b11 2b31 2b11 2b31 2b11 2b11 2b32 2b32 2b32 2b32 2b12 2b32 3312 3312 2b11 2b11 2b11 2b11 2b11 2b11 2b11 2b11 2b11 2b12 2b12 2b12 2b12 2b11 2b11 2b11 2b11 2b11 2b32 2b32 2b32 3312 3312 2b32 3312 3331 3b52 3b31 4b51 5bb2 5b91 5b91 5b91 5b92 5b71 5b92 5351 5b92 5351 5b92 5b92 5371 5b92 5371 5b71 5371 5371 5b92 5371 5b91 5371 5bb2 5b91 5b91 5b91 5b91 5b91 5b91 5b91 5350 5bb1 5b91 5b71 5b92 5351 5b91 5351 5b91 5371 5371 5371 5371 5371 5371 5b71 5371 5b71 5351 5b71 5b91 5330 5b91 5350 5b91 5371 5b91 5b91 5350 63b1 5b90 7412 7432 7431 7431 7411 7411 7c11 7c11 8410 8c10 940f 940f 8c0f 83f0 7bf0 6bb0 6390 5b70 5b91 5b71 5b71 5b91 5b71 5b92 5b91 5b91 5b71 5b91 5b91 6391 6bb1 7390 83f0 83cf 8bcf 8bce 8bae 8bcf 83cf 83af 83d0 738f 73b0 7bd0 73b0 6b90 6391 5b70 5b91 5b71 5b71 5371 5b71 5b91 5371 5371 5370 5b91 5b91 63b1 5b71 63b1 5b91 5b71 5b91 5350 5b71 5b70 5b91 5b71 5b71 6391 6391 6391 5b71 5b91 5b71 6391 63b1 63b1 5b91 5b91 5b91 5b91 5b91 5b91 5b71 5b91 5b71 63b1 5b70 63b2 5b71 5bb2 5b71 5371 5b92 4b50 4b71 4351 3b10 3b51 3311 3311 3b52 3331 3331 3331 3311 3312 3312 2b11 2b11 2b11 2b11 
3312 3312 2b12 3312 3312 3312 3312 3312 3312 3312 2b11 2b11 2b11 2b11 2b11 2b11 2b11 3312 2b11 2b11 2b11 2b11 2b11 2b11 2b11 2b11 2b11 2b11 2b11 2b11 2b11 2b11 2b12 2b12 2b11 2b11 2b11 2b11 2b11 2b11 2b11 2b11 2af1 2af1 2af1 2af1 2af1 2af1 2b11 2b11 2af1 2af1 2af1 2af1 2af1 2af1 2af1 2af1 2af1 2af1 2b11 2b11 2b11 2b11 2b11 2b12 2af1 2af1 2af1 2af1 2af1 2af1 2af1 2af1 2b11 2b11 2b11 2b11 2b11 2b11 2b11 2b11 2b11 2af1 2b11 2b11 2b11 2b11 2b11 2b11 2b11 2b11 2af1 2af1 2af1 2af1 2b11 2b11 2b11 2b11 2b11 2b11 2af1 2af1 2b11 2b11 2af1 2af1 2b11 2af1 2311 2b11 2b11 2b11 2af1 2af1 2b11 2b11 2b11 2b12 2b12 2b12 2b11 2b11 2b11 2b11 2b11 2b11 2b12 2b12 3312 3312 2b11 2b11 2b31 2b11 3331 2b11 2b11 2b11 3331 3331 3311 4372 5372 5b92 5b92 6392 5351 63b2 5330 63b2 5351 5371 5b92 5350 63f3 4b30 5bb2 5371 5b92 5371 5351 5b92 4b30 5bd2 4b50 5bb2 5371 5b91 63b1 5350 63d2 5350 63d2 5b71 5b91 5b92 5351 63b2 5330 63b2 4b30 5b92 5371 5371 5b92 4b50 5b92 4b30 5b92 5351 5351 5b92 4b30 63b2 4b30 5bd2 4b30 5b91 5371 5371 5bb1 532f 7432 7412 7411 7411 7412 7412 7411 7c11 7c11 7c10 8c2f 942f 940e 93ef 83f0 73d0 73f1 5b6f 63d1 5b70 5b91 6392 5b71 63b2 5330 63d2 5b70 5bb1 5b91 5b70 6bb2 6b70 7bd0 83d0 83cf 8bcf 8bcf 8bd0 83cf 83d0 83f0 738f 73af 7bb0 7bd0 73d0 73d1 5b50 63b1 4b30 5bb1 5350 5b71 6391 5350 63b1 5350 63d2 5350 63d2 5b70 63b2 5b91 5b71 63b2 530f 6bf2 52ee 6bb0 6b90 636f 6390 534f 63d1 5b4f 63b1 5b50 6bb1 6370 73f1 7412 5b6f 63b1 5b50 63b2 5b50 6391 6391 5b91 63d2 534f 6bf2 5350 63d2 5b71 5b71 5b91 5350 5bb2 430f 5bd3 4310 5393 32f0 32f0 3b52 32f0 3311 3311 3311 3311 2b11 2b11 2b11 2b11 2b11 
2b11 2b11 2b11 3312 3312 3312 3312 3312 32f2 32f2 3312 3312 2b11 2b11 3311 3331 2b31 2b31 2b31 2b31 2b31 3311 2b11 2b11 2b11 2b11 2b11 2b32 3312 3312 3312 3312 2b11 2b31 2b31 2b32 2b32 2b12 3312 3312 2b11 2b11 3311 3332 3332 3332 3332 2b32 2b11 2b31 2b31 2b31 2b32 2b32 3312 3332 2b11 2b11 2b11 2b11 2b12 2b12 2b12 2b12 2b11 2b11 2b11 2b11 2b12 2b12 2b12 3312 2af1 2b11 2b11 2b11 2b11 2b11 2b12 2b11 2b11 2b11 2b11 2b31 2b11 2b11 2b11 2b11 2b11 2b11 2b11 2b32 2b11 2b12 2b12 2b11 2b11 2b11 2b11 2b31 2b31 2b11 2b11 2b11 2b11 2b11 2b11 2b11 2b12 2b12 2b12 2b12 2b11 2b11 2b11 2b11 2af1 2b11 2b11 2b12 2af1 2b11 2b11 2b11 2b11 2b11 2b11 2b11 2310 2310 2b11 2b11 2b11 2b12 2b11 2b11 2af1 2af1 2b11 2b11 2b11 3311 3311 3b32 32f0 4330 5bb2 5330 6bf3 5310 6c13 4b10 5bb2 5371 4b30 63d3 42ef 63f3 4b10 63d2 4b50 5391 5bb1 5350 63f3 4aef 63f3 5350 5b91 5b91 5b71 6bf3 4b10 6c13 5330 63d2 5370 5350 63d2 4b2f 63f3 4b0f 63d2 5350 5391 5371 4b30 63d3 4b10 63d3 4b30 5bb2 5371 4b50 5bd2 432f 5bf3 4b10 63d3 4b50 5371 5b71 4b0f 6c12 7412 7412 7412 7432 6c11 6c11 6c31 7411 7411 7bf0 8c0f 940f 8bce 8bce 83f0 7bf0 5b2e 73f2 5b30 63b2 5b91 5370 6412 532f 6c13 532f 63f2 5b70 5b91 63b1 5b50 73f2 6b90 83f1 7bd1 83f1 7bd0 7bcf 7bf0 7bf0 7bf1 6b8f 7bd1 73b0 6b90 73f1 63b1 6bd2 4b0f 63b2 5310 5b92 5370 4b4f 5bb1 5370 63f2 4b0f 6c13 5b50 63d2 5b50 6390 6bd2 530f 7bf2 52ac 8bf1 838e 8bef 7b8e 736e 83f0 6b4e 8411 736f 83f1 73af 7baf 8410 83f0 83f1 5b0e 73f2 530e 6bf2 5b70 5b91 63d2 5330 7433 530e 7413 5b30 6391 6391 532f 6bd2 4aef 6c14 3ace 5bd2 4330 53b2 4351 32f0 3b31 5c36 2ad0 2b11 2b11 3311 2b11 3311 3311 3311 
3311 3311 3311 3311 2b11 2b11 2b11 2af1 2b11 2b11 2b11 2b11 2b11 2b11 2af1 2af1 2b11 2b11 2b11 2b11 2af1 2b11 2af1 2af1 2b11 2b11 2b11 2b11 2af1 2af1 2af1 2af1 2af1 2af1 2af1 2af1 2af1 2af1 2b11 2b11 2af1 2b11 2b11 2af1 2af1 2b11 2b11 2af1 2af1 2af1 2af1 2af1 2af1 2af1 2af1 2af1 2af1 2af1 2b11 2b11 2b11 2b11 2b11 2b11 2b11 2b11 2b11 2b11 2af1 2af1 2af1 2af1 2af1 2af1 2af1 2af1 2b11 2b11 2b11 2b11 2b11 2b11 2b11 2b11 2b11 2b11 2b11 2b11 2b11 2b11 2b11 2b11 2b11 2b11 2b11 2b11 2b11 2b11 2b31 2b31 2b11 2b11 2b11 2b11 2b11 2b11 2b11 2b11 2b11 2b11 3312 2b11 2b32 2b32 2b11 2b11 2b12 2b12 2b12 2b12 2b11 2b11 2b11 2b11 2b32 2b32 2b31 2b31 2b31 2b31 2b31 2b31 2b32 2b32 2b11 2b11 3312 3332 2b31 3331 2b32 3332 3331 3311 3b31 3af0 4330 6c14 4aef 7414 4aef 6bf3 5330 5371 63d2 430f 63f3 42cf 63f3 4b10 63d2 5371 5350 63f3 42cf 6c14 42ef 63f3 5350 5b71 63d2 4b0f 6c14 42ce 6c13 5330 5b91 5b91 4b0f 6c13 4acf 6c13 4b0f 5bb2 5350 5371 63b2 42ef 6413 42cf 63d3 4b30 5391 5bb2 42ef 63f3 42cf 63f3 42ef 5bb2 5351 5350 63d2 63b1 7432 7411 7412 7412 7431 7411 7431 7431 7c31 8410 8c30 942f 940f 8c0f 8c0f 7bcf 7bf1 5b0e 73f2 5b50 6391 63b2 532f 7413 4ace 7413 530f 63d2 5b71 5350 6bf2 4aef 7413 52ee 6bd1 5b4f 6370 6bb1 5b0e 7c32 530e 7412 6370 6bd1 6bd1 5b4f 6bf1 4aee 6c13 42ce 63d2 4b30 5350 5b91 4b0f 63d2 4aee 7413 52ee 7bf2 6b6f 7bd0 7bf0 6b4e 8c31 7b8e 9c0f 9bcd a3cc a3cd 9bcd 93ce 8bce 93ef 8bcf 8bcf 8bce 93ef 93ee 93ee 93ef 8c0f 8410 5aec 7c32 52ed 73f2 6390 5b4f 7c32 5b0d 8432 632e 7bf1 6b4f 6b70 73d1 52ce 7413 428d 6c13 42ef 5bd3 4b31 4b72 4351 3af0 3310 3310 3331 3331 3331 3332 3311 3331 2b31 
3332 3332 3331 3311 2b31 2b31 2b31 2b31 2b11 3311 3311 2b11 2b11 2b11 2b31 3331 3332 3332 3331 3311 3311 3311 3311 3331 3332 3312 3312 2b11 2b11 2b11 2b11 2b11 2b12 2b12 2b11 2b11 2b11 2b11 2b11 2b11 2b11 2b11 2b11 2b11 2b11 2b11 2b11 2b11 3311 3311 2b11 2b11 2b11 2b11 2b11 2b11 2b12 2b12 2af1 2af1 2b11 2b11 2b11 2b11 2b11 2b11 2b11 2b11 2b11 2b11 2b11 2b11 2b12 2b12 2b12 2b12 2b11 2b11 2b11 2b11 2b11 2af1 2af1 2af1 2af1 2b11 2b11 2af1 2af1 2af1 2b11 2b11 2b11 2b11 2b11 2b11 2af1 2af1 2b11 2b11 2b11 2b11 2b11 2b11 2b11 2b11 2af1 2b11 2b11 2b11 2af1 2af1 2af1 2af1 2af1 2af1 2af1 2af1 2af1 2af1 2b11 2af1 2af1 2b11 2b11 2b11 2b11 2b11 2b11 2b11 2b11 2b11 2af1 2af1 2af1 2af1 2af1 2af1 2b11 2b11 2b11 2b11 3311 4bb3 4373 3b11 5392 42ef 7435 4aef 7414 530f 63b2 5b91 4b30 63f3 3ace 6c14 42cf 63d3 4b30 5371 5bb2 4b0f 6c34 3aae 6413 4b10 5b92 63b2 5330 6c13 42ce 7414 4aef 63d3 5b71 5b71 63d3 42cf 6c13 42ce 6c13 4b0f 5b92 5391 4b10 6413 3ace 6413 4b0f 5bb2 5351 5330 63b3 42cf 6c14 42cf 63f2 4b2f 5351 5b71 4b2f 6c12 7411 7431 7411 7411 7411 7411 7431 7411 7c11 7c10 8c0f 940f 8bce 8bce 8bef 8c10 83f0 7c11 5b2e 6bd1 6391 5b50 6bf3 4aee 7433 4aee 6bd2 5b71 5b91 63b2 4b0f 6c13 42ce 6c13 4b2f 63b1 5b91 5350 6c12 4ace 7433 4aee 6bf2 5b70 5b70 6bd2 4b0f 7454 42ce 6c13 4b0f 5b91 5b71 5330 6bf2 4ace 7c12 5acc 8c31 9410 940f 940f 940f 940f 93ee a3ed abcb ccce d4ee ccce b46e 93ac 8bcd 8bce 8bce 8bce 8bcd 8bad 93cd 93cd 93cd 93ee 93cd 93ee 8bce 9410 734d 7b8f 8bf0 83ae 9410 93ef 93ef 93ef 93ef 940f 8bcf 83f0 5acd 7c33 530e 6c13 4b30 5bd2 5371 5391 53b2 4331 4372 4352 3b72 3332 2b11 2b11 2b12 2b11 
2b12 2b12 2af1 2af1 2b11 2b11 2af1 2b11 2b11 2b11 2af1 2af1 2b11 2b11 2b11 2af1 2af1 2af1 2af1 2af1 2af1 2af1 2b11 2b11 2b11 2b11 2b11 2b11 2b11 2b11 2b11 2b11 2b11 2b11 2b11 2b11 2b11 2b11 2b11 2b11 2b11 2b11 2b11 2b11 2b11 2b11 2b11 2af1 2af1 2af1 2af1 2af1 2b11 2b11 2b11 2b11 2b12 2b12 3312 3312 3312 3312 2af1 2af1 2b11 2b11 2b11 2b11 2b11 2b11 2b11 2b11 2b12 2b12 2b12 2b12 2b11 2b11 2b11 2b11 3312 3312 3311 3311 3311 2b11 2b11 2b11 2b11 2b11 2b32 2b32 2b11 2b11 2b11 2b11 2b12 2b12 2b11 2b11 2b11 2b32 2b32 3332 2b11 2b11 2b11 2b11 2b12 2b12 2b12 2b12 2b12 2b12 2b11 2b11 2b11 2b11 2b32 2b32 2b32 2b32 2b32 2b32 3332 3332 2b31 2b31 2b31 2b31 3311 3311 2b31 2b31 2b32 2b32 3332 3312 3311 3311 3331 3311 3311 3310 3b31 3b10 32cf 5bf3 42ef 6c14 4b10 63d2 5b51 5b71 63b2 4af0 6413 42ef 63f3 4b10 5bb2 5b71 4b30 63d3 42ef 6c14 42ef 5b92 5b71 5b71 63d3 4aef 6c13 4aef 63f3 5330 5b71 6392 5330 6bf3 42ee 6c13 4b0f 63b2 5371 5350 5bd2 42ef 63f3 430f 63f3 5350 5b91 5b92 4b30 6bf3 42ef 63f3 4b0f 5bb2 5351 5350 6bd2 6bf1 7411 7411 7411 7411 7411 7411 7431 7411 7c31 8410 940f 9c0f 93ee 940e 93ee 8bef 8c0f 83f0 7c11 636f 6390 63b1 4b0f 6c13 4b0f 6bf2 5350 63b1 5b91 5350 63d2 4aef 6bf3 4aef 63d2 5b70 5b70 63b1 4b0f 6c13 4aee 6c13 532f 63b1 5b91 532f 6c13 4b0f 7454 4b0f 63d2 5350 5b70 6bd1 5b0e 8411 736e 8bef 93ee 9bce 9bed 9bcd 9bad 9bcd a3cc b3eb dd0e ed6e dced d4ad b40c a3cd 9bcd 93ce 93ad 93ad 9bad 9bad a3cd a3cd a3cd abcd abcd abcd a3ed a3ad a3ee a3ee 9bcd a3ee a3ad a3ad a3ac a3ac abcd a3cd 9bad 93ad 8bcf 6b0d 7bf1 632f 6bd2 5b50 5b91 5b91 4b30 4b71 3ad0 4352 3b31 3331 3332 3332 2b32 2b32 
2b11 2b11 2b11 2b11 2b11 2b11 2b11 2b32 2b11 2b11 2b11 2b11 2b11 2b11 2b11 2b11 2b11 3311 2af1 3311 2b11 2b11 2b11 2b11 2b11 2b11 2b11 2b11 2b11 2b11 2b11 2b11 2b11 2b11 2b11 2b11 2b11 2b11 2b11 2b11 2b11 2b11 2b11 2b11 2b11 2b11 2b11 2b11 2af1 2af1 2af1 2af1 2b11 2b11 2af1 2af1 2b11 2b11 2b11 2b11 2af1 2af1 2af1 2af1 2af1 2af1 2b11 2b11 2b11 2b11 2b11 2b11 2b11 2b11 2af1 2af1 2af1 2af1 2b11 2b11 2b11 2b11 2af1 2af1 2af1 2af1 2af1 2af1 2af1 2af1 2b11 2af1 2b11 2b11 2b11 2b11 2b11 2b11 2b11 2b11 2b11 2b11 2b11 2b11 2af1 2af1 2b11 2b11 2af1 2af1 2af1 2b11 2b11 2b11 2b11 2b11 2af1 2af1 2b11 2b11 2af1 2af1 2b11 2af1 2af1 2af1 2af1 2af1 2b11 2b11 2af1 2b11 2b11 2b11 2b11 2b11 2b11 2b11 2b11 2b11 2b11 3311 3311 4bb3 4b92 4351 4b72 3b10 53b3 4b10 63d3 5351 5b91 5b71 5351 63b2 4b10 63b2 4b10 5bb2 5351 5b71 5b92 5330 63d3 4b10 5bb2 5350 5351 5b92 5351 63d3 5330 63d2 5330 5b91 5b51 5b51 6392 5330 6bd2 530f 63d2 5350 5b91 5b91 4b30 5bb2 4b30 5bd2 4b50 5b91 5371 5351 5bb2 5350 63d2 4b30 63b2 5350 5b91 6391 5b4f 73f2 7411 7411 7411 7411 7411 7c11 7c11 7c11 8410 8bef 93ef 9bee a3ee a40e 9c0e 93ee 8bee 83cf 8410 73f0 6b90 6370 63b1 5b50 6bd2 532f 63d2 5b70 5b91 5b91 5350 63f2 532f 63d2 5350 63b1 5b70 5b70 63d2 4b0f 63d2 5350 63b1 5b70 5b71 63b2 5b50 7413 532f 6bf2 5350 63b1 6390 5b2e 7bd0 8bef 93ee 9bed a3ed a3ed a3cd a3cd a3ac a3ac abab cccd ed8e ed6d ed8e cc4b bc4d a3ac 9bcd 93ad 938d 9bcd 9b8c b40e a36b c44e bc0d b3ec c44e b3cc b40d abcc abec abcc abed abed abec b3ed abcc abac b3cc b3cc abac abed 9bcd 93ce 8bcf 83d0 736f 73b0 73d1 5b70 5b71 4b10 5392 3b10 53f4 32f0 3311 3331 2b11 2b11 
2b11 2b11 2b11 2b11 2b11 2b11 2b11 2b11 2b11 2b11 2b11 2b11 2b11 2b11 2b11 2b11 2b11 2b11 2b11 2b11 2b11 2b11 2b11 2b11 2b11 2b11 2b11 2b11 2b11 2b11 2b12 2b12 2b11 2b11 2b11 2b11 2b11 2b11 2b11 2b11 2b11 3312 3312 2b12 3312 3312 3312 3312 2b12 3312 3312 3312 3312 3332 2b12 2b12 2b11 2b11 2b11 2b11 2b11 2b11 3311 3312 2b11 2b11 2b11 3312 2b32 2b11 2b11 2b11 2b11 2b11 2b11 2b11 2b11 2b11 2b12 2b12 2b11 2b11 2b12 2b12 2b12 2b12 2b11 2b11 3312 3312 2b11 2b11 2b11 2b11 2b11 2b11 2b12 2b12 2b12 2b12 2b12 2b12 2b12 2b12 2b12 2b12 2b12 2b12 2b11 2b11 2b11 2b11 2b11 2b11 2b11 2b11 2b11 2b11 2b11 2b31 2b11 2b11 2b11 2b11 2b11 2b11 2b11 2b11 2b12 2b12 2b12 2b12 2b11 2b11 2b11 2b11 2b31 2b31 2b31 2b31 2b31 3311 32f1 3b31 3b11 3b10 3af0 4331 3af0 5372 5351 5bb2 5b71 5371 5b91 5350 5b92 5351 5b92 5351 5b71 5371 5351 5b92 5330 5b91 5371 5371 5371 5371 5b92 5371 5bb2 5351 5b91 5350 5371 5b91 5b51 6392 5b50 63b2 5350 5b92 5371 5371 5b91 5350 5b91 5350 5b91 5371 5b91 5b91 5371 5b91 5350 5b91 5350 5b91 5b70 5b70 6391 63b1 7432 7411 6c11 7411 7411 7c11 8410 8c10 8bef 940f 9c0e a40e ac0e ac0d ac0e a40e 93ee 8bee 83ef 83f0 7bf0 73d0 6bd0 6390 5b90 63b1 5b50 6391 5bb1 5b91 63b1 5350 63d2 5b70 63b1 5b91 5b91 5b91 5b50 63b2 5350 63d2 5b50 6391 5b91 5b50 73d1 7bf1 73af 7bf1 73b0 73d0 738f 83cf 93ee 9bcd abec b40c b3cb b3cb b3cb abab bc2d bc2d b3eb cc8c e52d f5af dccc f590 c46c ccae ac0d ac0d abed a3ac bc6e abaa d4ce c42b d4ac dced cc6a ed6f bc2a d4ee bc0b c44c bc2c bc0c cc6d c42b c42c cc4c bbea dcee e52f c42b b3eb abec a3ed a3ee 9bee 9c10 9410 738f 5b4f 5b91 430f 4b71 3aef 4b92 3b10 4352 3b11 3b11 
2b11 2b11 2b11 2b11 3311 2af1 2af1 2af1 2af1 2af1 2af1 2af1 2b11 2b11 2b11 2b11 2b11 2b11 2af1 2b11 2b11 2b11 2b11 2b11 2af1 2b11 2b11 2b11 2b11 2b11 2af1 2af1 2b11 2b11 2b11 2b11 2af1 2af1 2af1 2af1 2af1 2af1 2af1 2af1 2af1 2af1 2af1 2af1 2b11 2b11 2b11 2b11 2b11 2b11 2b11 2b11 2b11 2b11 2b11 2b11 2b11 2b11 2b11 2b11 2b11 2b11 2b11 2b11 2b11 2b11 2b11 2b11 2af1 2b11 2b11 2b11 2af1 2af1 2af1 2af1 2af1 2b11 2b11 2b11 2b11 2b11 2af1 2af1 2af1 2af1 2af1 2af1 2b11 2b11 2af1 2af1 2b11 2b11 2b11 2b11 2b11 2b11 2b11 2b11 2b12 2b11 2b11 2b11 2b11 2b11 2b11 2b11 2b11 2b11 2b11 2b11 2b11 2b11 2b11 2b11 2b11 2b11 2b11 2b11 2b11 2b11 2b11 2b11 2b12 2b12 2b11 2b11 2b11 2b11 2b11 2b11 2b11 2b11 2b11 2b11 2b11 3331 3311 4372 4352 4372 32f0 4bb3 4331 4351 5372 5351 5371 5b71 5371 5371 5371 5371 5371 5371 5391 5371 5371 5371 5371 5391 5371 5371 5371 5371 5b91 5b71 5b91 5b51 5b91 5b91 5b91 5b71 5b70 5b71 5b91 5b70 5b71 5350 5b71 5b71 5371 5350 5b71 5351 5371 5371 5371 5b71 5b71 5b91 5b71 5b91 5350 5b70 6391 6bd1 6bf1 5b6f 7411 7c31 7c31 7c10 8410 8410 8bef 9c30 9c0f a3ee a3ed ac0e b40d b40d b40d b40d a40e 9bee 8c0f 83ef 8c0f 8410 83ef 7c10 638f 6390 6391 5b71 5b91 5b91 5b71 63b1 5b91 5b91 5b91 5b70 5b71 5b91 5b92 5b71 5b91 5b91 5b91 5b91 5b71 6390 738f 8c10 8bef 8bce 8bee 8bce 93cd 9bcd ac0c ccad ed6e f58e dcec dccb dccc dccd d4ad c40b d4ce bbea d4ad d4ac d48c d4ad d4ad ccad ccae cc8e c46d cc8d c44b dccc ed8d ed8b f5ab fdab f5ab f5ac f5ac f5ad ed6e e50d c409 f56f cc4a e50c e4ec d46a ed6d ed6d f5ae f58e ed6e d48c c44c b3ec b3ec abec a3ed 93ce 7baf 632f 5b70 5330 5b91 5371 4b30 5bb2 42f0 63d3 
3311 3311 3311 3311 3311 3311 3312 3311 3311 3312 3312 3312 2b11 2b11 2b11 2b11 3312 3312 3312 3312 2b11 2b11 2b32 2b32 2b32 3312 2b11 2b11 2b11 2b11 2b11 2b11 3311 3312 3312 3312 3312 3312 3312 3312 3312 3312 2b11 2b11 2b11 2b11 2b31 3312 3312 3312 3312 2b11 2b11 2b11 2b31 2b11 2b32 2b11 2b11 2b11 2b11 2b32 2b32 2b32 2b12 2b12 2b11 2b12 2b12 2b12 2b12 2b11 2b11 2b11 2b11 2b11 2b11 2b11 2b11 2af1 3312 3312 2b11 2b11 2b11 2b11 2b11 3311 3312 3312 2b12 2b11 2b11 2b11 2b11 2b11 3312 3312 2b12 2b12 2b11 2b11 2b11 2b11 2b11 2b12 2b12 2b12 2b11 2b11 2b11 2b11 2b12 2af1 2b11 2b11 2b11 2b11 2b11 2b11 2b32 2b11 2b11 2b11 2b11 2b11 2b11 2b11 2b11 2af1 2b11 2b11 2b11 2b11 2b11 2b11 2b31 2b11 2b11 2b11 3331 4372 3b10 4351 4351 3b10 3b31 3b10 4352 3b10 4b71 4310 4b51 5391 5351 5b92 4b30 5bb2 4b30 5371 5350 5351 5371 4b30 5bb2 4b0f 5b92 4b30 5371 5b91 5350 63b2 5330 6bf3 5350 5b91 5b71 5b71 5b91 5b50 6391 5b50 6390 5b50 6391 6391 532f 5b91 4b0f 63b2 5350 5b71 5b71 5b71 5b71 5351 6391 530f 6bf2 63b0 6bf1 73f1 73d0 7bf0 83f0 8c10 8bef 8bef 93ef 940f 93ef 9bee 9bcd a3cd abed b3ed b3ec b3ec abec abcc a3ed 9bed 83cd 83ce 8bcf 8bcf 8bcf 83cf 7bf0 5b2e 6390 5b70 63b1 5b91 5b91 63b1 5350 63b1 5350 5b71 5b71 5b71 5b91 5b51 5bb1 5350 5b91 5b70 5b70 6b91 736e 93f0 9bee 9bee 9bcd 9bcd a3cd bc4e c44c d48b f58d fdad f58c f58c f58d dccb cc6a dced bbea d4ad d48c c42b d4ad cc6c d4ad cc6c d4cd d4ad d48c d48c cc49 f5ac f5c9 fde8 f5c7 fdc8 fda8 fda9 fd8a f58b f56c cc48 f58d f56c f56c f56c f58c f58c ed8c f58b f58b f58c f58c f58d d4ab cc6b cc6b c46c bc4c a3ec 93ee 7b8f 6b90 6390 63b1 5b50 63d2 4b0f 5b71 6bf2 
2b10 2b10 2b10 2b11 2b11 2b11 2b11 2b11 2af1 2af1 2af1 2af1 2b11 2b11 2b11 2b11 2af1 2af0 2b11 2b11 2b11 2b11 2b11 2b11 2af1 2af1 2af1 2af1 2b11 2b11 2b11 3312 2b11 2b11 2b11 2b11 2b11 3311 2af1 2af1 2af0 2af1 2b11 2b11 2af1 2af2 2b12 2b12 2af1 2af0 2b11 2b11 2b11 2b11 2b11 2b11 2b11 2b11 2b11 2b11 2b11 2b11 2b11 2b11 2310 2311 2b11 2b11 2b11 2b11 2b11 2b11 2b11 2b11 2b11 2b11 2b11 2b12 3312 3312 2b11 2b11 2b11 2b11 2b11 2b11 3312 3312 2b11 2b11 2b11 2b11 2b11 2b11 2b11 2b11 2b11 2b11 2b11 2b11 3311 3311 3312 3312 2b11 2b11 2b11 2b32 2b12 2b12 2b12 2b12 2b11 2b31 2b31 3331 2b32 2b32 3332 3332 2b11 2b11 2b11 3331 3311 2b11 3312 2b31 2b31 2b31 2b31 2b31 2b31 2b11 3332 3332 2b11 2b31 3331 3331 3b11 5bd4 4311 5bd3 4b92 4371 3b51 3b30 3b51 3af0 4351 4b51 4310 4b30 5bb2 5350 5bb2 4b10 63d3 4b50 5391 4b70 4b70 5bd2 42ef 5bb2 4b10 5b92 5351 5371 5bb2 5330 6bf2 3a4c 52ee 322b 3a4b 3a4b 3a6a 6390 530d 73d0 634e 7bf0 73af 634e 6bd1 4b0e 63d2 4b0f 5bb2 5350 5390 5370 5370 63b1 4b0f 6bd1 6bd1 73f1 73d0 7bf0 8c10 940f 9bef a3ef a3ef 9bef 93ce 93ee 9bed 9bed a3ed abed b40e b40d abed b3ec b40d b3ed ac0e a40e 93ef 8bef 8bee 8bee 8c0e 8c0f 83f0 73d0 5b50 63b1 5b91 5b70 63d2 5350 6bf2 532f 63d2 5b70 5b90 5bb1 5370 63d2 4b2f 63b2 5350 5b91 6391 632f 83cf 9c0f a3ee abed abcc b40c ccad c46b c46b d4cb e54c f58d f58d f58d dccb d4ab dccc c42a dccd d48c cc4b dccd bbea d4ed cc6b dccc cc6b d48c dccc cc49 f58b f5a9 f5c7 fde6 fde7 fdc7 fdc8 fda9 f589 ed8a f58b f58c f58b f58c f5ac fdac f58b f5ab f5ab f5ab f58b f58c fdac f5ac ed8b ed8b ed8b ed8d e56e b3eb a40d 93ef 7b6e 7bd0 634f 7412 532f 63b2 5350 4b0f 
2b11 2b31 2b31 3331 3312 3312 2b11 2b11 2b11 2b11 2b11 2b11 2b11 2b11 3312 3312 3311 3311 3331 3331 2b31 2b11 2b11 2b11 2b31 2b11 2b11 2b11 2b11 2b11 2b32 3332 2b12 2b12 2b11 2b11 3311 3311 3311 3311 2b11 2b11 2b11 2b11 2b11 2b11 2b11 2b11 3312 3312 2b11 2b11 2b11 2b11 2b11 2b11 2b11 2b11 2b11 2b11 2af1 2af1 2b11 2b11 2b11 2b11 2b11 2b11 2b11 2af1 2b11 2b11 2b11 2b11 2b11 2af1 2af1 2af1 2b11 2b11 2af1 2af1 2b11 2b11 2af1 2af1 2b11 2b11 2af1 2af1 2af1 2af1 2af1 2af1 2b11 2b11 2b11 2b11 2b11 2b11 2b11 2af1 2af1 2af1 2b11 2b11 2b11 2b11 2b11 2af1 2b12 2af1 2b11 2b11 2b11 2b11 2b11 2b11 2b11 2b11 2af1 2af1 2b11 2af1 2af1 2af1 2b11 2af1 2af1 2b11 2b11 2af0 2af1 2b11 2af1 2b11 2b11 2af1 2af1 3311 3b31 3b31 3b51 32f0 3b10 4351 3b11 3b11 3b51 32f0 53f3 3af0 5392 4b71 4b50 63f3 430f 63d3 42cf 5bb2 5350 5351 63b2 4aef 6c14 42cf 63f3 4b30 5b91 5b91 5b70 6bf2 4aee 1907 0864 0022 0023 0022 0042 52ac 5aec 632c 6b2c 734b 9c2e a491 6b6e 6bf2 4aee 6bf2 4b0f 5bb2 5350 5371 5b91 4b0f 6bf2 4b0e 7411 7c10 7bef 8bef 940f 9c0e a40d abed a3ed a3ed a3ed a3ed a3ed a3ed abed abed b3ed b3ed b3ec b3ed b3ec b40d abed a40e 93ee 8bef 8bef 93ee 8bee 8bce 83cf 632e 6bd1 6370 63b1 63b1 532f 6bf3 4b0e 7413 532f 63d1 5b91 5b70 6bf2 530f 6bf3 5330 6bd2 6391 6b6f 83f0 838e 9bee a3ed a3cc abec b3eb d4ce d4ac e52d e52d e50b f5ad f5ae dccb d4ab dccd d46b d48c d48b cc4a f5ae d4aa f58d e4eb f5ae dcec f56d e50b e50b f58c f58a f5a8 fde7 fde6 fde6 fdc6 fdc7 fda8 f589 f58a f58b f58b f58b f58c f58c d489 ed4b f58b f58b f58b f58b f56b f58b f56b f56b f56b ed6b ed6c ed6d cccd abed 9bce 93f0 734e 8c32 632f 6bf2 5b70 5350 5bb2 
2b12 2b12 2b11 2b11 2b11 2b11 2b11 2b11 2b11 2b11 2b11 2b11 2b11 2b11 2b11 2b11 2b11 2b11 2b11 2b11 2b31 2b31 2b31 2b11 2b11 2b11 2b11 2b11 2b11 2b11 2b11 2b11 2b11 2b11 2b11 2b11 2b11 2b11 2b11 2b11 2b11 2b11 2b11 2b11 2b11 2b11 2b32 2b32 3332 3332 3332 3332 2b32 2b11 2b11 2b11 2b11 2b11 2b11 2b11 2b11 2b11 2b11 2b11 3312 3312 2b12 2b12 2b12 2b12 2b12 2b12 2b11 2b11 2b11 2b32 2b32 2b32 2b32 2b32 2b12 2b12 2b32 2b32 2b11 2b11 3312 3312 3312 3312 3312 3312 3312 3312 3331 3331 3312 3312 3312 3312 2b11 2b11 2b11 2b11 3332 2b32 3332 2b32 3331 2b32 3312 3332 3312 3332 3332 3332 3332 3332 2b32 3332 3332 2b32 2b32 3332 2b32 3332 3332 3332 3332 3332 3332 3332 3331 3331 3331 3311 3331 3331 3b31 6415 4351 6435 4331 53d3 4352 3b31 4352 3af1 4372 53d3 3af0 53d3 3af0 4351 5392 3acf 6414 3aef 5bd2 4310 5b92 5371 4b30 6c13 42ae 6c14 42cf 63d3 4b30 5b92 63d2 5330 6bb1 10e6 0843 0002 0022 0022 0022 18c4 52aa 630b 6b2a 7b29 c4cf c4f0 83cf 5b0e 7413 42ce 63f3 4b0f 5b91 5371 5330 6bf3 42ee 7412 73f0 7bf0 7bce 8bef 9c0e a3ee ac0d b3ed b3ed abcd abec abcc abed abed abec abcc abcc b3ec b3ec b3ec b3ec abed a40d 9bee 8bce 8bce 8bce 8bce 8bce 8bee 83cf 8411 5b2f 63b1 6391 5b4f 6bf2 4aee 7432 4aed 6c12 5b70 6390 6bd2 532f 7433 4aee 7433 5b2e 738f 8bf0 93ae 9bee 9bad a3cd a3cd a3ac abcc b3cb dccd ed4d ed6c f56d f56d cc6a d48b dccc cc8b dcad dcad cc2a ed4e f56d f58d f56c f56c f58b f58b f58b f58c f58b f58b f58a f588 f5a7 fdc6 fdc6 fda6 fda6 f5a7 f588 f589 f56a f58a f58b f56b f56c dcc9 ed4b f58b f5ab f58b f58b f58b f56b ed6c ed4c dccb dccc dccd d4ad d4ce a3ec 93ee 8bcf 8bf0 8bd0 9432 634f 5b50 5b71 4aef 
2b12 2b12 2b12 2b12 2b11 2b11 2b11 2b11 2b11 2b11 2b11 2b11 2b11 2b11 2b11 2b11 2b11 2b11 2b11 2b11 2b11 2b11 2b11 2b11 2b11 2b11 2b11 2b11 2b11 2b11 2af1 2af1 2b11 2b11 2b11 2b11 2b11 2b11 2b11 2b11 2b11 2b11 2b11 2b11 2b11 2b11 2b11 2af1 2b11 2b11 2b11 2af1 2af1 2af1 2af1 2af1 2b12 2b11 2b11 2b11 2b11 2b11 2af1 2af1 2af1 2af1 2af1 2af1 2af1 2af1 2af1 2af1 2af1 2af1 2af1 2af1 2b11 2b11 2af1 2af1 2af1 2af1 2b11 2b11 2af1 2af1 2af1 2af1 2af1 2af1 2b11 2b11 2af1 2af1 2b11 2b11 2af1 2af1 2af1 2af1 2af1 2af1 2b11 2b11 2b11 2b11 2b11 2b11 2b11 2b11 2af1 2af1 2b11 2b11 2b11 2af1 2af1 2af1 2b11 2b11 2b11 2b11 2b11 2af1 2b11 2af1 2af1 2b11 2b11 2b11 2af1 2af1 2b11 2b11 2b11 3311 2b11 32f0 3b10 4330 4330 4351 3b10 3b11 3b31 3b31 3b32 3b11 3b11 3b31 3310 3b31 32f0 3b11 3b31 53b3 3aef 53b3 3aef 5392 4b71 5351 5b92 4aef 6c14 42cf 63f3 4b0f 63d2 5b92 5350 7413 42ad 10c6 0863 0022 0022 0022 0022 0022 39e8 6b0b 6b0a 7b29 c4ce c4f0 7bae 6bd1 4aee 6bf3 42ee 5bb2 5351 5350 63d3 4ace 7433 5b2f 73d0 7bf0 83ef 940f 9c0e ac0e b40d b40d b40d b40d b40d b3ed b3ec b3ec b3ed b3ed b3ed b40d b40d b3ed b40d ac0e a40e 93ee 8bee 8bef 8c0f 93ef 8c0f 8bef 83f0 73af 73d1 5b50 5b70 6bf2 530e 7c32 6b90 7c12 634f 6bb1 6390 5b50 6c13 4aee 7433 5b0e 83f0 8bcf 9bce abcd b3cd abac abec a3ab abec a38b b40c b3a9 c44a ed4d ed4d d46a e4ed dccd cc4b dcad d4ad c40a e4ed c409 dccb dccb e4cb e4eb f58c f58c f58c f58c f58b f58b f5aa fda9 fdc8 fdc7 fdc7 fdc6 fdc7 fdc7 fdc7 fdc9 fda9 fdaa fdaa fdab fdac f58c f5ac f5ac f5ac f5ac f58b f58c ed8d dceb cc4b bbeb b3ec b3ec abcc ac0d 9c0e 732c 8c31 62ec 9410 9410 83cf 7bd0 634f 6bb2 
2b11 2b11 2b12 2b12 2b12 2b12 2b12 2b12 2b11 2b11 2b11 2b11 2b11 2b11 2b11 3311 3311 3312 3312 3332 3332 3332 2b32 2b32 2b32 2b11 2b11 2b11 2b11 2b11 3312 3332 2b11 2b11 2b11 2b11 3312 3332 3332 3312 3311 3311 2b11 3311 2b11 2b11 3312 3332 3332 3332 3312 2b11 2b11 2b11 2b11 2b11 3312 2b11 2b11 2b11 2b11 2b11 2b11 2af1 2b12 2b12 2b11 2b11 2b11 2b11 2b11 2b11 2b11 2b11 2b11 2b11 2b11 2b11 2b11 2b11 2b11 2b11 2b11 2b11 2b11 2b11 2b11 2b11 2b11 2b11 2b11 2b11 2b11 2b11 2b11 2b11 2b12 2b12 2b11 2b11 2b11 2b11 2b11 2b11 2b11 2b32 2b11 2b32 2b31 2b31 2b31 2b31 2b31 2b11 2b32 2b11 2b31 2b11 2b11 2b11 2b11 2b11 2b12 2b12 3312 3312 2b11 3311 3311 3311 3311 3311 3332 3332 3311 3311 3b11 5bf4 3b10 5c14 4351 5bf4 3b31 4b72 3b52 3311 3311 3311 32f1 4372 3311 32f0 3311 3311 3b11 3af0 53b3 3aef 5372 4b30 5371 5371 4b10 5b92 42ef 63f3 42ef 63d2 5350 5b91 5bb2 532f 6bb1 10e6 0843 0003 0023 0023 0023 0022 10a3 630c 6b2b 7b2a 938a bcf0 7bcf 5b2e 6bd1 4aee 63d2 4b2f 5b91 5b71 4aef 6bf3 52ee 6bb0 7bf0 83f0 83ef 8bee 93cd a3ed abed abec abcc abcc abec abcd abcc abcc abcc abcc abcc b3ec abcc abed a3ed 9bcd 8bad 8bce 83cf 83ef 83f0 83f0 83f0 8410 7bd0 7bf1 5b4f 6390 6390 5b2f 7c11 8410 8c10 83cf 83f0 6b6f 6b90 73d1 5b4e 7c11 630d 8bf0 93ce a3ed b40d d4cf b3cb dd10 cc6d d4ef abab cc6e bbcb c42c cc2c cc2b f56f e4ec dccc d48b ed2d ed4d d4aa ed6d cc69 f58e e4eb ed2c ed2c ed2c f58b f56b f56b f56b f56b f56b f56a f589 f589 f5a8 fda7 fdc7 fda6 fda6 fdc6 fdc6 fda7 fda8 f5a8 f5aa f5aa f58c ed8d dccb d48a ed6d ed8d e56e b3ea a3aa a3ab a3ed 9bee 93ae 836d 8c10 6b6e 7bf1 632e 73d1 736e 83cf 93ef 93cf 8bcf 7b6e 
2b11 2b11 2b11 2b11 2b11 2b11 2b11 2b11 2af1 2af1 2af1 2af1 2af1 2af1 2b11 2af1 2af1 32f1 2af1 2af1 2b11 2b11 2b11 2b11 2b11 2b11 2b11 2b11 2af1 2af1 2b11 2b11 2b11 2b11 2b11 2b11 2af1 2af1 2af1 2af1 2af1 2af1 2b11 3311 2b11 2b11 2b11 2b11 2af1 2af1 2b11 2b11 2b11 2b11 2af1 2af1 2af1 2af1 2b11 2b11 2b11 2af1 2af1 2af1 2af1 2af1 2af1 2b11 2b11 2b11 2b11 2b11 2b11 2b11 2b11 2b12 2b11 2b11 2b11 2b11 2b11 2b11 2b11 2b11 2b11 2b11 2b11 2b11 2b11 2b11 2b11 2b11 2b11 2b11 2b11 2b11 2b11 2b11 2b11 2b11 2b11 2b11 2b11 2b11 2b11 2b11 2b11 2b11 2b11 2b11 2b11 2b11 2b11 2b11 2b11 2b11 2b11 2b11 2b11 2b11 2b11 2b11 2b11 2b11 2b11 2af1 3311 3311 4393 4393 3331 3331 3351 3331 2b31 3311 3311 4352 3b10 4351 3b10 4351 3b31 3b31 3331 3311 2b11 3311 32f1 4352 3311 3311 3311 3311 4372 3b31 4351 4b72 4b51 5372 5371 5351 5372 5351 5b92 4b10 63d2 5350 5b91 5371 5370 6bf2 5b0e 18c6 0864 0003 0023 0023 0023 0022 0842 3145 6b0a 732a 8b69 bcd0 7bae 6b6f 532f 63b2 4b0f 5bb1 5b91 5350 63b2 532f 6bb0 73f0 7bef 83ef 840f 83ee 93ee a3ee ac0d abed abec b3ec b3ec b3ed b3ed b3ed b3ec b3ed b3ed b3ed abed abed 9bee 93ee 8bcf 83ef 83f0 8410 73af 73b0 7bf0 73af 7c11 6baf 6bd1 5b90 63b0 73f1 8410 8c0f 93ef 93ef 940f 8bef 83af 83cf 83cf 8bef 8bcf 9bef abed b40d c44d c42c dcef c42b dcce c40b cc4d c40c cc4d c40c c40c d44c d48b f58e e50b ed4c f58c f5ac f58d f58c f58c f58c f58b f5ab f58c f58b f58b f58b f58b f58b f58b f58a f589 fda9 fda9 fdc9 fdc8 fdc8 fdc7 fdc7 fdc6 fdc6 fdc7 fda8 fda8 f589 ed4a ed4c c409 d48c cc8c cc8c cc8c bc2c a3ac a3cd 93ce 93ef 83af 738f 73b0 6b6f 6bb0 636f 63b0 6390 6baf 7baf 8baf 9bef 9bee a3ee 
3312 2b11 2b11 2b11 2b11 2b32 3331 3331 3312 3332 3332 3332 3332 3332 3312 3312 3312 3312 3311 3311 2b11 2b11 2b11 2b11 2b11 2b11 3311 2b11 2b11 3312 3332 2b32 2b11 2b11 2b11 2b11 2b11 2b11 2b11 2b11 2b11 3312 2b11 2b11 2b11 2b11 2b11 2b12 2b12 2b11 2b11 2b11 2b11 2b11 2b11 2b11 2af1 2b11 2b11 2b11 2b11 2b11 2b11 2b11 2b11 2b11 2b11 2b11 2b11 2b11 2b11 2b11 2b12 2b12 2b12 2b12 2b11 2b11 2b12 2b12 2b12 2b12 2b12 2b12 2b11 2b11 3312 3312 3311 3311 3311 3311 3311 3311 2b11 2b11 2b11 2b11 2b11 2b11 2b11 2b11 2b12 2b12 2b11 2b11 2b11 2b11 2b11 2b11 3311 32f1 3311 3311 3311 3311 3311 3311 3311 32f0 3311 3311 3311 2b11 3331 3311 32f1 3b11 3b11 3b31 3b11 3b31 32f0 3b11 3311 32f1 3311 3311 3310 3310 3311 3311 3310 3311 3311 3311 32f1 3311 3311 3b51 3b31 32f1 32f1 32f1 32f1 3b11 4311 4351 4b51 4b51 5351 5351 5371 5371 5371 5b91 5371 5b91 5371 5371 5b91 6391 6bb1 18e6 0864 0022 0023 0023 0023 0022 0022 1062 62eb 72e9 8b29 bcaf 83ae 634f 5b4f 5b50 5b71 5370 5b71 5b91 5b4f 6b8f 7bf0 7bef 83ef 83ef 83ef 8bee 8bee 93cd 9bcd abed abed b3ed b3ec b3ed b3ed b3ed b3ed b3ed b3ed b3ed abed abee 93ad 93cf 8bef 83ef 83f0 7bf0 6b6f 634f 6390 6390 63b0 6390 63b0 6bb0 73b0 7bf0 83ef 8bef 8bee 9bee a3ee abee a3ee 9bcd 9bed 9bed a3ed abed abed b3ac bbec cc6e d48d d4ad d48d cc4c cc4c bc0b c42c c42c cc4c cc2c d48b d48a ed6c f58c f5ac f5ab f58b f58b f58c f58b f58b f58c f58c f58c f58c f58b f58b f58b f5a9 fda9 f5a7 fdc7 fdc7 fdc8 fdc9 f5a9 fda9 fdc9 fdc7 fdc8 fda8 fda9 f5aa f58b dceb c40a c44c b3cb abcc a3cc a3cc a3cd 9bee 9bef 8bcf 83d0 6b8f 6bb0 63b0 6370 6bb0 5b4f 6bb0 636f 6bb0 6b8f 738f 83b0 93cf 9c10 
2b12 2b12 2b12 2b12 2b11 2b11 2b11 2b11 2b11 2b11 2b11 2b11 2b11 2b11 2b11 2b11 3311 3312 2af1 2af1 2b12 2b11 2af1 2af1 2b11 2b11 2af1 2af1 2b11 2b11 2b11 2b11 2b12 2af2 2af1 2af1 2af1 2af1 2b11 2b11 2b11 2b11 2b11 2b11 2b11 2b11 2b11 2b11 2b11 2b11 2b11 2b11 2b11 2b11 2b11 2b11 2b11 2b11 2b11 2b11 2b11 2b11 2b11 2b11 2b12 3312 3312 3312 3311 3311 2b11 2b11 2b12 2b12 2b11 2b11 2b11 2b11 2b11 2b12 2b12 2b12 2b12 2b12 3312 3312 3332 3332 3332 3332 3331 3311 3311 3311 3311 3312 3332 3312 3312 3312 3311 3311 2b11 2b11 3332 2b12 3332 2b11 3311 3331 3311 4393 4372 4b93 53b4 3b52 4352 3311 53f4 32f0 53b4 4332 3311 3311 53f5 3b11 4b93 4352 53b3 5bd4 4b52 5bd4 4331 5c14 3b51 3b52 3b31 4392 4351 6434 3b0f 5bf3 3b10 4b93 4373 3b11 3b11 4b73 3311 4372 3b11 4b93 3b31 3b31 3311 3310 53b3 4331 5392 5351 5371 5b71 5351 5371 5351 5bb2 5351 5b71 5b71 5b91 5b91 5b91 6bb1 18e6 0863 0002 0023 0023 0023 0023 0022 0862 62cb 72c9 8b29 bcaf 7b8d 632e 63b0 532f 6390 5b70 6bb0 73d1 73b0 83f0 83ef 83cf 83cf 8bcf 8bef 8bce 8bce 8bae 93ad 9bcd a3ed abcc b3ed b3ed abec abec abec abec abec abec abed a3ed 93cd 8bce 83ef 83ef 83ef 83f0 7bf0 73b0 634f 6bb1 5b2f 6bb1 634f 73d0 8410 83ef 8bce 93ee 93ee 93cd a3ed abed b3ed b3ed abcc abac abcc b3ed b3ec b3cc abab bc0c c44c d48d cc4c dcce bbeb cc4c c3eb d46d cc4d cc4d dced d46a e52b ed4b f5ac f58c f58b f56b f56b f56b f56b f56b f58b f58b f56b f56b f58a f5a9 f5a7 f5c6 fdc6 fde6 fdc6 fdc7 f5a8 f588 f589 f589 fda9 fda9 f589 f56a f56b c407 c42a cc8d a3aa a3ac a3ac a3cd 9bcd 9bce 93ee 8bcf 7bd0 6b6f 6bb0 6390 5b70 6bb1 530e 73d1 5b0e 73b0 736e 736e 83f0 736e 7bcf 6b4d 
2b11 2b11 2b31 2b31 2b11 2b11 2b11 3312 2b11 2af1 3311 3312 3312 3312 3312 3312 2b11 2b11 2b11 2b11 2b11 2b12 2b12 2b12 2af1 2af1 2b12 2b12 2af1 3312 3311 2b11 2b11 2b11 2b11 2b11 2b11 2b11 3312 3312 2af1 2af1 2b11 2b11 2b11 2b11 2b11 2b11 2af1 2b11 2b11 2b11 2b11 2b11 2b11 2b11 2af1 2af1 2af1 2af1 2af1 2af1 2af2 2af1 2af1 2b11 2b11 2b11 2b11 2af1 2af1 2af1 2af1 2af1 2b11 2b11 2b11 2af1 2af2 2b11 22f0 2310 2b11 2b31 2b11 2b11 3b73 3312 2af1 3311 3312 3312 3312 3311 32f1 3312 2311 2310 2b31 2b11 2b11 2b11 2b12 2b12 2af1 2af1 2b11 2b11 2b11 3311 32f1 3b11 4331 4351 3b10 3b30 32f0 32f0 3af0 3af0 32f0 32f0 3b10 32d0 3af0 3af1 3b11 3b11 3310 3310 3330 3310 3310 3311 3b11 3311 32f1 32f0 4331 5bd3 5bf4 4311 3b11 3311 3310 3310 3310 3311 3b11 3b11 3b11 3b11 3b10 32f0 3af0 3af1 3af0 5372 4b31 5b92 4b50 5350 5391 5350 5bb2 4b10 6392 5330 5b71 5371 5370 63b2 5b0e 18e6 0843 0023 0002 0022 0042 0042 0002 0842 5269 72ea 8b29 bcaf 83ce 7bf0 5b2e 73f2 5b4e 73f1 7c10 7c0f 840f 840f 8c0f 8bef 93ef 93ef 93ce 93ce 93ce 93ce 93ae 9bce 9bee a40e 9bed a40d a40d a40d a3ed a3ed abed b40d abed a3cc a3ed 93ee 8bce 83cf 83ef 83f0 7bef 7c10 73f0 634e 7c11 634e 8411 83f0 8bef 8bcf 940f 93ee 93ef 9bce a3ee b40d abec b40c b40c bc2d c46e c42d c46e bc0d abcc b3ec d4ce bc0b dcef b3aa d48e bbcb cc6d c42c cc6c d4ad cc4b e4ed d46a f56d f58c f5ab f5ab fdac f5ac f5ac f58c f58c f5aa f58b f5ab f58b f5aa fdc9 fde8 fe07 fde6 fde5 fe06 fde7 fdc8 f589 fdaa fdaa f5a9 f5aa f5ab f58c bbe8 dcee abab abed a3ac 9bad 9bcd 93ce 8bef 8bcf 734e 7c11 634e 63b0 6390 6390 6bd1 5b2f 73f2 5b0d 83d0 836d 93ce 93ce 93ce 93ef 7b6e 8bf0 
2b11 2b11 2b11 2b11 2b11 2b11 2b11 2b11 3311 3311 2b11 2b11 2af1 2af1 3311 3311 3311 3311 2b11 2b11 2b11 2b11 2b11 2b11 2b11 2b11 2b11 2b11 2b11 2b12 2b12 2b12 2b31 2b11 2b11 2b11 2b11 2b11 2b11 2b11 2b11 2b11 2b11 2b11 2b11 2b11 2b11 2b11 2b11 2b11 2b11 2b11 2b11 2b11 2b11 2b11 2b11 2b11 2b11 2b11 2b11 2b11 2b12 2b12 2b12 2b12 3312 3312 3312 3312 3312 3312 2b11 2b11 2b11 2b11 2b32 2b32 2b11 2b11 2b11 2b11 3312 3312 3332 3332 4394 3312 3332 4373 3b52 3b52 4bd4 32f1 3331 3332 3332 2b11 2b31 2b11 2b32 2b32 2b32 2b32 3332 3332 2b12 2b12 2b32 3331 3331 3b31 4b72 5392 4b51 53b2 4351 53b2 4351 4b51 53b2 4310 5bd2 5351 6414 3b10 3b31 3b31 4372 3b52 3310 4372 3311 3b52 3311 3311 3311 3b11 3b31 4331 3b11 3b12 3311 3311 53f4 32f0 3310 53d4 3af1 53d4 3b31 4372 4bb3 4331 4372 3b11 5bf4 42f0 5bb3 4b50 5b92 5351 4b50 5bb2 430f 63f3 4aef 63b2 5330 5b71 63b2 4aae 10c6 2106 0002 0022 0002 0023 0023 0022 0022 0001 0820 6aa9 8b29 bccf 8bee 8410 7c31 73d0 7c11 8410 840f 8c0f 736d 736d 736d 736d 7b8d 838d 8bce 8bcd 93cd 9bed a40d 9bcc 9bad 93ce 93ce 93ce 93ce 93ce 93ce 9bce 9bad a3cd b40d b3ec b3cb a3ac 9bcc 93ad 8bae 8bce 83cf 83ef 7bef 83ef 7bce 83ef 83ce 8bce 93ee 9bee 93ce 93ce 8bce 93ae 9bcd a3cd abcc abcc abcc abac bc2d abab bc0d b3cb b3cb c42c bc0b d4ce b3ca dcef b3aa cc6e b3cb c42d cc6d cc4c e50f bbe9 ed4d e50b f58c f58b f58b f56b f58b f58b f56b f56b f56b f56b f56b f56b f56a f589 fdc8 fde6 fde5 fde5 fe05 fde6 fda8 f569 f58a f58a f58a f58a f58b dceb c44b b3ab abab a38c 9bac 9bad 93cd 83ce 83f0 5aed 7c12 530e 73f2 5b4f 6390 6390 5b4f 7bf1 5acc 9410 9bee a3ed abcc abcc a3ac abcd a3ce 9bad 
2b11 2b11 2b11 2b11 2b11 2b11 3311 3311 2af1 3311 2b12 2b12 2b12 2b12 2b11 2b11 3311 3311 2b11 2b11 2b11 2b11 2b11 2b11 2b11 2b11 2b11 2b11 2af1 2af1 2af1 2af1 2b11 2b11 2b11 2b11 2b11 2b11 2b11 2af1 2af1 2b11 2af1 2b11 2b11 2af1 2af1 2af1 2af1 2af1 2af1 2af1 2af1 2af1 2af1 2af1 2af1 2af1 2af1 2af1 2af1 2b11 2b11 2b11 2af1 2af1 2af1 2af1 2af1 2af1 2af1 2af1 2b11 2b11 2b11 2b11 2b11 2b11 2b11 2b11 2b12 2b11 3312 2b11 2b11 2b11 2af1 3312 2b11 3311 3311 4352 3b10 4b73 3311 3311 3311 2b11 3311 3311 2b11 2b11 2b11 2b11 2b11 2b11 2b11 2b11 2b11 2b11 3310 4371 4b51 5351 5bb2 4af0 63d2 4b0f 5371 4b50 4b30 5b71 4aee 7c34 4b0f 5371 3af0 4331 4351 4331 4b72 32f0 4bb3 3310 3b31 4372 3b31 4373 3b11 53d4 3b31 4b93 32f1 3312 3311 3311 3b11 4352 3b31 3311 3311 3b31 3311 4352 32f0 4311 3af0 5392 4310 5bb2 4b30 5351 5371 430f 63f3 42cf 63f3 430f 5bb2 5b91 5350 6370 10a5 20e6 0022 0022 0023 0023 0023 0002 0022 0022 0820 6aea 936a bccf 8bee 8410 8410 8410 840f 8c0f 8bef 940f 18a2 0841 0842 0842 0861 3185 732c 7b2b 8309 bc8e e550 b40c abed 9bce 9bef 93ef 8bef 93ef 93ef 93ee 9bad abcc c42c cc2b cc0a cc0b bbeb b3ec a3ed 9bcd 8bce 8bce 83ee 8c0f 83ef 8bef 93ee 9bee a40e 9bee 9c0e 93ce 93ce 93ce a3ee ac0d abed abed a3ac bc2d abcc cc8f ab8b bc0c bbeb dcae cc8d b3ca ed70 ab89 d4ae b38a cc6e c42d c42d dcef bbea f590 c429 ed6c f5ac f5ab f58b f58b f58b f58b f58b f58b f58c f58c f58b f58b f58b f5aa fdc9 f5c8 fdc7 fde7 fde6 fde7 fdc8 f589 fd8a fd8a f5aa f5ab f5ab f5ac dd2d aba9 abcb a3ac a3ac 9bcd 93ce 83ef 5aec 7c32 52ed 73f2 530e 6bd1 5b70 634f 6bb1 632e 8bf0 9bee b42e bc0d b3ec abcc b3ec abcc abcc a3cc 
2b11 3312 3312 3312 3332 3332 3311 3311 3312 3312 3312 2b12 2b12 2b12 2b11 2b11 3312 3312 2b32 2b32 2b32 2b32 2b11 2b11 2b32 2b32 3312 3312 3312 3312 3332 3332 3312 3312 3312 3332 3332 2b11 2b11 2b11 2b11 2b11 3312 3312 3312 3312 3312 3312 3311 2b11 2b11 2b11 2b11 2b11 2b11 2b11 2b11 2b11 2b11 2b11 2b11 2b11 2b11 2b11 3332 2b32 2b32 2b11 2b11 2b11 2b11 2b11 2b12 2b12 3312 3312 2b12 2b12 2b12 2b12 2b11 2b11 2b11 2b11 2b11 2b32 2b12 2b12 2b32 2b32 3311 4373 3b31 53b3 3b31 4b72 4331 5392 4b31 4332 32f0 3311 3331 2b11 2b11 2b11 2b11 3311 2b11 3311 3311 3b11 4351 5392 4b10 7414 4acf 63b3 5350 5b71 63b1 530f 7c34 52ef 8475 4aef 63b2 5b71 4b50 5372 42ef 5bd3 3acf 4b52 3af0 3b31 3b11 3311 3311 3311 2b11 2b11 2b11 2b11 2b11 3311 3311 4b93 4372 32f1 3331 3311 3311 3b12 4352 3b11 6435 42f0 63f3 4b30 5b92 5371 4b30 63d2 42cf 6c34 42ef 63f3 4b30 5b91 63d2 42ad 0884 18e5 0022 0002 0022 0023 0023 0023 0022 0022 0841 730b 8b6a c4f0 8bee 840f 8410 8410 8c0f 8bee 9c0e 9c0f 1882 0822 0022 0022 0022 2125 62eb 6aea 72c8 bc6d ed70 bc0a b3eb abed a3ed 9bce 93ce 93ce 93ee 93ce a3ac b40b e4ec f54c fd6c f52c d429 c3ea c42c b3ec 9bac 93cd 93ce 93ce 8bee 8bce 93cd a3ed a3ed a3ed 93cd 93cd 9bed a3ed abed abcd a3cd a3ac b40d abab bc2e b3ac bbed b3ac bbec bbcc b3ab d4ae ab89 ed91 ab6a dccf bbca cc6d d48d c40b ed70 b387 f56d f5ad f58b f58b f58b f58b f58b ed2b d489 e50c ed6c f58c f58b f5ab f58b f58b f58a f58a fda9 fda8 fdc8 fdc8 fda8 f5a9 fd8a fd8a f58a f58a f58a f5ac ed8d dd4e abaa abcc a3cd a3ce 9bef 734d 7bf1 52ed 73f1 4acd 6bd1 5b2f 6370 6b90 632e 9452 834c a40e dd51 ed71 ccae bc2c cccf a3cb a3cc a3cc 
2b11 2b11 2af1 2af1 2b11 2b11 2af1 2af1 3311 2af1 2b11 2b11 2b11 2b11 2b11 2b11 2b11 2b11 2b11 2b11 2b11 2b11 2b11 2b11 2b11 2b11 2b11 2b11 2b11 2b11 2af1 2af1 2af1 3311 2b11 2b11 2af1 2af1 2af1 2af1 2af1 2af1 2af1 2b11 2b11 2b11 2b11 2b11 2b11 2b11 2af1 2af1 2af1 2af1 2af1 2af1 2b11 2b11 2b11 2b11 2b11 2b11 2b11 2b11 2b11 2b11 2b11 2b11 2af1 2af1 2b11 2b11 2b12 2b12 2b12 2b12 2b11 2b11 2b11 2b11 2b11 2af1 2b11 2b11 2b12 2b12 2b12 2b12 2b11 2b11 2b11 3311 3311 3311 4b93 4352 4b51 5bb3 5372 5392 3b31 3310 3311 3311 2b31 2b11 2b11 2b31 2b31 3311 3311 3b52 4352 4311 63f3 3aae 6c14 4aef 5b92 5b92 4b30 6bf3 4aef 7c74 4ace 6bf3 5330 5b71 63b2 5330 63d3 4b30 63f4 3aef 6414 4351 4352 4b93 3311 2b12 2b12 2b32 2b32 2b32 2b12 2b12 3311 3311 3311 3311 3311 3311 3311 4373 3b11 4352 4330 5bd3 4310 5bb2 4b50 5371 5391 42ef 63f3 42cf 63f3 4b30 5b92 5b91 5b70 6bd1 0884 18c5 0002 0022 0022 0022 0023 0023 0023 0022 0841 732b 936a bcaf 93ee 8c0f 840f 840f 8bef 93ee a42e a42f 2082 0822 0022 0022 0022 18c3 5269 6aea 7ae8 bc4d d4ae bbeb b3ec b3ed b40e a3ee 9bee 93ce 8bce 93ad a3cc bc2c d48c e4cb e4ca f54c dc8a dc8b d48c c44c abcc abed a3ed a3cd 9bcd 9bcd a3cd a3cd a3cd a3ed 9bed 9bee 9bcd a3ed abed abed abcd abcc b3cc bc2e abac bc2e abab bc0d b3ec b3ec bc2c abaa edb2 a369 d4af ab8a dcef c44d c40b e50f bbc9 f5b0 d48a f58d f58b f58b fd8b f58b f58b dcca c409 dcac bbe7 f58d f58c f56b f56b f56b f56a f58a f56a f589 f589 f5a8 f5a8 f5a9 f589 f589 f589 f58a f58a f58c e54c bc09 abab abcc abcc a3cd 9bce 8bcf 6b2d 7bd1 5b0e 6bb1 5b4f 6370 6370 6350 73b1 7b6f 9c30 ac0e b40d b3ec b3cc b3ec b3cc abcc a3cc a3cd 
3331 3331 3311 3312 3332 3332 3312 3312 3312 3312 3332 3332 3332 2b32 2b12 2b12 2b11 2b11 2b11 2b11 3311 3311 2b11 2b11 2b12 2b12 2b11 2b11 3312 3312 3311 3311 3311 3311 2b11 2b11 2b11 2b11 2b11 2b11 2b11 2b11 2b11 2b11 2b11 2b11 2b11 2b31 2b11 2b11 2b11 2b11 2b11 2b11 2b11 2b11 2b11 2b11 2b11 2b11 2b11 2b11 2b11 2b11 2b11 2b11 2b11 2b11 2af1 2af1 2af1 2af1 2af1 2b11 2b11 2af1 2af1 2af1 2af1 2b11 2af1 2af1 2af1 2b11 2af1 2b11 2b11 2b12 2b11 2b11 2b11 2b11 2b11 2b11 32f1 4352 4b52 4331 53b3 3af0 4372 3311 3b52 3311 2b11 2b11 2b11 2b11 2b11 2b11 2b11 3311 3332 3311 32d0 5bd4 3acf 5bb2 4b51 5351 5bb2 4b10 6bd2 530f 6bf3 5330 5bb1 5b70 5330 63b2 5330 6392 5330 6bf3 4b0f 5bb2 4b51 3af0 3311 32f1 2b11 2af1 3311 3311 3311 3311 3311 3312 3311 4352 3311 4352 3311 3b11 4372 3b10 53b2 4b50 53b2 4b50 5391 5391 4b50 5bb2 4b30 63f3 4310 5b92 5351 5371 63d2 52ee 0884 18c5 0002 0002 0023 0023 0023 0023 0023 0022 0841 732b 936a c510 93ee 8bef 840f 8bef 8bee 9bee a3ed a40e 2082 0822 0022 0023 0042 0021 3166 6b0b 7ac9 bc4d cc6e c40c bbec bc0d b40d ac0e a40f 93ce 93ce 9bce a3cd b40d c40b c3c9 cbe9 dc6b cc09 f58f dced e52f ab8a bc2d b3ab bbec b3cc b3cc b3ac b3ec abed a3cd a3ed 9bed a3ed a3ed a3cd abed abed b3ec bc0d b3ac bc0d b3cc bc2d abcc b3ec b3ec b3cc bc2d b3cb c46e abab c44d b3cb bbec cc8e c42c e52f c42a e52d d4aa f58c f5ac fdab f5ab f5ac f58d e52d bbe9 f58f ed6e f56d f58c f58c f58c f58b f58b f58c f58b fdab fdab fdaa fdaa fdc9 fdc9 f5ca f5ab f58b ed6c cc6a dd2f b3cb b3cc abcc abed a3cd 9bce 8bce 734e 736f 632f 6b90 6350 6370 6b91 634f 7bd1 738e 9430 8b8d 9bce a3cd abcd b3ed bc0e a3cd 9bcd 
2b11 2b11 2b11 2b11 2b11 2b11 2b11 2b11 2b11 2b11 2b11 2b11 2b11 2b11 2b12 2b12 3311 3311 3312 3312 3312 3312 2b12 2b12 2b12 2b12 2af2 2af2 3311 3311 3311 3311 3312 3312 3312 2b12 2b11 2b11 2b11 2b11 2b11 2b11 2b11 2b11 2b31 2b31 2b31 2b11 2b11 2b31 2b32 2b32 3312 2b11 2b11 2b11 2b11 2b11 2b11 2b11 3312 3312 3332 3332 2b11 2b11 3312 3312 3312 3312 3312 3312 2b12 2b12 2b12 2b12 2b12 2b12 2b12 3312 2b12 2b12 2b32 3332 2b32 2b32 2b12 2b12 3332 2b32 2b32 2b11 2b32 2b32 3311 3311 3b31 3b31 3b52 3311 3331 3311 4393 3311 3331 3331 3331 3331 3332 3332 2b31 3331 3331 3332 4393 32f0 4b92 3b10 4b92 5392 4b50 5bb2 5330 63b3 5330 5b92 5351 5351 5bb2 5371 5bb2 5b71 63b2 5b50 63d2 5b71 5b92 5372 4311 4b93 3311 4bb3 3af1 4372 3b52 3b31 3b52 3b32 3b31 4352 3b11 4b73 3b11 4b72 3af0 4b72 4b51 5392 5371 5391 4b71 4b51 4b71 4310 5bb2 4b50 5391 4b50 5370 5b91 5b70 6bb1 0884 18a5 0002 0023 0023 0023 0022 0022 0023 0022 0841 730b 936b c4f0 9bed 8bee 8bee 8bee 93ce 9bce 9bcd 9c0f 28e4 0822 0022 0022 0022 0022 18c3 5228 7ae9 b44d bc4d b3ec b3ec abcc abcc a3cd 9bcd 8bad 8bae 93ae 9bac abcc bbeb c3eb c3ea cbe9 cc09 cc0a bbca bbeb b3cb b3cb e530 d48e bbcb c3ec bbeb b3ab b3ec a3ab a3ac 9bcc 9bcc a3ed a3ec a3ec a3ed abed b40d bc2e abac b40d b3cc bbed b3cc b3cc bbed b3cc bc2d b3cc bc2d b3cc b3ed b40d b40c ccae bc0b dd0e c42a d4ac cc6a ed4c ed6b f56b ed6c d4cb c429 e54f ab67 ed8f c429 d4cb cc69 dceb ed6c ed6c ed6c cc48 f5ad d4a9 dcea f58c f58b ed6a ed8b ed8c dceb cc6b d48c bbeb b3ab bbed bc2e abac a3ac a3cd 9bce 93cf 83cf 734e 7390 6370 6390 5b70 63b1 6390 6bb0 6b8f 73b0 734e 838e 9bee a3ed abed 9bcd 9bcd 
2b11 2b11 2b12 2b12 2b11 2b11 2b11 2b11 2b11 2b11 2b11 2b11 2b11 2b11 2af1 2af1 32f2 32f2 3312 3312 2af1 2af1 2af1 2af1 3312 3312 2af1 2af1 3311 3311 2af1 32f1 32f2 32f2 2af1 2af1 2af1 2af1 2b11 2b11 2b12 2b12 2b11 2b11 2b11 2b11 2b11 2b11 2b11 2b11 2b11 2b11 2af1 2af1 2af1 2af1 2b11 2b11 2b11 2b11 2b11 2b11 2b11 2b11 2af1 2af1 2af1 2af1 2af1 2af1 2af1 2af1 2b11 2af1 2af1 2af1 2af1 2af1 2af1 2af1 2af1 2af1 2af1 2af1 2af1 2af1 2af1 2b11 2b32 2b11 2b11 2b11 2b11 2b11 3311 4393 3311 3b52 3b31 4b93 32f0 4392 3311 32f0 3311 3311 2b11 2b11 2b11 2b11 2b11 2b11 3331 3311 3311 3311 2af0 3310 4351 4b51 5392 5351 5b92 5371 5391 5371 4b51 5351 5371 5b72 6392 5b51 6391 6371 6391 6391 5b92 5371 4331 4331 3b11 3b31 32f0 3b52 3b31 4332 3b52 3b52 3331 4372 3b31 3b31 4b72 4331 53d3 4331 5391 5bb2 5bb2 4b71 5371 5372 4b51 4b71 4b71 5391 5391 5371 5350 5b91 6391 6370 1084 18c5 0002 0022 0023 0023 0023 0022 0023 0023 0822 28c3 832a c4f0 9c0d 93ee 940e 940e 93ee 93ce 9c0f 4186 20e4 0822 0022 0023 0023 0002 0822 3986 7b09 b48e b42e abcc a3ed ac0e abee a3ce 93ce 93cf 93cf 93ce 9bad b3ec c40c c40a d46a ed2b ed4a f58c bbe8 bbea cc6d c44d cc4d dccf dcae c3eb c3eb c42c bbcb b3ec abcc a3cd 9bed 9bcd 9bed 9bed 9bcd 9bcd a3ed abed b40d abcc b3ed b3cc b3ed b3ed b3cc bc0d b3ec bc2d abcc b40d b3ed bc4e bc2d c44d cc8d c46c d4ad c44b cc6b cc4a e50c ed6e cc6b bc09 dced b3c9 f590 bbea dd0e cc4b d48c d4cc dcec ed6e bbe9 e54f c42a cc8c dccc cc4a f5ae cc69 ed8d dcec cc4b cc6c bbeb dcf0 abaa b3ec b3ec abac a3cc a3cd a3cd 9bcd 93ce 8bcf 736f 6b90 6b90 6370 63b0 63b1 6391 5b70 6390 6b6f 736e 8bae a40e abed a3cd 9bac 
2b11 2b11 2b11 2b11 2b11 2b11 3312 3312 2af1 2b11 2b11 2b11 2b12 2b12 2b11 2b11 2b11 2b11 2b11 2b11 2b11 2b11 2b11 3312 2b11 2b11 2b11 2b11 3312 3312 3312 3312 2b11 2b11 2b11 2b31 3311 3312 2b11 2b11 2b11 2b11 2b11 2b11 2b12 2b12 3312 3312 2b11 2b11 2b11 2b11 2b11 2b11 3312 3312 2b11 2b11 2b11 2b11 3312 3312 2b12 2b11 2b11 2b11 2b11 2b11 2b11 2b12 3312 3312 2b11 2b11 2b11 2b11 3311 3312 3312 3312 2b11 2b11 2b31 2b31 2b11 2b11 2b31 3331 2b11 3311 3311 3331 3311 3331 3311 3b52 2af0 2b31 2b10 3352 3310 3352 3311 3311 32f0 3b51 3310 3b31 3311 3b11 3311 3311 2b11 2b10 3351 3310 3310 3b11 4331 4b71 4330 4b31 5371 4b30 63b2 5330 5371 5371 4b50 5391 5370 63b1 5b50 63b2 5b50 5b91 5371 4b51 4331 4b72 3b11 4332 3b11 3311 32f0 32ef 3310 3b31 32f0 3b31 32f0 3311 3311 32d0 3b31 3af0 4b51 4b51 4b51 4b71 4b71 4b71 4b91 5391 4b71 5bb2 5370 5bb1 5370 5b70 63b1 6370 1084 20c6 0003 0023 0022 0022 0022 0022 0043 0022 0022 0821 3924 b4d1 93cd 9bcd 9bee 9bee 9bee 9bee 940e 20e2 2105 0843 0022 0022 0023 0022 0022 3165 7ae9 b46e ac0d 9bac 9bcd 93cd 93cc 93ec 93ed 8bce 8bce 93ae 9bcd abcc abaa d4cc ed4b fdcb fdcb fdcc f58d d4cb abc8 aba9 aba9 b3ea bbeb bbcb c3eb c40b b3aa bc0c ccaf a3cc 9bcd 93ad 93cd 93ce 93cd 93ec 93ec a3ed a3ac bc0d b3ed b3ed b3cc b3ed bc0d bbed c44e bc2e bc0d bc0d b42c b44c bc4c bc6d c48d c44c c46d c44c c44c bc4b ccac cc6c c42c d4ae bbaa ed50 b3a8 dd2e c44b d4ed cc8c c42b dd0e bc0a d4cd b3c9 d4ad d48c c3ea e52f bc0a e54f c48b d50d bc4b b40b abab b40d abcc abcd a3ac abac a3cd a3ad a3cd a3cd a3ce 9bee 83ef 6b8e 63af 63b0 5b70 6bb1 5b2f 6bb1 5b0e 6b6f 83af 9c0f a3ed abcd abed a3ce 
2b11 3311 3311 2b11 2b11 2af1 2af1 2af1 2b11 2b11 2b11 2b11 2b11 2af1 2b11 2b11 2b11 2b11 2b11 2b11 2b11 2b11 2b11 2b11 2b11 2b11 2af1 2af1 2b11 2af1 2b11 2af1 2af1 2af1 2b11 2b11 2af1 2af1 2af1 2af1 2af1 2af1 2b11 2b11 2af1 2af1 2af1 2af1 2af1 2af1 2b11 2b11 2af1 2af1 2af1 2af1 2b11 2b11 2b11 2b11 2af1 2af1 2b11 2b11 2b11 2b11 2b11 2b11 2b11 2b11 2b11 2b11 2b11 2b11 2b11 2b11 2b12 2b11 2b12 2b11 2b12 2b11 2b11 2b11 2b11 2b11 2b11 3311 3311 4bb4 4372 4bb3 4331 5bf4 4351 3b31 3b10 3b11 3b10 4372 3b10 3b10 4331 4b72 4330 5bf3 3aef 6435 3af0 53b3 4352 3b11 3b10 3b31 53d4 3b31 4372 3311 3b51 3b31 4351 4b72 4350 5bb2 4b30 5bb2 4b30 5371 5392 4b30 5bb2 4b30 63d3 4b10 63d2 4b30 5351 5351 4b30 5bb2 4310 5bd3 4310 4b92 3b31 4331 4b92 3b31 4b92 3b10 4b92 3b10 3b31 4351 3b10 53b3 3b10 4b72 4350 5391 5391 5371 5391 4b30 5bd2 4b50 63d3 5350 5b91 63b1 5b50 3a2b 10c5 18e5 0023 0023 0022 0022 0023 0023 0043 0023 0022 0822 20c2 a450 93ee 93ed 9bee 9bee 9bee 9bee 9c30 28e4 2105 0843 0023 0023 0023 0022 0022 3145 6a88 ac6f ac4e 9bac 93cd 93cd 9bed a3ed 9bee 93ee 8bef 93ce 9bcd abed b3eb cc6b e52b f5cb fdc9 fdc9 f5c9 f5aa e52a d4cb d4cb d4ac b3a9 c40b b389 d48c d4cc b3a9 d50f a3ab 9bac 93ad 93cd 93ce 93ad 93cd a3ed a3cc abec bc0d bbec bc0d bbec bbed bc2d c42d cc6e b3cc c44e b40c bc2d b42d b40c bc6d b40c ccce b40b ccae b40c c46d c44c bc0b cc8d bbca dced bc0a d4cd cc6b d4ad ccad cc6c d4cd c44b dced bc09 d4ab e54c e52c dcec c429 d4cd c44c ccce ccae b3ec abcc a3cc 9b8c 9bac 9bcd 9bad a3cd a3cd a3cd a3cd a3ad 9bcd 93ef 736e 73b0 6bb0 5b6f 6bd1 5b2f 6bf2 52ee 6bd1 632e 7b8f 93ef a3cd abcd abed a3cc 
3311 3311 3311 3311 3311 3311 2b11 2b11 2b11 2b11 2b11 2b11 2b11 2b32 2b31 3331 3312 2b11 2b11 2b11 2b11 2b11 2b11 2b11 2b11 2b11 2b11 2b11 2b11 2b11 2b11 2b11 2b11 2b11 2b11 2b11 3312 3312 2b11 3312 2b11 2b11 3311 3311 2b11 2b11 2b11 2b11 2b12 2b12 2b11 2b11 2b11 2b11 2b11 2b11 2b11 2b11 2b11 2b11 2b11 2b11 2b11 2b11 2b11 2b11 2b11 2b11 2b11 2b11 2af1 2af1 2b11 2b11 2b11 2b11 2b11 2b11 2b11 2b11 2af1 2af1 2b11 2b11 2b11 2b11 2b11 2b11 3311 3332 3331 3b32 3af0 5393 3b10 53d3 3af0 5bd4 32f0 4b92 3b10 5bf4 3af0 4b51 4b72 4310 63f4 42f0 5bd3 4330 5392 5371 4b51 53b2 4310 4b92 3310 3311 3310 3310 3b51 3b10 53d3 430f 5bd2 4b10 5b92 5351 5351 5bb2 4b10 63f3 4aef 63f3 4b2f 5bb2 4b50 4b51 5391 4b50 63f3 42ef 63f3 42ef 4b51 4b71 4330 5bf3 430f 5bd2 430f 5b92 4b50 4b50 5392 3aef 53b2 3aef 53b2 4b71 5371 5b71 4b30 5bd2 4310 63f3 4b10 63b2 5371 5b70 63b1 10c5 18e6 0023 0023 0023 0023 0023 0022 0022 0043 0043 0023 0022 1882 8bef 93ee 9bee 9bee 9bee 9c0e 9c0f 9c50 28e4 20e5 0843 0022 0023 0023 0022 0022 0822 1820 8b6c ac2e 9bac 93cd 9bed a40d abed a3ed 9bed 93ee 93ee 9bed ac0d abeb b3ea bc09 e50a fdca fdc8 fdc8 f5a8 f589 f58b f58b f56c ed4c ed4c ed4c f56d f58d dd0c b40a abcb abcc a3ed 9bed 9bee 9bed a3ed b42e abec b40d abab bc2d bc0c c46e c44d bc2d c44e b3cb c44e abcb cc8f b40c bc2d bc2d bc0c ccce b3cb d4ef b3eb ccae b3cb bc2b d4cd cc6a dd0c ed6d dd0b f5ae dccb d4cc d48c d48d d48d d4cc e54d e52c f5cd f5ab f5ab f5ab e54c e52d b3ca bc0c abcc a3cc abed a3cd a3ed a3ed a3ed a3ee 938c 9bee 9bee a3ee a3ce 9bee 838e 8c11 6b6f 6bb1 6bb1 532e 7413 4ace 7413 5aee 73b0 7b8f 834d a40e abed a40e a3ed 
2b11 2b11 2af1 2af1 2af1 2b11 2b11 2b11 2b11 2af1 2af1 2af1 2b11 2b11 2b11 2af1 2af1 2af1 2b11 2b11 2b11 2b11 2b11 2b11 2b11 2b11 2b11 2b11 2b11 2b11 2b11 2b11 2b11 2b11 2b11 2b11 2b11 2b11 2b11 2b11 2af1 2af1 2b11 2b11 2b11 2b11 2b11 2b11 2b11 2b11 2b11 2b11 2b11 2b11 2b11 2b11 2b11 2b11 2b11 2b11 2b11 2b11 2b11 2b11 2b12 2b11 2b11 2b11 2b11 2b11 2b11 2b11 2b11 2b11 2b12 2b12 2b11 2b11 2b11 2b11 2b11 2b11 2b11 2b11 2b11 2b31 2b31 2b31 2b32 2b32 2b31 3331 3331 3b31 3b31 3310 3311 3b31 3331 3311 3b31 3b10 4372 4351 3b10 4351 3b10 5bd3 4310 5bb2 4b50 5b91 6bd2 5b50 63f3 3aef 4351 3310 3310 3310 3b10 4331 3acf 5bd3 42ef 5bb2 4b30 5391 5b92 4b10 63d3 42ef 6c13 42cf 63f3 4b10 5b92 5371 4b30 63d3 42ef 63f3 430f 5bb2 5371 5350 63d2 4ace 7433 530e 73f2 5b2f 63b1 6391 532f 6bf2 42ee 63f3 42ef 5bb1 5370 5350 63d1 4aee 6bf2 532f 6bf2 532f 5b70 63d1 530e 10c5 18e5 0022 0022 0023 0023 0023 0022 0022 0022 0043 0023 0022 18a3 9410 93ee 93ce 93ce 9bee 9bee 9c0f 9c30 28e4 20e5 0843 0023 0023 0023 0023 0022 0022 1000 8b6c ac2e 9bac 93ad 9bcd a3ec a3cc a3cc 9bcd 93cd 93cd 9bcd a3cd abec b3eb b3ea bbe8 e529 f5a8 fdc7 fdc7 fdc7 fda8 f5a9 f5aa f5ab f5ab f5ab f58b f58c f56d c44b b3ca abcb abcc 9bac 9bac b44e b42d abcc bc2d b3cb c44d b3cb d4cf bc2d ccaf cc8e b3cc c44e ab8b c46e ab8a c46d c44c bc0b ccad b3a9 e50e ab68 dced bc09 dcec e50c dcca f56b f56a f58a f58b f5ab f5ac e50b d48b d48c cc6b d4ab e50b f5ac f5cb f5aa f5aa f5ab f58c cc6a b3c9 b3cb b3cc a3ac 9bac a3cd abee abee abee 9c0f 8b8e 838d 93ef 8bce 9430 838e 8c31 630e 6bb1 6370 634f 73f2 530e 7413 52cd 8411 838f 8bae 9bef 9bce a3ef 8bad 9c0f 
2b12 2b12 2b12 2b12 2b11 2b11 2b11 2b11 2b11 2b11 2b11 2b11 2b11 2b11 2b11 2b11 2b11 2b12 3312 3312 3311 3311 2b11 2b11 2b11 2b11 2b11 2b11 2b11 2b11 2b11 2b11 2b11 2b11 2af1 2b11 2b11 2af1 2af1 2af1 2af1 2b11 2b11 2b11 2b11 2b11 2b11 2b11 2b11 2b11 2b11 2b11 2b11 2b11 2b11 2b11 2b11 2b11 2af1 2af1 2af1 2af1 2af1 2af1 2b11 2af1 2af1 2af1 2b11 2b11 2b11 2b11 2af1 2b11 2b11 2b11 2b11 2af1 2af1 2af1 2af1 2af1 2af1 2af1 2b11 2b11 2b11 2b11 2b11 2b11 2b11 2b11 3311 4393 3b51 3311 3331 3311 3311 3b31 3b31 53b3 4331 4b51 5371 4b30 5bb2 4b30 5b92 5350 5b91 6371 6391 73f3 5350 5bb2 42ef 5bb3 4331 4330 5bf3 42ef 63f3 430f 63f3 4b0f 5bb2 5371 5330 63d2 4aef 6bf3 4aef 6c13 4b0f 63d2 5350 5351 63d2 42ef 63f3 42ef 5bd2 4b30 5b91 63b2 5b50 73f2 5b0e 7c12 5b2e 73d1 634f 6b90 7bd1 636f 7c32 52ee 6bd2 5b50 6b90 7bf1 7bf1 83f1 738f 8411 7bd0 8432 6bd0 636f 8453 10a4 18e5 0022 0022 0022 0023 0023 0023 0023 0023 0023 0022 0822 18a3 940f 93ee 9bee 9bee 9bee 9c0e 9c0f 9c50 28e4 20e5 0823 0002 0022 0023 0023 0022 0021 1000 8b6c ac4e 9bcc 9bcd 9bcd a3ed ac0d abec abed a3ed 9bcd a3ee ac0e ac0d b3ec b3eb b3c9 bbe7 ed6a f5a9 fdc8 fde8 fde8 fde8 fdc9 fdaa fd8b f58a f58b fd8b f58c dccb b3c9 b3ca b3cb abcb abcc b3ec bc0c b3cb b3eb ed71 bbeb e551 c42c cc8e c44d b3ec bc0d abab c46e a369 e56f d4cc dd0c ed6d e50b f5ad e50a f5ac ed6b f5ac f58b f58a f5aa fdaa fdaa f5aa fdab fdcb fdcc f5cd e52b d489 f5ad ed4a fdca fdc9 fdc9 fdc9 fdca fdaa f58c d46a bbaa bbca bbec abcc a3ac 9bac 9bed a3ee 9bee 7b4d 7b8f 73af 6b4e 7bf0 5b0d 7c11 5b0e 73d1 6370 6390 6bb0 5b4f 7412 52ed 7bf1 7b8e 9c0f 9bee 9bef 9c0f 838e 83ef 6b2d 
2b11 2b11 2b11 2b12 2b11 2b11 2b11 2b11 2b11 2b11 2b11 2b11 2b11 2b11 2b11 2b11 3312 2b11 3311 3311 3311 3311 2b11 2b11 2af1 2af1 2b11 2b11 2b11 2b11 2b11 2b11 2b11 2b32 2b32 2b11 2b11 2b11 2b11 2b11 2b11 2b11 2b11 2b11 2b11 2b11 2b11 2b11 2b31 2b11 2b11 2b11 2b31 2b11 2b11 2b11 2b12 2b12 2b12 2b12 2b12 2b12 2b12 2b12 2b11 2b11 2b11 2b11 2b11 2b11 2b11 2b11 2b11 2b11 2b11 2b11 2b11 2b11 2b32 2b32 2b11 2b11 2b11 2b11 2b11 2b11 2b11 2b11 3332 2b11 2b11 2b31 3331 3311 3311 3311 3311 3311 3311 3b11 4311 4b31 4b30 5b71 5b71 6391 6391 63b1 5b70 6391 5b70 6391 6b91 6391 63d2 4b0f 5bd2 4310 5392 5372 4b0f 7434 42ee 6c13 4b0f 63d2 5b50 5b50 6391 530f 6bd2 4ace 6bf3 530f 6c13 5350 5b91 5b91 4b30 63d2 4b0f 63d2 4b2f 5b91 5b70 6391 73d2 634f 73f1 632e 7c12 634f 73b0 73b0 738f 7bf1 634f 73f1 5b0f 6bd1 6370 6b4f 7bd0 7baf 83af 83af 83f0 738f 7bf1 7bf1 6b6f 10a4 18e5 0003 0023 0023 0023 0023 0023 0023 0023 0023 0023 0822 1883 9410 93ee 9bcd 9bce 9bee 9bed 9bee 9c2f 28e3 20e5 0843 0022 0022 0023 0023 0023 0822 1000 8b8d ac2e a3cc 9bcd 9bac 9bac a3ac abab abcb abec a3cc 9bcc a3cd a3ac abcc b3cc b3ab bbc9 bbc7 e509 fda9 fdc8 fdc7 fde7 fdc7 f5a8 fd8a fd8a f58b fd8b f58c dcca c409 b3a9 bbeb bbcb b3cb b3cb b3cb bbeb bc0c b3aa c42d b3cb bc0c b3ec b3cc b3cc abac bc2d ab6a e56f ed6e f5ad f58b f5ab f58b f58a f58a f56a f58a f58a f56a f58a f569 f58a f58a f58a f58a f5ab f58a f58b f5ac ed4a ed6a f5a9 fda8 fdc7 fdc7 fdc7 fdc9 f56b d48a bbc9 b3a9 b3c9 bbeb abcb a3cc 9bcd 9bee 940f 7b8d 7bf0 6b8f 6b8f 73d1 5b2e 73f1 5b4f 6bd1 6370 6bb1 6390 6370 6b90 5b2f 73d1 6b4e 83f0 83ae 8bcf 83cf 738e 73af 6b6f 7bf1 
2b11 2b11 2b11 2af1 2af1 2af1 2af1 2b11 2af1 2b11 2b11 2b11 2b11 2b11 2b11 2b11 2b11 2b11 2af1 2af1 2af1 2af1 2af1 2af1 2af1 2b11 2af1 2af1 2af1 2af1 2b11 2b11 2b11 2af1 2af1 2b11 2b11 2b11 2b11 2b11 2af1 2af1 2af1 2af1 2af1 2af1 2af1 2af1 2af1 2b11 2af1 2af1 2b11 2b11 2b11 2b11 2af1 2af1 2af1 2af1 2af1 2af1 2af1 2af1 2b11 2b11 2af1 2af1 2b11 2b11 2af1 2af1 2b11 2b11 2b11 2b11 2af1 2af1 2af1 2af1 2b11 2af1 2af1 2af1 2b11 2b11 2b11 2b11 2af1 2af1 2b11 2b11 2af1 3311 2af0 3b52 3311 3b52 3b31 4372 5393 4331 5371 5b91 5b71 6391 6370 6bb1 5b70 6391 6370 6391 6391 6bb1 5b70 63b2 4b30 5391 5350 5b71 6bd2 530f 6bb1 5b2f 636f 630e 7bb0 7b8f 7b6e 8bf0 83af 83d0 6b4d 73d0 634f 6391 6370 5b50 6391 5b30 6bb2 5b50 63b1 5b50 6370 6b91 6b90 6bb0 636f 73d1 634f 73d1 6b90 6b8f 7bf1 6b4f 6bb0 6370 6390 5b4f 6370 6370 632e 7bf0 7b8e 83d0 6b6e 73b0 6b90 73b1 636f 10a4 18e5 0023 0023 0023 0023 0023 0023 0023 0022 0022 0023 0822 18a3 9410 9bee 9bee a40e a3ee a40e 9bee 9c2f 28e3 18a4 0823 0023 0023 0023 0023 0023 0822 1000 938d b44e abec abec abec abec b40c b40b b3eb b40c b3ec abcb b3cc b3cb bbcb bbcb bbaa bbc9 bbc8 e4ea f58a fdc9 fde9 fde7 f5c8 f5a9 fd8a fd8a fd8b fd8a fd8b f58c fd8e d48a cc4b c42b bbeb bbca bbcb b3cb bbcb bbed abac b3ed b3cc abcc abec b3ec b3ed abab bc2c b3aa e50d e50c e52b ed4c ed2a f58b fdaa f58a f58a f58a f58a f58b f5ab fdab f5ab fdab fdcb fdcc f5ab ed8b f5ab f5ab f5a9 f5a7 fe07 fde7 fde7 fde8 f5aa d4cb b3c9 bbca b3aa e54f e570 b3eb a3ab 93ac 93ee 7b8e 7baf 6b6f 6b90 6bb0 6b90 6bb0 634f 6bb1 634f 6390 6390 6390 6390 6370 6bb1 6370 73d1 6b90 7390 7bb0 6b6f 6b90 6b90 6b90 636f 
2b12 2b12 3312 3332 3331 3331 3331 3331 3332 2b32 2b11 2b11 2b11 2b11 2b11 2b31 3312 3312 3332 3332 2b32 2b32 2b11 2b11 3332 3332 2b32 2b11 2b11 2b11 2b11 2b11 2b11 3311 2b11 2b11 2b11 2b11 2b31 2b32 2b32 2b12 2b11 2b11 2b11 2b11 2b31 2b11 3312 3312 3312 3312 2b12 2b12 2b11 2b11 2b12 2b12 2b11 2b11 2b11 2b11 2b12 2b12 2b12 3312 2b12 2b12 2b11 2b11 2b11 2b11 2b11 2b11 2b11 2b11 2b11 2b11 2b11 2b11 2b11 2b11 3312 3312 2b11 2b11 2b11 2b11 2b31 2b11 2b11 2b11 2b11 3311 3310 4b93 4352 4352 3b31 4331 4331 5372 5351 5b92 63b2 5b30 73f3 5b2f 6bd1 6350 6391 6370 6b71 6bb2 6371 6bb2 5b51 5b91 5b50 6370 6bb1 7390 7390 7b6f 7b4d 93ce a40e abee b44f c490 a3ad a40f 8b8d 8bef 736f 6b70 6390 6bb1 6391 6370 6b91 6b70 6bb0 6390 6bb1 6bb1 6b90 6b90 6b90 6b90 6b90 7390 7390 73b0 7bd0 738f 6bb0 6b70 6bb0 6370 6b90 6b90 736f 83d0 7b6e 83cf 73af 6b8f 6bb0 6b90 5b0d 0884 18e5 0002 0023 0003 0023 0003 0023 0023 0023 0023 0022 0822 18a3 9410 9bee 9bed 9bed 9bed a3ed 9bed 9c0f 30e3 0822 0003 0022 0022 0023 0022 0023 0822 1000 93ad b44e b3ec abcb b3ec abcc b3cc b3cc abab b3cb b3cb bbca bbca bbca bbca bbca bbca c3ca c3c9 c3c8 dc89 fdcc fdca fdc9 fda9 f5aa f5aa f58b f58b f58b fdab f5ab f58b fdad e52c e50c dccc cc4a cc6b c42b b3aa b3eb b3cc b3cb b3ec bc0d b3cc abcc b3cc b40c b3ab bc0c bc0c c40b cc6b d48b d48a e52a f58b f58a f58a f58a f58b f58b ed4b ed6b f5ac f5ac dcc9 f58c e4eb e52b f58c f5ab f5aa f5c8 f5c7 fde7 fde8 fdca ed6b b409 b3eb b3cb bbeb dcef dd0f bc0c a3cd 93ce 83ae 734e 738f 6b90 6bb0 6b90 6bb0 63b0 636f 63b0 5b4f 6bb1 6370 6390 6390 6370 6bd1 6370 6bb1 6370 6bb1 6bb0 6370 6bb1 634f 6bb0 634f 
22f1 2af1 2af1 2af1 2af1 32f1 32f1 32f1 2af1 2af1 2b11 2b11 2af1 2af1 2af1 2b11 2af0 2310 2b11 2b11 2af1 2af1 2af1 2af1 2af1 2af1 2af1 2af1 2af1 2af1 32f1 3311 2af0 2af0 2b11 2b11 2af1 2af1 2af1 2af1 2af1 2af1 2af1 2af1 2af1 2af1 2b11 2b11 2af1 2b11 2b11 2b11 2af1 2af1 2af2 2af2 2af1 2af1 2af1 2af1 2af1 2af1 2af1 2b11 2b10 2310 2b11 2b11 2b11 2b11 2b11 2b11 2af1 2af1 3311 32f1 2b11 2b11 2b11 2b32 2b11 2310 2b11 2b31 2b11 2b12 2b12 2b12 2af1 2af1 2b11 2af1 3311 4b72 4310 4331 3aef 4351 3310 4351 4b72 4331 4b71 5bb2 5330 6bd2 52ef 7413 5b2f 6bb2 6370 6bb1 63b1 6370 73f2 634f 7c33 6b4f 83f1 8bf0 836d ac50 ac0e b42e b42e bc4e bc2e b3cc b40c bc6e a3cc abcc a3ad 9bae 83af 6b6f 636f 5b90 636f 6bb1 636f 73d1 6370 6bd1 6390 6390 6bd0 634f 7bf1 6b50 73b1 6b90 6b90 6b90 7390 7bb1 6b4f 73d1 6350 6bb0 636f 6b8e 83ef 83ef 8bcf 83cf 7baf 738f 6b6e 73af 738f 1083 18c5 0023 0002 0022 0022 0022 0022 0022 0023 0023 0023 0822 1883 93ef 9bef 9bee 9bee a3ee a3ed a3ed 9c0e 28e2 0021 0022 0022 0022 0023 0023 0022 0022 1000 93ad b42e b3ac abac abac a3ac a3ac a3cc a3cc a3ab abab bbca c3aa c3a9 cbea cbc9 cbea c3ca c3ea dc6b cc29 d4a8 f5aa f58a f58a f58a f58b f58b fd8b f56b f56b f58b fd8b f58c f58c f58c f58c f56c f5ac ed6c dceb bc09 d48d c40b cc8e b40c b3ec bc0d bbed b3cc bbed b3cc b3cc b3cb bc0c c44c d4cd cc69 dcea f58c fdac e52b ed8d cc8b cc8b cc4a f58f e54d d4cb d4cb c449 d4cb e54c f58c f58b f58a f5aa f589 f58a ed6b c449 cc8d a38b abcc b3ec a3ab abcb a3ec 9bed 93cf 734e 7bd0 634f 6b90 636f 6b90 6bb1 6350 6bb1 5b2f 73d1 5b2e 6390 5b6f 6370 6bd1 5b2f 73f2 5b2f 6bb1 5b50 6391 6bb1 5b30 6bb2 5b0f 6bd2 
2b11 2b11 2b11 2b11 2b11 3311 3311 3311 2b11 2b11 2b11 2b11 2b11 2b11 2b11 3312 2b11 2b11 2b11 2b11 2b11 2b11 2b11 2b11 2b11 2b11 2b11 2b11 2b11 2af1 2af1 2af1 2af1 2b11 2b11 2b11 2b11 2af1 2af1 2af1 2af1 2af1 2b11 2b11 2b11 2b11 2b11 2b11 2af1 2af1 2b11 2b11 2af1 2af1 2af1 2af1 2b11 2b11 2b11 2b11 2b11 2b11 2b11 2b11 2b11 2b11 2b11 2b11 2b11 2b11 2b11 2b11 2b11 2b11 2af1 2b11 2b11 2b11 2b11 2b11 2b11 2b11 2b11 2b11 2b11 2b11 2b11 2b11 2b11 2b11 2b11 3311 32f0 5bd4 4330 53b3 3b10 4b92 3b11 4372 3b31 4351 5393 4b51 63d2 4aef 7c33 52cd 7c13 5b2f 6bb1 6370 6370 73f2 634f 7c12 5acd 83f0 8baf 93ae ac2f b42f bc2e c44d bc2d d4f0 cc8e b3ec bc2d abcc a3cc a3cd a3cd 9bee 7b2d 738f 6b6f 634f 73b0 5b0e 7bd1 52ed 6bd1 5b4f 6bb0 6b90 636f 7bf1 632e 7bd1 632e 73d1 6b6f 634f 73d1 5b2e 73f1 5b2f 73d1 634f 73b0 7bd0 8bef 8bef 8bce 8bef 7b6d 8bef 83ae 8bce 8bce 1862 18c4 0022 0002 0023 0023 0023 0023 0023 0023 0023 0022 0022 18a3 9410 93ef 9bee 9bee a3ed a3ed a3ed a42e 30e3 0021 0022 0022 0003 1064 2106 18c5 0801 1000 8bad ac2f a3cd a3ac a3ad 9bad 9bad 9bcd a3cd a3cc abab bbcb c3ca cbe9 dc4b d40a cbe9 e4cb e4eb fd8d e4ea e4e9 fdab fdab fdaa f5aa fdab f5ab fdab fdab fdab f58b f58b f58b f58b f58b fd8b fdac f58c fdac f58d dccb ed4e d4ec ccad abcb abed abcc b3ed b3ac b3cc b3cc b3ec abab bc0d c46d c44c e54f bc09 edae e52d d4ac d4ac cc8c cc6c c42b d4ad bc0a dd0f b3ca bbeb b3ca c40b e52e cc4a e54c cc69 d4ca e52c cc8b d4cd bc6d abcc abed abed abed abed a3ed 9bce 8b8d 8bf0 5aec 7bd1 634f 6b90 6bb0 5b4f 73d1 52ed 7412 530e 73d2 5b2f 6391 6391 5b2f 73f2 4acd 7412 530e 6bb1 6390 5b2f 73f2 52ee 7412 52ee 
2b11 2b11 2b11 2b11 2b11 2b11 2b11 2b11 2b11 2b11 2b11 2b11 2b11 2b11 2b11 2b11 2af1 2b11 2b11 2b11 2b11 2b11 2b11 2b11 2b11 2b11 2b11 2b11 2b11 2b11 2b11 2b11 2b11 3311 2b11 2b11 2b11 2b11 2b11 2b11 2b11 2b11 2b11 2b11 2b11 2b11 2b11 2b11 3311 2af1 2af1 3311 2af1 2af1 2af1 2af1 2af1 2af1 2b11 2b11 2b11 2b11 2b11 2b11 2b12 2b12 2b12 2b12 2b11 2b11 2b11 2b11 2b11 2b11 3311 2b11 2b11 2b11 2b11 2b11 2b32 2b32 2b12 2b12 2b11 2b31 2b11 2b11 2b11 2b11 2b31 3311 3311 4331 3b10 4331 3b11 3af1 4372 32f0 3b31 3b31 4331 5392 4b10 6bf3 52ee 7c33 52ee 73f2 5b50 6bb1 6bd1 5b2f 8453 5aed 8c32 7b6e 93ef 8b8e 938d 9bce 9b6c b3ed b3ec b3eb cc8e cc8e b3ed a38b a3ac a3ac a3cd 9bad 838e 7b4e 7b8f 7baf 736e 83f0 736e 7bf1 5aed 73d1 6b6f 6b70 7bd1 630e 7bf1 630e 7bf1 634f 6bb0 6b90 5b2f 73f2 5b0e 7412 5b4f 6bd1 6b8f 738f 83ef 8bef 8bce 8bce 8bce 8bae 9bee 9bce 93ad 2061 20c4 0022 0002 0023 0023 0023 0023 0023 0023 0023 0023 0022 1063 4a29 5228 5a28 72ea 9bee 9bcd 9bcd 9c0e 28e3 0022 0022 0023 0003 18c5 39c9 420a 18a4 0801 4186 72aa 82eb 9bae 9bad 93ad 9bcd 9bcd 9bac a3cc abcb bbca c3a9 c3a9 cba9 c3a9 c3a8 d469 ed2a f56a fd8a f58a f58a f58a f58a f58a f58a f58a f58b f58a f58a f58a f58a f56a f56a f56a f56a f56b f56b f56b f54c e4eb ed6e dd0d bc2b a38a abcd b3ec b3ac b3cc ab8b b3ec a38b abcc abcc abab bc4d abaa c46d cc8d b3ea ccad b3ca c42c c40c b3eb b3cc b3ec a3ac a3ac a38c a38c a3ac a38b a3ab abcb a3aa abcb abcb abcb b42d a3ac 9bac 9bcd a3cd 9bcd a3ed 9bcd a3ee 9bee 838d 8c10 632d 73f1 6370 634f 6bb1 5b0e 7412 4aed 7412 530e 6bd1 6370 6350 6bd1 52ee 7c33 4acd 7412 5b4f 634f 73d1 530e 7c13 52cd 7c12 
2b11 2b11 2b11 2b11 2b11 2b11 2b11 2af1 2b11 2b11 2b11 2b11 2b11 2b11 2b11 2b11 2b11 2b11 2b11 2b11 2b11 2b11 2af1 2af1 2b11 2b11 2b11 2b11 2b11 2b11 2b11 2b11 2af1 2af1 2af1 2af1 2b11 2b11 2b11 2b11 2b11 2b11 2b11 2b11 2af1 2af1 2af1 2af1 2b11 2b11 2af1 2af1 2af1 2af1 2af1 2af1 2af1 2af1 2b11 2af1 2af1 2af1 2af1 2af1 2b11 2b11 2b11 2b11 2b11 2b11 2af1 2af1 2af1 2b11 2af1 2b11 2b11 2b11 2af1 2af1 2b11 3311 2af1 2af1 2b11 2b11 2b11 2b11 2b11 2b11 2b11 2b11 32f1 53d4 3af0 5bf4 3b11 53d4 3b10 5393 3b10 5392 4330 4b30 5b92 5330 73f2 5b0f 7c12 632f 73d1 6b70 6b70 7bf1 630e 8c12 6aec 93cf 9c0f 9bae 9bce a3ce a3ad abcd abcc b3ec dd10 c46e a3ac a3ac a3cd a3cd a3cd 9bee 93ae 9bce 9bce 93ce 9bee 93ee 93ef 8bef 83d0 6b2e 73b0 7bb0 6b2e 83f1 62ed 8412 634e 7bd1 6b6f 6b6f 7bf1 5aed 7bf2 52ee 6bd1 634f 6b8f 7bf0 83cf 8bef 8bee 8bce 8bce 93ce 9bee 9bee 93ce 1862 20c4 0022 0002 0023 0022 0022 0023 0023 0023 0023 0023 0023 0022 0022 0022 0822 20e4 41a6 72ea 9c2f 5207 1041 0022 0023 0023 0023 0823 20e6 3188 1084 0802 3947 59ea 6a2a 7a8b 9baf 9bad 9bcd abcc abcc b3cb b3cb bbca c3ca c3aa cbc9 c3a8 cbc7 d426 f549 fd8a fdaa fdaa fdaa fdaa fdaa fdab fdab fd8b fd8b fdab fd8b fd8b fd8b fdaa fdab fd8b f58b fd8b f56b f58c ed4c bba7 e4ed bbe9 b3a9 b3eb abab b3cb b3ab abcb abcb abcc abcc abcc a3cc a3cc abcd abed abec abcb e551 cc6d dcef c44d b3cc abed a3ad a3cd 9bcd 9bcd 93cd 9bcd 9bcd 9bad 9bcd 9bad 9bcd 9bcd 9bcd 9bcd 9bcd 9bed 9bcd 93ce 8b8d 9bee 9bee 9bed a40e 9bee 9bee 8bee 8bef 6b4e 6b6f 6b90 634f 73f1 52ed 7c32 52ed 73f2 5b2f 6390 6390 5b2f 7412 4acd 7412 5b0e 6bb1 6b90 632f 7bf2 5acd 8432 5aed 
2b11 2b11 2b11 2b11 2b11 2b11 2b11 2b11 2b32 2b11 2b11 2b11 2b11 2b11 2b11 2b11 2b11 2b11 2b11 2b11 2b11 2b11 2b11 2b11 2b11 2b11 2b11 2b11 2b11 2b11 2b11 2b11 2b32 2b11 2b11 2b11 2b11 2b11 2b11 2b11 2b11 2b11 2b11 2b11 2b11 2b11 2b11 2b11 2b12 2b12 2b11 2b11 2b12 2b12 2b11 2b11 2b11 2b11 2b11 2b11 2b11 2b11 2b31 2b11 2b11 2b11 2b11 2b11 2b11 2b11 2b11 2b11 2b11 2b11 2b11 2b11 2b31 2b31 2b31 3311 3b52 3b32 3331 3311 3311 3311 3331 2b31 3332 3332 3331 3331 3b31 3b11 3b10 4311 3af0 3b10 4331 3b10 4b71 4330 5371 5b91 5350 6391 5b50 73d2 6b4f 8411 83d0 7bb0 7bb0 734e 8bf0 838e 9bef 9bef a3ee a3ce a3ee a3cd a3cd a3ed abed abed abed abcd a3ee a3ee a3ee a3cd a3ed a3ed a3cd a3ed a3cd a3ed a3cd a3ee 9bee 940f 9410 8bcf 8bf0 8bf0 8bf0 8bef 8bf0 83cf 83f0 83f0 83d0 83f0 7baf 83f0 738f 83f0 738f 7bd0 7bb0 734e 8bf0 8bef 8bee 93ee 93ee 93ce 9bce 9bce 72eb 1862 18c4 0022 0022 0022 0023 0023 0023 0023 0023 0023 0023 0023 0023 0023 0043 0022 0022 0022 18a3 2945 20e4 1042 0822 0023 0043 0023 0023 0023 0022 0022 0822 4189 622c 6a4c 7aad 8b2e a3ce a3cd abcb b3cb bbca bbca c3ca c3c9 cba8 d3a7 d3c6 e447 f508 fd69 fd89 fd89 fd8a fd8a f58a f56b f58b fd8c d447 f56c ed2a ed2a f58b f58b f58a fd8a f58b f58b f56c f54c d469 cc09 dc8b ed2d d48b e52d cc4b cc4c bc0c b3cc b3cb c44d b3cc abac a3ac a3cd a3ed a3cd a3cd abec abcc b3ec bc0c bc0c abec a3ac 9bad 9bce 93ad 93ce 93ad 93ce 93cd 93cd 93cd 93cd 93ce 93ce 93ad 93ce 93ad 93ce 93ce 93ef 8bee 940f 83ce 8bee 93ee 9bee 9bee 9bce 93ce 93ef 8bcf 7b8e 736f 7bd0 5b2e 7412 52ed 73f1 530e 6bb1 5b50 6370 6b90 5b0e 73f2 52ee 73d1 634e 736e 8bf0 8bcf 8bcf 8bcf 8bef 
2b11 2b11 2b11 2af1 2af1 2af1 2af1 2af1 2b11 2af1 2af1 2af1 2af1 2af1 2af1 2af1 2b11 2b11 2af1 2af1 2af1 2af1 2af1 2b11 2af1 2af1 2af1 2b11 2b11 2b11 2af1 2af1 2af1 2af1 2b11 2b11 2af1 2af1 2af1 2b11 2b11 2b11 2af1 2af1 2b11 2b11 2af1 2af1 2af1 2b11 2b11 2b11 2b11 2b11 2b11 2b11 2af1 2af1 2af1 2af1 2af1 2af1 2af1 2af1 2b11 2af1 2b11 2af1 2b11 2b11 2b11 2b11 2b11 2b11 2b11 2b11 2b11 2b11 2b32 2b11 3331 3311 3311 4bb3 3311 4bb4 3311 3331 3311 4372 4bd4 3b31 53b3 4351 53d3 4351 4bd3 3b11 4b92 3b11 4351 4351 4b30 4b30 5b71 5b50 63b1 6390 6b90 736f 83f0 8c11 8bd0 9410 93f0 9c10 8bcf 8bcf 8bf0 83af 83af 8bcf 8bcf 8bae 93ef 93ae 9bef 9bef 93ce 8b8d 93ee 9bee a3ed abcd abed abed abcc abcd a3ed a3ed 9bee 93ef 8bce 8bce 8bef 8bef 83cf 83d0 83cf 8bf0 738e 7baf 7bf0 7baf 83f0 83cf 8bcf 8bce 8bce 8bcf 8bef 8bef 8bef 93ef 93ee 93ee 93ce 9bee 9bee 93ee 28c3 20c4 1063 0002 0022 0023 0023 0023 0023 0023 0023 0023 0023 0023 0023 0023 0023 0023 0023 0022 0022 0822 41e8 62cb 3125 20e5 0822 0023 0022 0023 0022 0022 0802 4169 622c 728e 7aae 82cd 8b0c abcd b3cb bbca bbc9 c3c9 c3c9 cba9 d3c8 e408 e427 ec68 ecc8 f529 f58b f56a f56a fd8b f54a cc27 f54c cc08 c3e7 cc28 e4eb cc49 cc28 ed2c fdad fd8c fdad e4eb e50c cc4a c3c9 c3ca cbe9 ed0d d46a dccb e4ed bbca bbca b3cb d4ef c44d b3cb b3cb abcb b3ec abeb a3cc a3cc a3cc abab c44d c42d b3cc a3ac 9bad 93cd 93ce 93ce 93ad 93ad 93ad 93ad 93ad 93ad 93ae 93ce 93ae 93ce 93ad 93ce 93ce 8b8d 7b4c 8bef 838e 736d 7b6d 93ee 93ce 93ce 9bce 9bad 9bce 93ce 93ae 93ce 8bef 83d0 630e 73d1 5b2f 6390 5b2f 6370 6370 5b4f 6bd1 5b4f 6bb1 634e 7b8f 8bcf 9bce 9bcd a3cd 9bcd 9bcd 
2b11 2b11 2b11 2b11 3312 3312 2b11 2b11 2b11 2b11 2b11 2b11 2b11 2b11 2b11 2b11 2b11 2b11 2b11 2b11 2b11 2b11 2b11 2b11 2b11 2b11 2b11 2b11 2b11 2b11 2b11 2b11 2b11 2b11 2b11 2b11 2b11 2b11 2b11 2b11 2b11 2b11 2b11 2b11 2b11 2b11 2b11 2b11 2b11 2b11 2b11 2b11 2b11 2b11 2b11 2b11 2af1 2af1 2b11 2b11 2b11 2b11 2b11 2b11 2b11 2b11 2b11 2b11 2b11 2b11 2b11 2b11 2b11 2af1 2b11 2af0 32f1 32f1 3311 3311 3311 32f1 3310 3310 3b11 3b11 3311 3b11 3b11 3b11 3b11 3b10 5372 4310 3af0 3b10 32f0 3b51 3b11 4351 3b10 4310 4b51 5351 5350 5b51 5b91 532f 63b1 5b4f 6390 6b6f 6b6f 8411 7b8f 83f0 630e 73b0 6b70 634f 73d0 632e 7bf1 62ed 83f1 62ec 83d0 736e 734e 83f0 6aeb 9c0f ac0e ac0e ac0e ac0e ac0d ac0d ac0e ac2e a40f 93ce 93ee 8bef 8bf0 83f0 630e 7bf1 5b2e 73f1 636f 73d1 6b90 6bb0 73af 83d0 83cf 83cf 83cf 8bee 93ee 93ee 93ee 93ce 93ee 93ef 93ee 93ee 93ee 93ef 20a3 18e4 0022 0022 0022 0023 0023 0023 0023 0023 0023 0023 0023 0023 0023 0023 0023 0023 0022 0022 0022 0021 528a 6b2c 732c 628a 3945 0801 0822 0022 0022 0023 2907 4169 518a 7aaf 82f0 82ce 828a b3cc bbcb c3ca c3ca c3a9 c3c9 cbe9 cbc8 d3e8 d3c7 cbc7 c3a6 e52c dceb d489 ed4b f56b ed4b ed4c fdad d489 f58d e50b f58d ed4d cc09 c3e9 cc09 cc09 c409 c3e9 bbea bbea bbaa bbaa c3aa c3ca cbea cc0a d46c c40b bbeb c44c ed91 c42b cc6d c40c c44c edb1 dd50 abeb abec abcd b3ec b3cc b3cc abcd 9bcd 9bce 9bee 93ce 93cd 9bce 9bce 93ce 9bae 9bce 9bce 9bce 93ce 93ce 93ce 93ce 93ce 9bef 93ee 8bae 93ef 93cf 8bef 93cf 9bef 9bee 9bee 93ce 93ce 9bce 9bce 9bcd a3cd 9bce 9bef 838e 6b4f 6b6f 634f 6370 636f 634f 6370 636f 6390 6b6f 736e 83cf 9bce a3ce a3cd a3cd a3ed a3ed 
2b11 2b11 2b11 2b11 2b11 2b11 2b11 2b11 2b11 2b11 2b11 2b11 2b11 2b11 2b11 2af1 2af1 2af1 2af1 2af1 2b11 2b11 2b11 2b11 2b11 2b11 2b11 2b11 2b11 2b11 2b11 2b11 2b11 2af1 2af1 2b11 2b11 2b11 2b11 2b11 2b11 2b11 2b11 2b11 2b11 2b11 2b11 2af1 2af1 3312 2af1 2af1 2b11 2b11 2b11 2b11 2b11 3311 2b11 2b11 2b11 2b11 2b11 2b11 2b11 3311 2b11 2b11 2b11 2b11 2b11 2b11 3331 2b11 3311 3311 5c35 3b10 4b92 4b72 4b93 4b72 4b92 4b93 4351 53d3 3b31 5bf4 3b10 5bf4 3b10 5bf3 5372 5392 4331 4b93 3b11 3b11 5bf4 3acf 5392 4b30 5371 5350 5350 5b92 4aef 6bf3 4b2f 63d2 5350 5b70 6bb1 5b4f 7412 4acd 7432 5b2e 6390 6bb1 5b2f 7c12 52ed 7c53 4aad 7c12 632e 6b90 7bf1 62ed 9411 93ef a3ee a3cd a3cd a3cd a3cc a3cc a3cc a3cd 9bcd 93cd 93ce 93ce 93ae 838e 83d0 62ed 83f1 632e 7bf1 6b6f 73b0 6bb0 73b0 73d0 6b6e 7bf0 6b2d 8bcf 93ce 9bce 9bee 93ce 8bae 93ce 93ae 93ce 93ce 8bef 20a3 20e5 0822 0002 0022 0023 0023 0023 0023 0023 0023 0002 0022 0022 0023 0023 0023 0023 0043 0023 0022 0022 0862 62aa 6aca 7b0b 836d 49c7 3126 0002 0003 1044 3109 414a 51ab 59ec 6a2c 82cd 828a ab8c b3aa bba9 bba8 bba8 bba8 c3a8 c3a8 c3a9 c3a8 bba8 bbc8 bbc9 cc6b b3a8 cc4a ed2d c408 ed4c f58d f58c fdad f56d f56c f58e cc2a bba9 bbc9 bbc9 bbc9 bba9 bbca bbca b3aa bbcb bbab bbaa c3cb bbab bbcb b3aa b3aa bbeb b3ca c40c b3aa bbcb bbeb bbec b3ab abab abcb abab b3ab b3ab abab a38b 938c 93ad 8bad 8bad 93ad 93ad 93ad 938d 938d 938d 938d 93ad 8bad 93ad 93ae 93ad 8bad 8bad 8bad 8bad 8bad 8bad 93ae 93ae 93ad 93ad 93ad 93ad 93ad 93ad 93cd 9bcd 9bad 9bad 9bcd 93cf 7b6e 738f 6b6f 6b70 636f 634f 634f 634f 7390 6b2e 8bcf 93ce 9bce 9bcd 9bcd a3ce 9bcd a3cd 
2310 2310 2b11 2b11 2b11 2b11 2b11 2b11 2af1 2af1 2b11 2b11 2af1 2b11 3311 2b11 2af0 2b11 2b11 2b11 2b11 2b11 2b11 2b11 2af1 2af1 2b11 2b11 2af1 2af1 2af1 2af1 2af1 2b10 2b11 2b11 2af1 2af1 2b11 2af1 2af1 2af1 2b11 2b11 2b11 2b11 2b11 2b11 22f0 2310 2b11 2311 2b11 2af1 2b11 2b11 2af1 2af1 2af1 2af1 2af1 2af1 2af2 2af1 2af0 22f0 2310 2310 2b11 2b11 2b11 2b11 2af1 2b11 3311 3311 3b11 3b11 3af0 3af0 32ef 330f 3310 3310 3b10 3ad0 3af0 3af0 3af0 32d0 3af0 3af0 3af0 3b10 3b11 3b11 3310 3b30 32ef 6413 3aef 5bd3 4b30 5351 5391 42ef 6c13 42ce 7454 530f 63b2 6391 4b0e 6c12 4aee 7c53 4aee 6bf1 6390 5b6f 6bb1 52ee 7c32 52ed 7c32 5aee 73d1 6b90 634e 7bf0 730b a44f a40e ac0e ac0e ac0e abed abed ac0d ac0e a40e 9bee 9bef 9c0f 940e 8c0e 8c0f 8bef 8bf0 83d0 7390 73d1 7390 6b90 6bb0 73b0 7bd0 83af 8bef 940f 93ee 940e 9c0e 9c0e 9bee 93ce 93ee 93ef 93ee 93ef 20a3 20c5 0823 0003 0023 0023 0022 0022 0022 0022 18a4 0843 0823 0843 0823 0823 0023 0023 0023 0023 0023 0042 0020 5289 62c9 6ac9 8b4c 830d 4168 20a6 0824 1044 3949 414a 496a 518a 59ec 7aad 9b6d abec bbea c3e9 c3c9 c3c9 c3ca c3c9 bba9 bba9 c3c9 c3c9 c3ca c3ca c3ca c3ea bbc9 bbe9 bbe9 bbe9 bbe9 bbc8 c3e9 c3c9 bba8 bba9 bbca c3ea c3ca bbca bbcb bbea b3ea b3ea b40a bbeb bbeb bbcb bbeb c40c bbeb bbcb bbcb bbcb c40c bbcc bbec bbec b3cb b3eb b3eb b3cb b3ec b3cc bbec b3ec abcc a3cd 9bcd 93cd 93cd 93ce 9bee 9bee 93cd 93cd 93ed 93ce 93ce 9bce 9bee 9bce 93cd 93cd 93ce 9bce 93ee 93ce 93ce 93ee 8bed 93ed 93ed 93ee 93ce 93ce 9bee 9bce 93ad 9bad 9bcd 9bcd a3cd 9bad 9bef 8b8e 83ee 7b8e 83ce 83cf 736e 7baf 734d 8bef 93ad 9bad 9bcd 9bad 9bcd 9bce 9bae a3ce 
2b11 2b11 2b11 2b11 2b11 2b11 2b11 2b11 2b11 2b11 2b11 2b11 2b11 2b11 2b11 2b11 2b11 2b11 2b11 2b11 2b11 2b11 2b11 2b11 2b11 2b11 2b31 2b31 2b11 2b11 2b11 2b11 2b11 2b11 3312 3312 2b11 2b11 2b11 2b11 3312 3312 2b11 2b32 3312 2b11 2b11 2b11 2b32 2b11 2b11 2b11 2b11 2b11 2b11 2b11 2b31 2b31 2b32 2b11 2b11 2b11 2b11 3311 3311 3311 2b11 2b11 2b11 2b11 3311 3311 2b11 3312 3331 3311 5c56 3310 4bb3 4351 4bb3 4372 4b92 53d3 4351 53f4 3b31 5c14 3b10 5bf4 3b51 4bb3 4372 53b3 3b31 4352 4392 32f0 5bf4 32cf 5bd3 42f0 5392 5371 430f 5bb2 42ce 7434 4ace 63b2 5b50 5b70 63d2 4b0e 7c53 4aee 73f2 5b4f 6390 6bb1 5b4f 6bd1 532e 73f2 530e 6bb1 636f 6b90 73b1 6b4e 9410 9bef 9bcd a3cd a3cd a3cd a3cd a3cd a3cd a3cd 9bcd 9bcd 9bcd 93ad 9bce 9bee 8bce 93ef 940f 8bcf 736e 736f 7bd0 7bb0 738f 6b4e 7b8f 8c10 93ef 93ce 93cd 9bcd 9bcd 9bcd 9bcd 9bce 93cd 93ce 93ce 93ef 20a3 20e5 0822 0002 0022 0022 0022 0023 0022 10a4 3168 3989 39a9 39a9 39c9 39c9 0022 0022 0022 0022 0022 0022 10a3 5a8a 62c9 6ae9 93ce 59c7 3947 3969 2907 20a6 28c7 3909 3908 4129 496a 726d 7a8c 9b2c b3ab bba9 bba9 bb89 bba9 bba9 bba9 c3a9 bba9 bba9 bba9 bbc9 bba9 bba9 bba9 bbc9 bbca bbca bbaa bba9 bbaa c3ca c3aa bbaa bba9 bbaa bbaa bbaa bbca bbca bbca bbca bbca bbca bbca bbaa bbcb bbcb b3cb b3cb b3ab b3cb b3cb abcb b3cb b3cb abcb abcb b3cc b3cb b3cb b3cb abcb abab a3ac 9bac 93ac 93cd 93ad 93ad 93cd 93cd 93cd 93cd 93cd 93ad 93ad 93ce 93cd 93ad 93cd 93ce 93cd 93cd 93ce 93ce 93cd 93ae 93ae 93ce 93ae 93ae 93ae 93ae 93cd 9bad a3cd a3ac abcd abcc abcc abcc a3cd a3ed a3cd a3ed a3ed a3ed 9bcd 93ac 9bcd 9bad a3cc a3cd 9bee 7b2b 836c 8bcd 93ce 9bce 
2af1 2af1 2af1 2af1 2af1 2af1 2b11 2b11 2af1 2af1 2af1 2af1 2af1 2af1 2af1 2af1 2b11 2b11 2af1 2af1 2af1 2af1 2b11 2b11 2af1 2af1 2af1 2af1 2af1 2af1 2af1 2af1 2af1 2af1 2af1 2af1 2af1 2af1 2af1 2af1 2af1 2af1 2af1 2af1 2af1 2af1 2af1 2af1 2b11 2af1 2b11 2b11 2af1 2af1 2b11 2b11 2b11 2b11 2b11 2b11 2b11 2b11 2af1 2af1 2b11 2b11 2b11 2b11 2af1 2af1 2af1 2af1 2b11 2b11 2b11 2af1 3311 3310 3331 3310 3af0 3af0 3af0 32f0 3b10 3b10 3af0 3b10 3b10 3b11 3310 3310 32f0 3310 3310 3b11 3310 4352 32cf 53b3 3aef 5392 4b71 4b50 5bb2 42ef 63f3 42cf 63d3 4b30 5b91 5b91 5350 6bf3 530e 6bf2 5b4f 63b1 6390 6390 6391 5b50 6bb1 5b4f 6bd1 634f 6bb0 6b90 6b70 7bd0 7b4d a40f a3ee a3ed a3cd a3cd a3ed a3ed a3ed a3ed a3ed a3ed 9bed 9bee 9bee 9bee 93ee 9bee 9c0e 9bee 940f 93ce 940f 93cf 9410 8bcf 838e 8bef 9c0f 9bee a3ed a40d abed abec a3ed a3ed 9bed 9bee 9bee 9430 20c3 18e4 0822 0002 0002 0023 0023 0003 18a5 20e6 0843 0823 0022 0823 0843 39c9 2106 0022 0022 0022 0022 0021 52ab 62eb 6aea 730a ac90 2861 1022 3948 3949 3929 3108 498b 3929 28a7 496a 518a 724c 8aec b3ac bbcb bbca bba9 bba9 bba9 bbc9 bba9 bba9 bba9 bba9 bba9 bbaa bbca bbca c3ca c3ca c3ca c3ca c3ca c3ca bba9 c3ca bbaa bbca c3ca bbca bbca bbca bbca bbcb bbca bbca bbca bbcb bbcb bbcb bbeb bbca bbcb b3cb b3cb abcb abcc abcb abcb a3ab a3cc a3cc a3cb abcb b3cb b3cb b3ec a3cc 9bac 9bac 93ac 9bad 9bad 93ad 93ad 93ad 9bad 9bcd 9bcd 93ad 93ad 93ce 93ad 93cd 9bcd 9bcd 93ad 93cd 93cd 93ce 93ce 93ae 93ae 93ae 93ae 9bce 9bcd a3cd a3ac abcc b3ec b40c b3eb bc0c b3eb bc4d b3eb bc0c b3eb b40c b3ec abcb b40c bc2c bc2c b3eb b40c b3ec abcc 9b8c 93ad 9bee 93ad 
2b11 2b11 2b11 2b11 2b11 2b11 2b11 2b11 2b11 2b11 2b11 2b11 2b11 2b11 2b11 2b11 2b11 2b11 2b11 2b11 2b11 2b11 2b11 2b11 2b11 2b11 2b11 2b11 2b11 2b11 2b11 2b11 2b11 2b11 2b11 2b11 2b11 2b11 2b11 2b11 2b11 2b11 2b11 2b11 2b11 3311 3311 3311 2b12 2b12 2b12 2b12 2b12 2b12 2b11 2b11 2b11 2b11 2b11 2b11 2b11 2b11 2b11 2b11 2b11 2b12 2b31 2b11 2b11 2b11 2b31 2b11 3331 2b31 2b31 3331 3331 3311 3b52 3b31 4372 4331 4352 4bb3 3b51 4372 3b10 4bb3 3310 4bb3 3b11 4372 3b31 4392 3b51 3b51 4372 3b11 53b3 3acf 5392 4b31 4b51 5371 4b30 5bb2 42ef 5bd2 4b30 5b91 5b71 5330 63b1 5b50 6bd2 5b2f 63b1 5b70 6391 6391 5b4f 6390 6370 63b0 6370 6bb1 6370 6b90 7390 7b8f 838e 9c0f a3ed a3ed 9bed 9bcd a3ed a3ed a3ed a3ed a3ed a3ed 9bed a3ee a3ee a3ee 9bee 9bee 9bee 9bee 9bee 9bee 9bee 9bee 9bce 9bee 93ee 93ce 93ce 9bed a3ed ac0d ac0d abed abed abed a3ed a3ee 9bee 940f 20c3 20c4 0022 0002 0022 0022 0022 1084 2126 1063 0023 0023 0022 0022 0023 10a4 41e9 0002 0022 0022 0022 0042 52aa 630b 6aea 7b0a ac90 2061 0801 1865 3148 416a 49ab 4149 3907 4148 622c 4928 61eb 8acd ab8b cc6d bbea bbea bbea bbea bbea bbea b3eb 9ae9 92c9 92c9 92e9 92e8 cc6d c40b bbc9 c3ca c3ea c3ca bbc9 bbc9 c3c9 bbc9 bbc9 bbc9 bbc9 bbc9 c3ca c3ca bbca bbca bbca bbcb bbcb bbcb bbca bbcb bbca bbcb b3ec b3cc abcc abcd a3cc a3cd a3cd a3cd 9bcd 9bcc a3cc abac b3cb bbec b3cc abab b3ab bbcb bbcb b3aa abcb abab abac abcc a3cc a3cd a3cd abcd a3cc abab b3aa b3aa b3ca b3eb a3cc 9bac 9bcd 9bcd 9bcd 9bce 9bcd a3cd abec abcb b3cb b3ca bbca cc4b d48c d4ac dced cc6b dd0e bbe9 dced bc2a d4cd d4ad cc6d d4ad c46b dd2e dced cc8c e50e b3ca b3cc abcc 9b8b 9bac 
2b11 2b11 2af1 2af1 2af1 2af1 2af1 2af1 2af1 2b11 2b11 2b11 2b11 2b11 2b11 2b11 2af1 2af1 2af1 2b11 2b11 2b11 2af1 2af1 2b11 2b11 2b11 2b11 2b11 2af1 2af1 2b11 2b11 2b11 2b11 2b11 2b11 2b11 2b11 2b11 2b11 2b11 2b11 2b11 2b11 3311 3311 3311 2b11 2b11 2b11 2b11 2b11 2b11 2b11 2b11 2b11 3331 2b11 2b11 2b11 2b11 2b11 2b11 2b11 2b11 2b11 2b11 2b11 2b11 2af0 2b11 2b11 2b11 2b11 2b11 2b11 2b11 3b51 3b31 3b31 3b11 3b31 3b31 3310 3b31 3310 4351 3310 3b51 3b11 3b31 3b51 3b51 3b31 3b31 32f0 4352 4310 5372 4330 4b51 5351 5350 5371 430f 53b1 4b30 5391 5371 5b70 5b91 5b70 5b91 6390 6390 6390 6370 6390 6390 6390 6bb0 636f 6b90 6370 6bb0 6370 6b90 73b0 738f 83cf 93ef 9bce 9bcd 9bcd 9bcd 9bcd 9bcd 9bcd 9bcd 9bcd 9bed 9bcd 9bcd a3ed a3cd a3ee 9bce 9bee 9bce 93cd 93cd 93ce 93ce 93ad 93ad 93ad 9bcd 9bcd a3ed a3ed abed a3ec a3cc a3ec a3cc 9bcc a3ed 9bee 940f 20a3 18c4 0822 0022 0022 0022 0022 18c5 20e6 0843 0023 0023 0023 0023 0002 1084 41e9 10a4 0022 0022 0022 0041 5aaa 630b 6aea 730a acb1 2060 0801 0802 20c6 3948 49aa 4148 2043 72ed 72ab 8b4e 728c 8aed 9b4c b40e 8288 82a8 82a9 8aa9 8289 8288 7a68 5103 61e6 69e6 61c5 69c4 c44c c40a c3c9 bba8 c3c9 c3c9 bbc9 bbc9 bbc9 bba9 bba9 bba9 bba9 bbc9 bbc9 bba9 bba9 bbaa bbaa bbaa bbaa bbaa bbca bbaa bbcb b3ab abcc a3ac 9bac 93ac 93ac 93ac 9bac 9bac 93ad 93ac 9bac a3ac abab b3ab b3aa bba9 d3c8 dbc8 d3a7 d3a8 cbc8 cbc9 cbc8 cba9 cbc9 cbc9 c3ca bba9 bba9 cbc9 e408 e408 dc09 cbc9 bbc9 abca a3cb a3cc a3cc abcc b40c b3ca cc4b d46b d46a d48a d48a d489 e50b e4ea d4a9 f58d cc68 fdce cc49 e52c dcec cc6a d4ac bc2a c44a c429 ed8e cc6a bbc9 b3ca b3eb bc4c a3ab bc6e 
2b31 2b31 2b11 2b11 2b11 2b11 2b11 2b11 2b11 2b11 2b11 2b11 2b11 2b11 2b11 2b11 2b11 2b11 2b11 2b11 2b11 2b11 2b11 2b11 2b11 2b11 2b11 2b11 2b11 2b11 2b11 2b11 2b11 2b11 2b11 2b11 2b11 2b11 2b11 2b11 2b11 2b11 2b11 2b11 2b11 2b11 2b11 2b11 2b11 2b11 2b11 2b11 3b52 3b52 3b31 3b31 3b51 3b51 4351 3b31 4351 3b30 4372 32f0 4372 32f0 4352 3b11 4b92 3af0 4372 3310 4b92 3b31 4372 3b31 3b31 3b31 4351 3b31 4351 3b31 3b31 4352 3b31 4372 3310 4372 32f0 4b72 3310 3b51 3b31 3b51 3b31 3b11 4331 4351 4b51 5372 4b30 5371 5351 5351 5351 5351 5b91 5371 5b91 5371 5b91 5b71 5350 6bd2 5b4f 73d2 636f 73b1 6b90 6b90 6bb1 634f 73d1 6b70 7bf1 632f 73f1 6b90 6b90 73b0 6b4e 83f0 940f 93ef 93ee 9bee 9bee 9bee 9bee 9bee 9bee 9bee 9bee 9bee 9bee 9bcd 9bee 9bee 9bee 9bee 9bee 9bee 9bee 9bee 9bee 9bee a40e a40e a3ed a3ed a3ed a3ed a3cd a3ed 9bed 9bcd 9bcc 9bed 9bee 9c0f 28e3 18c4 18c4 0022 0022 0022 0022 18e5 10a4 0023 0023 0023 0023 0023 0002 1884 4a2a 3167 0022 0022 1904 39c7 5acb 6b0b 6aea 7b2b 7b0b 2860 4964 4965 28c3 3927 4989 4149 30e6 49a8 5a49 e69a 51c8 72cc 6a4a 51a7 1822 28a4 59c9 6209 82ea 7a68 7226 8a87 bbeb c42c bbea bc0a bbe9 bbc8 c3c8 c3c9 c3c9 c3c9 c3c9 c3c9 c3c9 c3c9 c3c9 c3c9 c3c9 c3c9 c3c9 c3ca bbca bbca bbca bbca bbca bbca bbca bbca bbcb b3cc abcc a3cd 9bcd 9bee 93ee 93cd 93cd 9bee 9bcd 9bcd a3cc abac b3aa c3ea c3c9 c387 e3e7 ebe6 ebe6 ebe6 ebe7 ebe7 ebe6 ebe6 ebe6 ebe6 e3e7 dba7 db86 e3c7 e386 e385 e3a5 e3c7 dbc7 d3a8 cbc8 cbc9 cc29 d48a ed4c d489 ed6b f58b f5aa f5a9 f5a9 f5a9 f5c9 f5a9 f5aa f58a f5ab f5ab f5ab f5ac f5cd dcea dceb f5ce dcea f5cd f5ac f58d d4ab dced bc0a ab89 bc0c ab8a 
2b11 2b11 2b11 2b11 2b11 2b11 2b11 2b11 2af1 2b11 2b11 2b11 2af1 2af1 2af1 2af1 2b11 2b11 2b11 2b11 2b11 2b11 2b11 2b11 2b11 2b11 2b11 2b11 2b11 2b11 2b11 2b11 2b11 2b11 2b11 2b11 2b11 2b11 2b11 2b11 3311 3311 2b11 2b11 2b11 2b11 2b11 2b31 2b31 2b31 2b31 3311 3b51 3b31 3b31 3b11 4331 3b31 4351 3b10 4351 3b31 4b92 3b10 4b92 32f0 4351 3af0 4b72 3af0 4b72 3af0 4b92 3b10 4371 3b31 3b31 4351 4371 4351 4372 3b31 3b31 4352 3b10 4b92 3b10 4bb3 3af0 4b72 3b11 4b72 3b31 4351 3b11 4331 4331 4311 5bd3 42f0 5372 4b30 5351 5351 4b30 5bb2 4b10 63d3 5330 5b71 5350 5350 63b2 5b2f 7c12 5aee 73f1 634f 6bb0 6b90 634f 7bf1 630e 7c12 630e 7bf1 634f 73b0 73b0 634e 7bf1 632d 8410 734d 8bef 8bce 93ce 93ce 93cd 93cd 93ce 93ce 93cd 93cd 93cd 93cd 93ce 93ce 93ce 93ae 93ce 93ce 93ce 93ce 93cd 9bed 9bcd 9bed 9bcd a3ed 9bcd 9bcd 9bcd 9bcd 9bcd 9bcd 9bcd 9bcd 93cd 93ee 838e 20a3 18c4 0843 0002 0022 0022 18c5 0884 0022 0022 0022 0023 0023 0823 3168 41c9 20c5 0022 0022 3186 5acb 62ca 6aca 6aa8 a42f 2880 59a5 8a86 92c7 61e6 2862 28a4 49ca 4189 49a9 4167 4126 38c5 5a2a 49c8 1022 2927 28c5 2083 38c2 bc4d bbca bbca bba9 bba8 c3a8 c3a8 c3a8 bba8 c3a8 bba8 bba8 bba8 bba9 bba8 bba8 c3a8 bba8 bba8 bba8 bba8 bba8 bba9 bba9 bba9 bba9 bbc9 bbc9 bbc9 bba9 bba9 bbca b3ab abac a3ac 9bad 93ad 93cd 93ad 93ac 9bac a3ac a3ab abcb b3cb bbca bbc9 c3c9 cba8 d387 dbc7 e3e8 e3c7 db86 db86 e3a6 ebe6 ebe5 ebc5 ebc5 ebc5 f3c5 ebc6 ebc6 e3a5 e385 eba5 ebc5 f3c6 f3c6 f3e7 ec07 ec88 fd6a fd8a f5a9 f5a9 f5e8 f648 f668 f667 f667 fe87 fe67 f606 f5e6 f5c7 f5c8 f5c9 f58a f58b f58c f58c f5ac f5ac f5ac f58c f5ac f5ac ed8c d4aa e52d c429 dcec 
2af1 2b11 2af1 2af1 2b11 2b11 2af1 2af1 2b11 2b11 2b11 2af1 2b11 2af1 2af1 2af1 2af1 2af1 2af1 2af1 2af1 2af1 2b11 2b11 2b11 3311 2b11 32f1 3311 3311 3311 3311 32f0 3310 2af0 3310 2b11 3311 2b11 3311 3311 3311 3311 3311 32f1 32f1 32f1 2af1 3311 32f1 3310 3310 3b30 3b51 3310 4351 32f0 4372 32f0 3b52 3331 3331 3b30 3b30 3b51 32f0 3b31 32d0 3b52 32f0 3310 32f0 3310 3331 3310 3330 2b10 3330 3310 3310 3331 3310 3331 2b10 3331 2b10 3330 3310 3330 3310 3310 32f0 3310 32f0 32f0 4352 3af0 5393 3ad0 5393 3acf 4b51 4b30 4b31 5b92 430f 63f3 42ef 5bd2 4310 4b30 5b91 532f 7413 5aee 7c12 52ed 73d1 636f 636f 73d1 634f 7bf1 5aee 8412 6b2f 7bd1 6b90 6b6f 7bf2 5b0e 7c12 5b0e 7c11 630d 8bef 93ef 9bee 9bce 9bce 9bce 93ce 9bce 9bce 9bce 9bce 9bcf 9bce 9bee 9bee 93ce 93ee 9bee 9bee 93cd 9bce 9bed 9bed 9bee 9bee 9bee 9bee a3ce 9bce 9bee 9bce 9bee 9bee 9bee 9bee 93ef 6acb 1883 18c4 0022 0022 0022 0843 1084 0823 0022 0022 0023 0002 1043 41ca 3147 0802 0022 0001 3186 5aca 62a9 6aa9 93cd 61e6 2880 59a4 8aa5 92c6 7246 2881 0801 1864 4169 4989 498a 51ca 5189 4147 3947 0822 1062 1841 4943 b3eb cc2a c3c8 c3a8 c3a8 c3a8 c3a9 c3c9 bba8 c3a8 c3a8 cb88 c388 c3a8 c3a8 c3a8 c3a8 c3a8 c3a8 c3a8 c3a9 c3c9 c3c9 c3c8 c3a9 c3c9 c3ca c3c9 c3c9 c3ca bbca bbaa b3cb b3cc abed a3cd 9bcd 93cd 93ad 9bcc a3ac abcc b3cc bbcb bbca c3c9 c3c9 c3c8 c3c9 c3a9 c3a9 c3a9 c389 c3a9 bb89 c3a8 c3a8 cbc8 d3a8 dba6 ebc6 f3c5 f3c5 f3c5 ebc5 ebc5 ebc6 eba5 eba5 eba5 e385 d385 d386 d386 dc06 fd2a fd69 fda9 f5e8 fea8 ff07 ff46 ff46 ff26 fec6 f644 f625 f625 fe06 fe07 fda8 fdaa fd8b f58c e4ea dcea dcea dcea fdcd f5ac f58b f58b f58b f58b f58b 
2b11 2b11 2b11 2b31 2b11 2b11 2b11 2b11 2b11 2b11 2b11 3311 3312 2b11 3312 2b11 2b10 2b11 2b31 2b11 2b11 2b11 2b11 3311 32f0 4b93 4372 3af1 53b3 3b11 53b4 4311 4bb2 330f 53d3 3b10 53d3 3af0 5bd4 3af0 53b3 4311 4b92 4351 4b72 4b52 4b72 4b72 3b10 4bb2 3b30 5c13 4351 5372 5371 4b71 5bd2 3aef 6413 4b30 5392 4b72 4310 5392 3aef 5bd2 3aee 6413 430f 5bd2 4b50 5391 5371 4b10 5bd3 42ef 63f3 4310 5392 4b72 4b51 4b92 4330 53d3 3af0 5bf4 32cf 5bf4 32cf 53b3 3af0 4b72 4351 4351 4351 3b10 4b92 32ce 4bb2 32cf 3b51 32f0 4352 4351 3aef 5392 32af 5bd3 32ce 4b91 4350 4b30 5bb0 4b2e 7c53 4aac 7c32 52ee 73d1 6b70 5b2e 73f1 52ed 7c12 5acd 7bd1 634f 6b70 6bd0 530d 73f1 530e 7c12 52ed 8411 6b2d 940f 9bee 9bee 9bee 9bee 9bee 9bee 9bee 93ee 93ee 93ee 9bee 9bee 9bce 9bee 93ce 93ce 93ce 9bee 9bce 9bce 9bce 9bce 9bee 93cd 93cd 93ed 9bee 93ce 9bce 9bce 9bce 93cd 93ce 93ce 93ae 28a4 28e5 0823 0023 0022 0022 1905 10a4 0023 0002 0023 0843 3128 41aa 2907 0003 0022 0022 3186 62ca 5a88 6287 ac8e 4121 4902 7246 8aa7 7205 4143 28e3 0821 0822 1864 3107 30e7 3948 522a 3986 2924 4a08 20e3 30c2 9ae8 dc2a dbe8 dbc7 d3c7 cba8 cba8 c388 c3a8 cbc8 d3e7 d3c6 dc07 dc07 d3a6 d3a6 cbc7 cbc8 cbc8 e48b c3c8 c3c9 c3c9 cbc9 cba8 cba8 cba7 c3a7 c3c7 c3c8 c3ea bbcb bbcb b3cc abac a3ac 9bac 9bac a3ac abcc b3cb bbca bbc9 bbc9 bbc8 c3c8 c3c9 c3c9 c3ca bbca b3aa abcb a3cc a3cc a3cc a3ac abac abcc abab b3aa bbc9 cba8 e3e8 e3a6 ebe7 e3c7 d385 d366 d385 e3c7 ebc6 e3a6 dba6 d387 c386 c386 cbe6 dc67 f528 fd88 fe07 fe66 fec6 ff06 ff07 fe86 edc5 f5e6 fde6 fde6 f5e6 f5e6 f5e8 f5a9 f58b f54c ed2b e4ea e50b dcc9 fdac fdab f5ab fd8a fdaa fdaa 
2af1 2af1 2af1 2af1 2af1 2af1 2af1 2af1 2af1 2af1 2af0 2af1 2af1 2af1 2af1 2af1 2b11 2af1 2af1 2af1 2af0 2af0 2af0 32f0 32f0 3b10 32f0 32f0 3b10 3b10 3af0 32f0 3af0 3af0 3b11 3af0 3b10 3af0 3b10 3b11 3b10 3b10 3b10 3b10 3b10 3b31 3b10 3af0 3b30 3b10 4350 3aef 4b51 4b30 4310 5371 430f 63d2 4aef 5bb2 5330 5351 5371 4b30 63d2 4aef 6c13 4aef 6bf2 532f 6391 5b70 5b70 6bf2 4aee 7433 4aee 6bf2 4b2f 5bb1 5b91 4b30 63d2 42ef 63f3 42ef 5bd2 42ef 4b71 3aef 4b72 4b31 4b31 4b52 4310 5392 3acf 53b3 32cf 4372 32f0 4b93 3b11 4331 4b72 3b10 5bd3 3acf 53b2 4330 4b71 5370 4b2f 63d1 530e 7c33 4acd 7c13 5b2f 6b70 73d1 5b0e 7c32 52ed 7c32 5b2e 73d1 6bb0 636f 73d1 5b2e 7bf2 52ed 8452 5aec 8c10 93ef 93ce 93cd 93cd 93cd 93cd 93cd 93ce 93cd 93cd 93ce 93ce 93cd 93cd 93cd 93cd 93cd 93cd 93ce 93cd 9bce 93ce 93ce 93ce 93ce 93ce 93cd 93cd 93cd 93cd 93ce 93ad 93cd 93cd 93cd 93ae 7b4d 28c4 18a4 0023 0022 0023 18e5 2127 0843 0022 0822 2927 3989 3969 0844 0023 0022 0021 3166 5aaa 5aa9 6288 a46f 38e2 3902 59c6 51a5 30e2 3944 2904 0841 0842 0821 49e8 5229 20a4 20c4 20c4 2924 5a69 5a68 6a67 9aa4 dc08 ec06 f405 ebe6 dba6 c367 c3a8 c3a8 cba8 cba7 d3a6 dba5 ebe6 f406 e3e6 d3a6 cba7 cbc8 cc09 c3c8 c3c8 c3a8 cba8 d3c7 e407 e407 e407 dbe8 cb87 c3a9 bbaa abaa abcb a3ab 9b8c 9b8b a3ac abab b3aa bbaa c3a9 c3a8 c3a8 c3a8 c3a8 c3a9 bba9 b3aa abab a3ab 9bac 9bac 93ad 93ac 9bac 9bac 9bac a3ab a3ab abab b3a9 c3a9 c388 c388 c368 c388 bb68 c388 c367 d386 ec28 ec08 e3e8 cb67 cba8 cbc8 cba7 dc48 dc87 e4c6 ed67 f607 f647 f647 edc6 eda6 f5a7 f5c8 f5a7 f5c7 fde7 fe08 f5a8 f5aa f58a f5aa f5aa f5aa f58a f5aa f58a f5aa f5aa f5aa f5aa 
2af1 2af1 2b11 2b12 2b11 2b11 2b12 2b11 2b11 2b11 2b11 2b11 2af1 2b11 2b31 2b11 3311 3b31 4b93 4352 4351 53b3 3b11 53b3 4351 4b72 5392 53b3 4331 4b72 4351 53b3 4351 53b3 4351 4331 53b3 3b10 53d3 32ef 4bb2 3b10 4371 3b30 4351 4b71 3b0f 5392 4b30 5371 5350 5350 5b70 5350 5b71 5330 5b91 5330 5b91 5350 5b91 5b70 5350 5b91 5330 6392 52ef 6bb2 530f 6391 5b50 6370 6391 5b2f 73f2 5b0e 7412 530f 6391 5b50 5b71 5b91 4b30 5bb2 4b10 5bb2 430f 5b92 4b30 4b71 4b51 5371 4b51 4b31 5372 42f0 5393 3ad0 4b92 3af0 4b72 32f0 3b31 3b31 3af0 53d3 3aef 5bd3 430f 5391 4b50 5370 5b91 530f 6bd1 52ee 6bd1 5b0e 6b91 6b90 634f 73f2 5b0e 7bf2 5b0e 7bd1 6b6f 7390 73b0 6b4f 73d0 634f 7bf2 630e 8411 7b8e 940f 9bee 9bee 9bee 9bee 9bee 9bee 9bee 9bee 9bce 9bee 9bce 9bee 9bee 9bee 9bee 93ce 93ce 9bee 93ee 93ee 93ee 93ee 93ee 93ee 93ee 93ee 93ee 93ee 9bee 9bee 9bee 9bee 9bed 9bed 9bce 93ce 6acb 1883 1084 1064 0803 18c5 2927 2907 2907 28e7 3949 49eb 2907 0003 0022 0022 0022 3186 62ca 62ca 62ca 3165 1041 2904 3146 1862 20a4 2905 20c4 0842 0842 1021 62aa 6aca 1040 0821 0821 39a6 5a68 5a68 6a26 ab47 dc29 e3e6 ebe6 ebe6 ec28 cb87 c3a8 bba8 bba9 bba8 cba7 dc07 e406 ec25 ec04 dbe5 d3a6 cba6 cba7 c3a7 cba7 cb86 dba6 ec06 f405 f404 f3e5 ebe6 e3e8 cbe9 bbcb abcb abcb abab abab abab b3aa bba9 bba9 bba8 c3a8 c3a8 c3c8 c3c9 c3c9 bbca b3cb abab a3cc 9bcd 9bcd 93cd 9bcd 9bed 9bcd a3cd a3cc a3cc a3cc abcb b3cb b3ca b3ca bbca bbc9 bbc9 bbc9 b3a9 bba9 bba8 c388 cb87 dbc7 cb87 cb87 cb87 cb87 cba6 d3a6 d3e6 d406 e4c8 fd8a fdaa f5a9 fdaa f5aa fdca f5a9 f5a8 fdc8 f5e8 f5e9 fdc9 f5c9 f5e8 f5e7 f607 f5e7 edc7 f5e7 ede7 ede7 f5e7 f5e6 
3310 3311 32f0 32f0 3311 32f0 3311 3311 3311 3311 3331 3310 3310 3310 3310 32f0 3310 3310 32f0 3af0 3af0 3b11 32f0 3b11 3af0 3b11 3af0 3af0 3b10 32cf 4331 32cf 4310 3acf 3af0 4310 42f0 4330 42f0 4b71 4330 4b51 4b51 5351 5371 5351 5370 5370 5350 5b91 5350 5b71 5b50 5b70 5b50 5b70 5b71 5b71 5b70 5b70 6371 5b70 6371 5b50 6391 5b50 6371 5b50 6391 5b50 6370 6370 6370 6bb1 5b2f 73d1 5b2f 6bb1 6370 6390 5b91 5350 5bb1 5350 5b91 4b50 5b91 5330 5371 4b51 4b51 5372 4311 4b52 4310 4b72 3b10 4b72 4331 4b52 3b31 4331 3b10 3af0 4b71 3b10 4b91 4b30 5371 4b30 5351 5351 5350 6391 532f 6bb1 5b2f 6bb1 6b90 6b70 6bb1 6370 73d1 634f 73b0 6b6f 6b8f 73b0 7390 73b0 6b6f 73d1 634e 7bd0 630d 8bf0 8bcf 93ce 93ce 93ce 93cd 93cd 93cd 93cd 93ce 93ce 93ad 93ad 93ad 93ad 93ad 93ad 93ad 93ad 93ad 93ad 93cd 93ce 93ce 93ad 93ae 93ae 93cd 93cd 93ce 93ce 93cd 93cd 9bcd 9bad 9bac 9bac 93ad 8bae 6aab 20a4 20c5 0823 18a5 2927 2927 28e6 3107 49ab 49eb 3149 0002 0023 0022 0021 31a6 734b 7b8b 5a88 1061 0821 1042 20e4 41a8 41a8 1884 20a4 1884 1063 1862 6aeb 62ca 1041 0821 1082 5a89 5a48 6a67 8286 b368 cbe9 cbc7 d3a7 d3c7 d3c8 c3a8 c3a8 c3a7 cba8 c3a8 c3a8 cba7 d3a6 e405 f465 f465 ec04 ec05 ec06 ebe6 ebe6 ebe5 ebe5 f3e4 f3c4 f3c4 ebc4 e3e6 dbc7 c3a8 b389 b38a b3aa bbaa bb8a bb89 bb89 bba8 bb88 bba8 c388 c388 c388 c3a8 bba9 bba9 b3aa a3aa 9bab 9bac 938c 938c 93ad 93ac 9bac 9bac 9b8c a38b ab8b ab8a b3aa b38a b3aa b3a9 b3a9 b3a9 bb89 bba9 bba9 bb89 bb88 c387 cba7 e407 e3e7 e3e6 ebe6 ebe6 ebe6 e406 e405 d424 d445 ed49 f58a f5aa f5aa f5a9 f5a9 f5a9 f5a9 f5c8 f5e7 ede6 f627 fee8 ff07 ff07 ff07 ff06 ff26 ff26 ff26 ff06 ff06 
4352 4372 4b73 3b11 53d4 3b10 53b3 4311 53b3 4331 53b3 4331 5393 4b51 5393 53b3 3b10 5392 53b2 4b51 5372 3ad0 53b3 32cf 4b72 4331 4b52 4b51 4b51 5372 4b51 4b51 5371 4b30 5351 5b71 5351 5b91 5330 6392 5330 5b71 5330 5b71 5b50 5350 6391 532f 6391 5b30 63b1 5b50 5b70 6371 5b70 6391 5b2f 6391 5b30 6370 6350 6370 6370 6370 6370 6370 6391 6370 6370 6370 6391 6391 6b91 6370 6b90 6370 6bb0 6b90 6b90 6b90 6390 6390 6370 6370 5b70 5b70 5b91 5350 5371 4b51 4b51 4351 4351 4331 4351 4311 4331 4310 4351 4331 4331 4331 4310 4b51 4330 4b51 4b71 4b71 4b30 5351 5350 5351 5b71 5b70 6371 6350 6390 6b70 6b90 6b90 6b90 6b90 6b6f 7390 6b90 6b6f 738f 738f 736f 7b90 6b6e 7bb0 736e 83af 8bcf 93ef 93ce 9bce 9bee 9bee 9bee 9bee 9bce 9bce 9bee 9bee 9bee 93ce 9bce 9bce 9bee 9bee 9bee 9bee 9bee 9bee 93ce 9bee 9bee 9bce 9bee 93ee 93ed 93cd 9bce 9bcd a3cd a3ad abcc b3cc b3cc abcc a3cc a3ed 93ad 5a49 0822 10a4 20c6 28e6 28e6 3107 49ca 51ec 520c 418a 0003 0023 0022 0022 20c3 732c 8bce 1861 1042 39a8 2926 3988 41a8 4187 41a8 3146 1043 28e5 5aaa 7b6d 18a2 0821 1041 5229 5a69 7ac9 ab8a d46c cbe9 cba9 c3a8 c3a9 c3a8 c3a8 cba8 d3c8 dc08 e3e7 d3c6 d3a6 cb86 d3a5 dbe4 f4a5 f4c4 ec42 ec02 f403 fbe4 fbe4 fbe4 f3c4 fbe4 f3c4 ebc5 ebc6 dba6 d3a7 cba8 c3a9 bba9 c3c9 c3a9 c3a9 c3a9 c389 bb88 bb88 c3a8 c3a8 c3a8 c3a8 c3a8 c3a8 c3a9 bbca b3cb abcc a3ac a3ac a3ac 9bcc 9bcd a3ad a3ac a38b ab8a c3eb cbea cba8 c3a9 bba9 bba9 bba9 c388 c3a8 c388 cba8 cbc9 c3a8 c3c9 c3a8 cba7 dbc6 ebe6 f3c5 f3c4 f3e4 ebe4 f486 fd69 fdaa f589 f589 fdca fdc9 fde9 f5e8 f608 f648 fec8 fee7 ff06 ff26 ff45 ff45 ff65 ff65 ff65 ff66 ff46 ff46 ff46 ff26 
32f0 32f0 32d0 32f0 32f0 32f0 32f0 32f0 32f0 3b10 3b0f 3b10 4310 42ef 4310 42f0 4b31 4b10 4b10 4b10 5b70 5330 4b10 4b10 4b10 5330 5330 5330 5b50 5b50 530f 63b2 530f 6391 5b30 5b50 6391 5b2f 6bd2 530f 6bd2 5330 63b1 5b50 5b50 6391 532f 6bb1 530f 6bb2 5b2f 6bb1 6370 6350 6b91 5b0e 73d2 5b0f 6bb0 634f 6b70 6370 6350 6b70 634f 6bb1 5b2f 6bb1 5b2f 6bb1 6370 6b70 6b90 6350 6b90 634f 7390 6b90 7390 6b6f 6b90 73b0 7390 7bb0 7370 7bd1 6b70 6b91 5330 5351 4b50 4b50 4330 4330 4330 4330 4331 4330 4b51 4310 4b71 4310 4330 4b30 4b10 5b71 5330 5351 5351 5351 4b50 5350 5b70 5b70 6390 5b4f 6b90 634f 7390 6b70 6b6f 7390 6b4f 73d1 634e 7bb0 7b6e 83af 83af 7b4d 8bf0 7b4d 9c10 93ce 9bce 93ce 93cd 9bee 93ce 93ce 93ce 9bce 9bee 9bee 93ce 9bce 9bce 9bce 9bce 9bce 9bce 93cd 93ce 93ce 93ce 9bce 93ce 93ce 9bce 93ee 93ce 93ce 93ee 9bcd a3cd abad abac b3ac bbab bbcc bbcb bbcc b3cc abcc 9bac 6a69 0821 1063 20c5 28e6 28e6 418a 5a0c 5a0c 5a0c 4189 0802 0023 0023 0023 0822 1062 1042 20a4 41e8 4a09 28e5 4187 30c4 5209 49c8 2905 1863 20e5 5a8a 2925 0862 0841 18a3 5a8a 5a68 72a7 ab88 d42a cbc8 cba7 c3a8 c3a8 c3a8 c3a8 c387 cba7 dba5 ebc6 ebe5 ebc5 e3a5 e3c3 e403 fce4 fd65 fd24 f463 ebe3 f3e4 fbc4 fbc4 f3c4 f3e5 ebc5 dba6 d387 d3a7 cb87 c388 c388 c3a8 c388 c388 c388 c388 c388 bb88 c3a8 c3a8 c388 c388 c388 c3a8 c388 c3a8 bba9 bbaa b3aa ab8a ab8b abab abab abab abab abab b3ab b3a9 cbc9 dbe8 e3e8 dbc8 d387 d387 d387 d387 db86 db86 e3c7 e408 d3a7 cba7 c3a8 c388 c387 d386 e3c6 ec06 ec25 eca5 f546 fda8 fdc8 f5e8 f5e8 f608 f607 f627 f646 f6a6 ff06 ff26 ff26 ff26 fee6 fee6 fec6 fec5 fec5 fee5 fee5 fee5 fee6 fec6 f685 
4b71 4b51 4330 4b72 3b10 53b3 3aef 5bd3 4310 5391 4b50 5350 63b1 530f 6bd2 532f 63b2 5330 6391 5b50 6370 73f1 5b2f 6bd2 530e 6bb1 6350 6350 6bb1 5b0f 73f2 5b0f 73d2 6350 6bb1 6b91 5b4f 6bd1 5b0f 73f3 52ee 73d2 6330 6b91 6b90 5b2f 73d1 5b0e 73f2 5b0e 73b1 6350 6370 6bb1 5b2f 73d1 52ee 73f2 632f 7390 6b4f 6b6f 6b90 632f 73b1 5aee 73f2 5b0e 73f2 634f 6bb1 6b90 636f 73b1 632f 73f1 632f 73b1 6b70 7390 7390 736f 83d0 7b6e 83d0 732e 83d1 6b4f 6bb1 5b4f 5b70 5b91 5350 5b92 430f 5bb2 430f 5bd2 430f 5bb2 430f 5391 5351 4b10 5bb2 4b0f 63d2 5310 6391 5330 5b91 5b70 5b50 6bb1 5b2f 73d1 5b2e 73b1 636f 6b6f 73b0 632e 7bf1 630e 7bd1 6b2d 8bcf 9bef 9bce 9bce 9bce 9bce 9bad 93ad 93cd 93cd 93ce 93ce 93ce 93ce 93ce 93ce 93ce 93ad 93ce 93ce 9bcd 9bad 9bcd 9bad 9bad 9bad a3cd 9bcd 9bad 9bcd 9bce 9bce 93cd 9bce 93ee 9bee 9bcd a3cc ab8b b36b b36a bb4a bb49 bb49 bb4a bb6a bb6a b38b ab8c 7248 20a3 20e5 0822 20a5 3107 51ec 620d 620c 5a0b 51c9 2925 0822 0022 0043 0022 0022 0883 39e8 4a29 5229 3925 5a08 6229 5a29 28e4 0801 20a4 2906 20e5 1043 0822 0842 2105 5a6a 5a69 6a67 9b48 cc2a c3c8 cba8 c3a8 c3a8 c3a8 c3a8 c3a7 cba7 d3a6 e3c5 f3c5 f3c4 f3c3 f3e2 f4a2 fd43 fd83 fd63 fd24 f422 fbe3 fbe4 fbe4 f3e4 ebc5 db85 d386 cb87 c387 c3a8 c3a8 c388 c388 c388 bb88 bb88 bb88 c388 bb88 c368 bb88 c388 c388 c388 c3a8 c3a8 c388 c388 c388 c3a9 bb89 bb8a bb8a bb8a bbaa bbaa bbaa bbaa bba9 c388 cba7 d366 e3a6 ebc6 ebc5 f3c5 f3c5 f3c4 f3c4 f3c4 f3c4 ebe6 dbe7 d3a7 cbc7 cbc8 cba7 cba6 d3a5 dc05 fd87 fda7 f5e6 f5e6 f607 f606 f646 fec7 ff07 ff06 ff06 f6a5 f645 fe45 fe06 ed23 e4a2 eca2 eca3 eca3 eca2 eca3 ecc2 ece3 ed24 f544 
5330 5330 63b2 4aef 63d2 4aee 6bd2 4aee 6bd2 5b30 6370 6bb1 52ee 7c13 52ce 73d2 530e 6bb1 6350 6370 73b1 5b0e 7c12 52ee 7c12 5b0e 6bb1 6b90 5b2f 7bf2 52cd 7c12 630e 7bf2 634f 6b70 73b1 5b0e 73f2 52cd 7c12 5b0e 73b1 634f 6b70 73b1 5b0e 7c12 5aee 7bf2 630e 7391 6b70 632f 73d1 52ee 7c12 52cd 73d0 7baf 83d0 7b6e 734e 7390 62ee 7bd2 52ad 7c32 5aed 73d1 634f 6b70 73b1 632f 73f1 52ed 7bf1 5b2e 73b0 6b6f 6b70 73b1 6b2e 83f1 632e 8412 632e 73d0 634f 6b90 6390 5b50 63b1 530f 63d2 42ce 7413 4ace 6bf3 4acf 5b91 4b10 5350 5b91 4b0f 6bf2 4ace 7413 4aee 63b1 5b4f 6370 6bb1 5b0f 7bf2 5aee 7bf2 632e 73b0 7390 634e 8411 630d 8c32 630c 8bef 9c0e a3ed 9bce 9bce 93ce 93ee 93ee 9bee 93ee 93ce 9bee 9bee 9bce 9bee 9bee 9bee 9bee 9bce 9bce a3ce a3ce abad abad abad ab8c ab8c b3cd ab8c ab6c abad abad abad abac a3ad abad abad abad ab8c b36b b34a bb2a bb09 bb2a bb2a bb2a bb2a bb2a b32a ab4a 7227 28c3 3146 20c5 1043 3128 51cb 5a0c 59eb 6a09 8b4d 8b6d 1000 0821 0022 0022 10a4 3167 4209 39a7 5a8a 628a 5a69 49c7 20c3 1882 18a3 20c4 2926 1063 0022 0023 0023 0842 3966 4186 7268 a348 cc2a c3a8 c3a8 c3c9 c3c9 c3c8 bba8 c3c8 cbc8 cba7 dbc6 ebe6 f3e5 f3c3 f402 fd03 fd83 fd83 fd83 fd64 f483 f403 f3e3 f3e3 f3e4 ebc4 ebc5 e3a6 dba6 dba6 d3a6 d3a7 d387 cba7 cba8 c3a8 c388 bb88 c3a8 c3a8 c3a8 bba8 c3a8 c3a9 c3a8 c388 c388 c388 c3a8 c3a8 c3a8 c3a9 c3a9 bba9 bba9 bba9 bba9 bba9 c3a9 c3a9 c388 d3a8 dba6 ebc6 f3c5 ebc4 f3c4 f3c4 f3c4 f3c4 ebc3 f3e3 f424 e424 dc04 dc26 d426 d426 d426 d425 dc64 fda7 fdc6 fde6 fde6 f5c5 f5c5 f5e5 fe25 fe25 fe25 fe06 ece3 e463 ec43 ec43 ec23 f424 f404 ec04 ec04 ec05 f425 ec44 f485 fd27 f506 
6390 63b0 532e 7412 52ee 7c12 52ee 7bf2 5b0f 6b91 6bb0 632f 7c12 5aee 7c13 5b0e 73f1 5b2e 6bb0 6bb0 632f 73d1 5aee 7c12 52cd 73b1 634f 6b50 7bd2 5ace 7c12 5aee 73f1 5b0d 6bb0 6bb0 5b2e 73d1 5aee 7c12 52ad 73d1 5b0e 6b90 6b70 632f 7bf2 52cd 7c11 52ed 73f0 634f 634f 73b1 5b0e 73f2 52ad 7bf1 5aed 7bd0 83d0 8bd0 8bf0 83af 7bcf 632c 8410 5aec 7bf1 632e 6b90 73b1 632f 7bd1 5b0e 7c12 5aed 7bf1 6b2f 7390 6b8f 632e 7bf1 5aed 8411 5aed 7c11 634e 6b70 6b4f 634f 73d1 5b0e 73f2 52ee 7c13 42ad 7412 530e 6bf2 532f 5b71 63b1 5b30 6bb1 4ace 7412 52ce 6bf2 530f 6391 6391 5b2e 7411 52ed 7c32 5b0e 73b0 6b6f 6b6f 73d1 62ed 8412 62ed 8bf0 93ef a3ee a3cd 93ac 93cd 93cd 9bee 9bce 9bce 93cd 93ce 93ad 93ad 9bcd 9bad 9bac 9bac a3ad a3ad a36b a34a ab4b ab4b ab2b b34c b34b b32b b30a b32b ab0a b32a b32a b32a b32b b32a a329 ab2a ab4a b32a b32a b30a b30a b32a b2ea b2e9 bb09 bae9 bae8 bb49 c3ec 8288 3944 4228 4a49 18a3 1884 3969 49cb 59eb 6a08 abef 93ad 1020 0801 0023 0842 2105 4a6a 2144 39c6 41c6 3986 3966 1021 18a2 3986 3987 1884 20e5 1063 0802 0822 0822 0821 20a1 51c4 82e7 d4cd bb88 c3c8 c3a8 c3a8 c388 c3a8 c3a8 c3a8 c388 cb88 cb87 d386 dbc5 e403 ec22 fd03 fd83 fd83 fd83 fd43 ec82 f422 f3e2 f3c3 f3c3 f3c3 f3e4 ebe3 ebe4 ec04 ebe5 ebe6 e3c7 dbe7 d3c8 c367 bb67 bb68 bb88 bb88 c388 c388 c388 bb87 bba7 bb87 bba8 c3a8 c3a8 c3a8 bb88 bb88 bb88 c388 bb89 bb88 bb88 c388 c388 bb87 c3a7 d3c6 e3e5 ec03 f464 f423 ec03 ebe3 ebc3 ec03 ec23 f4c3 fd65 fd85 fda5 f584 f584 f585 fd86 fd65 fd66 fd24 fd25 fd25 fd05 f4a4 ec02 ec03 ec02 ec22 ec22 ec22 ec02 ec03 f404 f3e4 f3e5 f3e6 e3c6 db85 d386 d385 dbc6 e3e6 ec27 e3e6 dbc6 
6b70 634f 73d1 5aee 7c12 5aee 7bf2 630e 73d1 6b70 6b6f 7bb1 5b0e 7c12 5b0e 7bf1 632e 73b1 6b90 6b4f 7390 630e 7bf2 5aee 73f1 632f 6b90 6b90 632f 7bf2 5aee 7bf2 5b0e 73d1 6b4f 6b4f 73d1 5b0e 7c12 5acd 7bf2 5b0e 73b1 634f 6b70 73b1 5b0e 7bf2 52cd 7c12 5b2e 6bb0 6b90 630e 73f2 52ce 7c12 52ed 73b0 632e 7bb0 7b8f 736e 83f0 83cf 8bef 83ae 83af 734e 7bd0 738f 6b4f 73d0 630e 8412 5acc 8412 630e 73d1 6b6f 6b4f 7bd1 62ed 8411 5aed 8411 5aed 73d0 6b6f 6b90 6bb0 634f 73d1 5b0e 73f1 52cd 7c32 52ce 73d1 5b2f 6b90 6370 636f 6bb1 5b0e 73f2 52cd 7c12 4acd 6bd1 5b2f 636f 73d1 5b0d 8432 5aed 7bf1 634e 7390 73b0 630e 83f1 5acd 8411 6aeb 9c0f a40e a3cd 9bee 93ee 93ce 93ce 93ce 93cd 93cd 9bcd 9bcd a3cd abcd abac ab6b ab6b ab6b b34b b34a bb2a bb2a bb0a bb0a bb0a bb0a bb2a bb0a bb0a bb0a bb0a bb09 bb09 bb0a bb09 bb09 bb09 bb2a bb2a bb0a bb0a bb09 bb0a bb0a bb09 bb09 c349 cba9 cc0b bc0c 7267 3944 4a28 4a28 526a 39c8 20a5 418a 51cb 6a29 8b4d 49a6 0800 0022 0022 0822 1063 28e4 2062 6207 6a48 51e7 0820 0841 2946 3186 20a4 28e5 2906 3168 1064 0822 1041 6227 8ac8 bc2b c3e9 c3a8 c3c8 c3c8 c3c8 cbc8 cbc8 c3a8 cba8 c3c8 c3c8 c3c9 c3a8 cba7 cbc5 dc03 f504 fd84 fda3 fda3 fd83 fd83 fd63 fd23 fca3 f422 f403 f3e3 f3c3 f3e4 f3e5 ebe6 e3c6 dba7 d387 cba7 c387 c3a8 c3a8 c3a8 c3a8 bba8 c3a8 c3a8 c388 c3a8 c388 c3a8 c3a8 c3a8 c3a8 c3a8 c3a8 c3a8 c3a8 c3a8 c3a8 c3a8 c388 c3a8 cba8 cba7 dbc6 ec25 ec43 f503 fda4 fd84 ece2 ece3 ed23 ed43 f5a3 fe65 fe65 fe44 fe24 fdc4 fd83 fd65 fd45 eca3 f483 ec22 ec02 ec22 ec03 ec03 ebc3 f3c3 f3c3 ebc3 ebc4 ebc4 ebc4 ebc4 ebc4 ebe4 ec04 ec05 ebe5 e406 dbc6 d3a6 d3a7 d3a6 dbc7 d3c7 d3c7 
6b70 6bb0 5b2e 73f1 52ee 73d1 5b0e 6bb1 634f 6b90 73b0 6b4f 73b0 632e 73d1 632e 6b90 632f 6b70 6b70 632f 73b1 5b0e 73d1 5b0e 6bb0 6370 6b70 7390 5b0e 7bf2 5b0e 73b1 632f 7391 6b70 634f 73b1 5aee 7bf2 52ed 73b1 5b2f 6b70 6b70 5b0e 73d1 5aee 73d1 5b0e 73b0 6b70 634f 6b90 5b0e 73d1 52ee 73d1 5b0e 6b90 634f 6b4f 7390 630d 83f1 732d 8c10 83af 83cf 736e 738f 6b6f 6b4f 7bd1 5acd 8412 52cd 7bd1 632e 6b90 6b90 632e 7bf1 5acd 7bf1 62ed 73b0 634f 6b90 6b70 632f 73b1 5b0e 73b1 530e 73d1 52cd 73f1 630e 7390 634f 6b4f 6b8f 634f 73d1 52ed 7c12 4aac 73f2 5b0e 6bb0 636f 5b2e 7bf1 5acd 7c12 632e 73b0 6b8f 6b4e 7bd0 630d 7c11 630d 83ce 93ee 9bee 9bcd 93cd 93ce 93ee 93ee 9bee 9bed 9bcd 9bcc abac b3ac c3cc bb4b b32a bb0a bb0a bb0a bb0a bb0a bb0a bb0a bb09 bb09 bb09 bb09 bb0a bb0a bb0a bb0a bb0a bb09 bb0a bb0a bb0a bb0a b309 b309 bb0a bb09 bb09 bb09 bb08 bb28 cb89 cba9 cc0a bbca 69e5 38e3 3124 4208 4a28 4a28 526a 39a7 28e5 49a8 6229 72cb 1001 0822 0842 1883 41a6 6a68 7267 82a7 b3ea b40b 9bac 1820 1082 2967 0822 20c4 2906 28e6 41ca 1884 0842 20a1 d50f cc4b c3a8 c3a8 c3a8 c3a8 c3a8 c3a8 c3c8 cba8 cba7 cba7 cba7 cba7 c3a7 cba7 cb85 dc05 f4c5 fd45 fd84 fd83 fd83 fd82 fd82 fd82 fd83 fd63 fd23 fd04 fcc5 f445 ebe5 e3a6 dba7 cb66 c387 c387 c3a8 c3a8 c3a8 c3a8 bb88 bb88 bb88 bb88 c388 bb88 c388 c388 c388 c388 c388 c388 c388 c388 c3a8 c388 c388 c388 c388 c388 cba8 cba6 dbc6 e425 ec83 f503 fe04 fe24 fe24 fe64 fea5 ff05 ff25 fee5 fe64 f5a2 f583 fd63 fd43 f4c3 ec22 ec02 ebe3 f3e3 f3c3 f3e3 fc23 fc44 f443 f444 f424 f424 ec04 ebe4 e3c4 ebe4 e3e4 ec24 f484 f4a4 fcc4 f4a4 f4a5 e445 e425 e446 dc45 e446 e447 d3e6 
6b6f 6b4f 7390 632e 73d1 630e 7390 632e 6b90 6b6f 634e 7390 6b4f 7390 634f 6bb0 634f 6bb0 6b4f 6b6f 6b90 632f 73b1 5b2e 6bb0 634f 6b90 6b90 634f 6b90 5b0e 6bb1 632f 6b90 634f 6370 6b90 634f 6bb0 5b0e 73b1 5b2e 6370 634f 634f 6b90 5b0f 6bb1 5b0e 6b91 632f 6b4f 6b70 634f 6b90 634f 6bb1 5b2e 6bb0 634f 6b90 6b90 634f 6b90 6b4f 73b0 6b2e 83f1 736f 738f 6b4f 6b70 6b90 632f 73d1 5b0e 73d1 632f 6b90 6b90 6b6f 73b0 630e 7bd1 630e 7bb1 6b6f 6b90 6b6f 6b90 6b90 634f 73b1 632f 73b1 632f 73b0 632e 736e 7b8f 7b8e 7b8f 7bcf 738f 632e 73f1 5aed 7bf1 5b2e 6bb0 634f 6390 6bb1 5b0e 7bf1 632e 73b0 6b6f 6b8f 73d0 6b6f 7bd0 6b6e 83f0 732d 93ef 9bee 9bac 9bad 9bcd a3cd a3cd a3ad a38c a38c ab4b b34b b34b bb4a b309 bb0a bb0a bb09 bb09 bb09 bb09 b309 bb09 b309 b309 bb09 bb09 bb09 bae9 bb09 bb09 bb09 bb09 bb09 bb09 b309 bb09 bae9 bae9 bb09 bb08 c369 cb89 cba9 cba8 d3e9 cbe9 cc0a abaa 2040 0821 0822 2105 4a49 4a49 5269 5a8a 5208 5a4a 6aac 1002 0801 1063 3105 4144 9b28 bbc9 c3e9 c3c9 cbe8 c3ea a3ab 1800 1021 0022 0022 0843 2106 2906 39a8 1883 0800 3080 cc8d bb88 c3a8 c388 c3a8 c387 c3a8 c3a7 cba7 d386 e3e6 e3e6 dba5 d385 e3c6 e3e6 ebc5 f405 f424 f463 ec62 fd24 fd63 fd83 fda3 fda2 fda2 fd82 fd83 fd44 f4e5 dc04 d3a5 cb87 c387 c388 c3a8 bba8 bba8 bba8 c3a8 c3a8 bb88 bb88 bb88 bb88 bb88 bb87 bb88 bb88 c388 c388 c388 c388 c388 c388 c388 c388 c388 c388 c388 c388 c386 cba4 e444 eca2 fde5 fe23 fe63 f662 f6a3 ff24 ff44 ff45 ff04 ede2 ed42 e461 ec61 ec42 ec22 ec22 f402 f402 f3e3 f3e3 f402 f402 f4a3 fce4 f4a3 f483 ec42 f463 fd05 f4a4 f464 ec43 f4c4 fd45 fd64 fd64 fd64 fd84 fd64 fd85 fd85 fd85 fd86 fd66 fd47 eca5 
6b4e 738f 632e 6b6f 6b6f 6b6f 6b6f 6b6f 6b70 6b70 6b6f 6b70 6b6f 6b90 6b70 6b6f 6b90 6b70 6b90 6b90 6b90 6b90 634f 6b90 6370 6b70 6b70 6b70 6b90 6b70 6b70 634f 6b70 6b70 6b70 6b70 6b70 6b90 634f 6b70 634f 6b70 634f 6b70 6390 634f 6bb0 5b2f 6b90 6350 6370 6b70 634f 6b70 6b70 6b70 636f 6b90 634f 6b90 6b90 636f 6b70 6b70 6b90 634f 6b90 6b6f 73b0 6b6f 6b90 6b6f 6b6f 6b90 634f 6bb0 634f 6b90 6b6f 6b90 6b70 6b70 7390 6b6f 73b0 6b6f 6b90 6b6f 6b6f 6b6f 6b4f 6b70 6b4f 7390 6b4f 738f 738f 7baf 8bef 93ef 93ee 93ee 8bef 83cf 7b8f 6b2e 7bb0 6b2e 7390 6b4f 6b6f 6b8f 634e 73b0 634e 73d0 634e 73b0 73af 738f 738f 738f 736e 8bf0 8bce 93ee 9bcd a3ac a3ac a3ac abac ab6b ab4b b34b b32a b32a bb2a bb0a bb2a bb2a bb0a bb0a bb0a bb2a bb29 bb29 bb09 bb09 bb09 bb09 bb29 bb29 bb09 bb29 bb29 bb29 bb29 bb29 bb29 bb29 bb09 bb0a bae9 bb09 bb09 cb69 cbc9 d3c9 d3e8 d3e8 d3c7 cbe8 c3ea a38a 2040 0821 0842 0842 18c4 526a 5289 62aa 628a 62cb 6b0d 0801 1063 28a3 5164 9309 cc0a c3a8 cbc8 cbc8 cbc8 c40a a3ab 1820 0821 0022 0042 0042 0022 18c5 3167 2062 59e6 8ac8 bbca c3a9 c3c8 c3a8 c387 cb87 cba7 d3a6 dbc6 ebc6 f3c5 f3c5 f3e5 ebc5 ebe5 f3e4 f3e4 f3c3 f3e3 f3e3 ec03 ec23 f4a2 fd44 fd84 fda4 fd63 fd44 fd65 fd46 dc45 cbc6 cba8 c3a9 c3a9 c3a9 c3a9 c3a8 c3a8 c3a8 c3a8 c3a8 c3a8 c3a8 c3a8 c3a8 bba8 bba8 c3a8 c3a8 c3a8 c3a8 c3a8 c3a8 c3a8 c3a8 c3a8 c3a8 c3a8 c3a8 c3a8 c3a7 cba5 e4a6 f5a5 f604 fea4 fee4 ff04 ff04 ff23 ff44 ff64 ff24 fec3 eda1 f542 f4e3 fce3 fcc4 fcc4 fcc4 fcc4 fcc4 fcc4 fca3 fca3 fcc4 fd04 fd25 fd04 f4c3 f4c3 f4c4 f483 ec42 ec63 fd25 fd64 fd84 fd83 fd83 fd83 fd64 fd84 fd85 fd85 fd85 fd66 f4c5 e464 ec65 
83ae 8bcf 7b8e 7b6e 734e 738f 6b4e 7390 6b6f 6b90 6b6f 636f 73b0 632e 73d1 6b4f 6b90 634f 6b90 636f 6b70 6b70 634f 6b90 634f 6b70 634f 6b70 6b70 634f 6b90 634f 6b90 634f 6b70 6b70 6b70 6b70 634f 6b90 634f 6b90 634f 6370 6370 636f 636f 6370 6370 6370 6370 6b70 6b90 6370 634f 6b90 636f 6370 634f 6370 636f 6370 6b90 634f 6b90 634f 6b90 6b6f 6b90 6b6f 6b6f 6b6f 6b6f 6b90 6b6f 6b6f 6b6f 7390 6b4f 6b90 6b70 6b70 7390 6b6f 6b90 6b4f 7390 6b70 6b8f 6b6f 6b6f 736f 6b6f 736f 634e 7bd0 6b4e 8bf0 8bce 93ee 93ed 93ed 93ee 93ce 8bcf 83ae 8bf0 838e 8bf0 838f 83cf 83cf 83af 83ef 736e 8c10 7b8e 83cf 83cf 83af 8c0f 7b8e 940f 8bee 93ee 9bcd a38c a36b ab4b ab4b ab2a b32a b30a b30a bb0a bb0a bb09 bb0a bb09 bb0a bb0a bb09 bb09 bb29 bb29 bb28 bb28 bb28 b308 bb48 cbaa c368 bb28 c389 b307 cbaa c369 b307 cbaa bb28 bb28 bb28 bb28 bb28 c389 cbc9 cbc8 cbc8 cbc8 cbc8 cbc8 cba8 c3c9 b3cb 7288 1021 0821 0042 0022 2125 528a 5289 62aa 5a69 1882 1042 3945 4944 8aa7 c3ea c3c9 c3a8 cbc8 cbc8 cbc8 c3ea a3ab 1820 0801 0023 0022 0022 0022 1863 2062 8b4b a38a b3c9 bb88 c387 c387 cba6 dbc6 e3c6 e3e6 ebc5 ebe5 f3e5 f3c4 f3c4 f3c4 f3c4 f3c4 f3c4 f3c3 f3c3 f3c3 f3c3 f3c3 ebc3 ebe2 f464 f483 ec84 dc03 d3e3 cbc4 d3e5 cba6 c387 c387 bb88 bb88 bb88 bb88 c388 bba8 bb88 bb88 bb88 c368 c388 bb88 bb88 bb88 bb88 bb88 bb88 bb88 bb88 bb88 bb88 bb88 bb88 bb88 c388 c387 c386 cb86 d3a5 e404 ecc4 fe06 fe85 fee5 ff45 ff45 ff64 ff44 ff44 ff64 ff24 fec4 f5c2 f542 e4a0 eca1 eca1 ec81 ec81 ec81 ec61 ec62 f462 f462 ec62 ec82 eca2 ecc2 fd44 fd24 f483 ec03 f3e3 ebe2 f443 ec82 fd45 fd64 fd65 fd45 fd46 f527 dc64 d425 d425 d406 d3e6 cba6 d386 
93cd 9bce 93ce 8bae 93ef 7b4d 8c11 6b0d 736f 734e 6b2e 7bb0 62ed 7bd1 630d 7bd0 630e 738f 6b6f 6b4e 73d0 632e 73d1 5b2f 73b1 632f 6b70 6b70 634f 73b1 5b0e 73b1 632f 73b1 636f 636f 6b90 634f 6bb0 5b2e 73d1 632f 6b90 6370 634f 6b90 632f 6b91 5b2f 6bb1 634f 6b70 6b70 634f 6b90 632e 6bb0 5b0e 6bb0 634f 6b90 6b70 634f 6bb0 632f 73d1 632f 73b1 632f 6b90 6b6f 6b6f 7390 634f 7390 632f 73b1 632e 7390 6b70 6b4f 7390 632f 73b1 630e 7390 6b6f 6b90 6b70 6b6f 736f 736f 7baf 6b2d 83f0 6b0c 8bcf 93ef 93ce 9bee 9bee 9bee 9bee 93ee 93ee 93ee 93ee 93ee 93ee 93ee 940e 93ee 93ee 8bee 940f 8bce 93ee 93ee 93ee 9bef 9bee 9bee 9bce a3ce a3cd a38d ab6c b34b bb2b bb2a bb2a bb2a bb2a bb2a bb2a bb2a bb2a bb2a c32a bb0a bb2a bb0a bb29 cbab d3ca d3e9 d3e9 d3e9 d3e9 cbc9 cbc9 cbc9 cbc9 d3e9 cba9 d3e9 d3e9 cbc9 d3e9 d3e9 d3e9 d3e9 d3e9 d3e9 d3e9 cbc8 cbe8 cbe8 cbe8 cbe8 cbe8 cbc8 cbc9 bbeb 8b0a 1020 0842 0022 0022 0842 2104 528a 5a89 5a69 1883 1042 4145 82a8 c40b cbc8 cbc8 cbc8 cbc8 cbc8 cbc8 c3ea a3ab 1800 0801 0022 0042 0042 0022 0821 1820 bc4e b3c9 c387 cb87 d3a6 dbc6 ebc5 f3e5 f3c4 f3e4 f3c4 f3e4 f3c4 fbe4 fbe4 fbe4 fbe4 fbe4 fbe4 fbe4 fbe4 fbc4 fbe4 fbe4 fbc4 f3e3 fc04 f404 db84 d384 d386 cb86 cb86 cba7 cba7 cba7 cba8 c3a8 c3a8 cba8 c3a8 c3c8 c3a8 c3a8 c3a8 c3a8 c3a8 c3a8 c3c8 c3c8 c3a8 c3a8 c3a8 c3a8 c3a8 c3c8 c3a8 c3a9 c3a8 c3a8 cba7 d3c7 dba6 e3c5 ebc4 f403 f422 f4c3 e4e1 f5e4 fec6 fee5 ff25 ff45 ff45 ff24 f6a3 fe64 f5e3 fdc3 fda3 fda4 fda4 fdc3 fda4 fda3 fd83 fd63 fd64 fd64 fd44 fd44 fd25 fd44 fd45 fd46 f485 ec05 f405 f405 ec04 ec24 ec45 ec65 ec86 dc25 d406 d407 cbe7 cbe8 cbc8 cbc8 cbc8 cbc8 cbc9 
93ae 93ae 93ad 93ad 93ae 93ce 93ce 93cf 93ef 8bae 93cf 8b8e 8bcf 732c 8bf0 6b0c 8bd0 732e 7b8f 7baf 6b4e 7bd0 5acd 7bd1 632e 73d1 634f 636f 73b1 5b0e 73f1 52ed 73d1 630e 6b90 6b70 632f 73b1 5b0e 73f2 5aee 73d1 632f 6b70 6b90 5b2f 6bb1 52ee 73d2 5aef 6bb1 6350 634f 6b90 5b0e 73d1 5aee 73f1 5b0e 6bb1 634f 636f 6b90 5b0e 73f2 5aee 7bf2 5aee 73d1 5b2f 6b90 6b70 632f 73b1 630e 7bd1 5b0e 73d1 634f 6b6f 7390 632f 7bb1 5aee 7bd1 5aee 73b0 6b6f 7370 738f 732e 8bf0 83ce 940f 8bce 93ef 93ce 9bce 93ad 93ce 93ce 93ce 93ce 93cd 93ee 93ee 93cd 93cd 93cd 93cd 93ed 93cd 93ce 93ce 93ce 93ce 8bce 93ce 93ed 93cd 9bcd a3ad a36c a34c ab4b ab4b ab2a b32a bb0a bb0a bb0a bb0a bb0a baea bb0a bb0a bb0a bb0a bb09 bb09 bb09 bb0a bb09 cb8a d3ea d3e9 d3c9 d3e9 cbc8 cbc8 cbc8 cbc8 cbc8 cbc8 cbc8 d3c8 d3c8 cbc8 cbc8 cbc8 d3c8 d3a8 d3a8 cba8 cba8 cbc8 cbc8 cbc8 cbc8 cbc8 cba8 c3a8 c3c9 bbcb 7268 1020 0022 0023 0023 0002 0822 3186 62ca 62a9 5a49 1821 5185 9b2a cbea cbc8 cbc8 cba8 cba8 cba8 cba8 c3a9 a38b 1800 0801 0022 0042 0022 0022 0821 2020 bc4d bbc9 c387 d3a7 e3c7 e3a5 eba4 f3a4 f3a3 f3c3 f3c3 f3c4 f3c4 f3c3 f3c3 f3c3 f3c3 f3c3 f3c3 f3c3 fbc4 f3a3 f3a3 f3c3 f3c3 f3c3 f3c3 f3e4 ebe5 db84 d385 d385 e3e6 e427 dbe6 d386 db87 d3a7 d387 cb66 cb87 c387 c3a7 c3a8 c3a8 bba8 bb88 bba8 c3a8 c3a8 c388 c388 c388 c388 c388 c3a8 c388 c387 c387 cb86 d3a6 e3c5 ebe5 f3e4 f3e3 ebe1 ec01 f422 ec22 e441 e461 d480 f5e4 fea5 fea5 fe85 f603 f5c3 fdc3 fda3 fda3 fda3 fda3 fdc4 fda4 fda4 fd63 f543 fd43 fd23 fd04 ec63 ec23 ec23 ec24 e445 dbe5 d3a5 dba6 d3a6 d3a6 cb86 d3a6 cba6 cba6 cba7 cba7 cba7 cba8 cba8 c3a8 c3a7 c3a8 c3c8 c3a8 
8bad 8bcd 93cd 93cd 93ce 93cd 93ce 93ce 93ad 93ad 93ce 93ce 93ae 93ce 93ce 93ce 8bad 8bcd 8bcd 8bce 8bef 6b0d 8411 62ed 7bd1 632f 6b8f 6b90 632e 7bf2 5acd 7bf2 52cd 6bd0 634e 636f 6b90 5b2e 7bf2 52cd 7bd2 5aee 73b1 6b70 632f 73d2 5aee 7c12 52cd 73f1 5b4e 6bb0 6b90 5b2e 73d1 5aee 7bf1 52cd 7bf1 632e 7390 7390 630f 73d1 52cd 7c11 52cd 7c32 52ed 73b1 634f 6b4f 7390 62ee 7bf1 5acd 7bd1 630e 7390 7390 5b2e 73f0 5b0d 7bf1 5acd 7bd1 632e 7370 738f 6b2d 8bef 8bee 93ce 93ce 93ce 93ee 8bcd 8bcd 8bed 8bce 93ce 93ce 93ce 93ce 93ae 93ae 93cd 93ce 93ce 93ce 93ce 93ce 8bad 8bcd 93cd 93cd 93cd 93cd 93cd 93cd 9bad 9b8d a38d a36c a36c a36c ab6c ab4c b32a b32a bb2a bb2a bb2a bb09 bb09 c329 bb08 bb08 bb08 c308 c309 c309 c328 c328 bb26 cbc8 bb26 cbc8 cbc8 cbc8 cbc8 cbc8 cba8 cba8 cba8 cbc8 cbc8 cbc8 cbc8 cbc8 cba8 cba8 cbc8 cbc8 cbc8 cbc8 cbc8 cbe8 cbc8 cbc8 cbc8 cbc8 bbc9 9b29 1820 0821 0041 0041 0041 0022 0022 1042 4185 93ad 8b6c 2820 71e5 c40c cbc9 cba8 cbc8 cbc8 c3a7 c3a7 cbc7 c3c8 abeb 59c5 1041 0022 0001 0022 0022 1000 38c0 cc6d c3c9 c387 c386 cba6 d3a6 d385 e3a5 ebc5 f3c4 fbc4 f3a3 fba3 f3c4 fbc4 fbc4 f3c4 fbe4 fbe4 f3c3 f3c3 f3e3 f3c3 f3e3 fbc3 fbc3 fbc4 f3c3 f3a3 f3e4 f3e4 f3c4 f3e4 fc05 f3e4 ebe4 ebe4 ec04 ebe5 e3c5 e3c6 d3a5 d3a6 cb66 cb67 c387 c388 c388 c388 c388 c3a8 bb88 bba8 c3c7 c3a7 cba7 cb87 d3a6 db86 e3a5 ebc5 f404 ec03 f423 fcc4 fd24 fd44 f543 f563 f543 fd23 f503 eca2 e461 e441 e481 fd64 fd84 fd84 fd43 ec81 f482 f482 ec81 ec81 ec81 f461 f441 f442 f442 f444 ebe4 dba4 dbc5 d3c6 d3c6 d3c7 cbc7 cbc7 c3a7 c3a7 c3c7 cba7 cba7 cba7 cbc8 cbc8 c3a7 c3a7 c3c8 c3a8 c3a8 c3a8 c3a8 c3a8 
93ce 93ce 93ce 93ce 93ce 93ce 93ce 93ce 93ce 93ce 93cd 93ad 93ce 93ce 93ce 93ae 93ce 93cd 93cd 93ce 8bce 93ef 732c 83cf 6b2d 7b8f 736f 6b4e 73b0 62ed 83f1 62ed 7bd1 630d 738f 6b4f 632e 73d0 52cd 7c12 52ad 7bf1 632f 6b70 7390 5aee 7bf2 528d 7c12 5b0e 73b1 6b4f 634f 73b0 5b0e 7c12 52ad 7c12 5aee 73b0 636f 634f 73d1 5b0e 73f1 52cd 7c12 52cd 7bf1 5b0e 6b70 6b70 630e 83f2 5acd 8412 5acd 73b1 6b4f 6b4f 7bf1 5acd 7c12 52cc 7bf1 5acc 7baf 7b6e 736e 8bf0 8bae 93ae 93ce 93ce 93ce 93ce 93ce 93ce 93ce 93ce 93ce 93ce 93ce 93ee 93cd 93cd 93cd 9bce 9bcd 9bcd 9bcd 9bcd 9bcc a3cc a3ac a3ad a3ad 9bad 9bad 9bad 9bce 9bce 9bad 9bce 9bcd 9bcd a3ad ab8c b34b bb2b bb2a bae9 bb29 d3ab cbca cbaa cbca d3ca d3e9 d3c9 d3c9 d3c9 d3c9 d3c9 d3e9 d3e9 d3c9 d3c8 d3e8 d3e8 d3c8 d3c8 d3c8 d3c8 d3c8 d3c8 d3c8 d3c8 d3c8 d3c8 d3c8 d3c8 cbc8 cbc8 cbc8 d3c8 cbe8 cbc8 cbe8 cbe8 cbc8 c3e9 b3aa 7247 0800 0021 0042 0042 0022 18c5 0863 0821 1861 72ca 938c 3860 b3cb c3ca cbc9 cbc8 cbc8 cba8 cbc8 cba8 cbc8 c3c9 b3eb 82e9 49e7 0862 0021 0001 0021 1000 9308 e4ed cbc8 cba8 c3a8 c3a8 c387 c387 cba6 dbc6 ebe5 f3c4 f3e4 f3c4 f3c4 f3e4 f3e3 f3c4 fbe4 fbe4 f3c4 f3c4 fbc4 fbc4 fbc4 fbc4 fbc4 fbc4 f3e4 f3c4 f3e3 fbe4 fbc3 f3c3 f3e3 fbe3 f3e3 f3c3 f3e3 f3e4 f3e4 f404 f405 f405 e3c6 d385 cb86 cb87 c388 c388 c388 c3a8 c388 c388 cba7 cb86 cb86 d385 e3a5 ebc5 f3c4 ebe3 fce5 fd24 f4e2 fd44 fd84 fdc4 fde4 fe04 fde4 fda3 fd23 ec82 ec02 ec03 ec02 f463 f4c2 f4e2 ece2 f4c2 f4c3 f4a3 f483 f463 f483 f463 f463 f463 f444 e3c4 dba5 d3a7 d3c7 cbc8 cbc8 cba8 cbc8 cbc8 cba8 cba8 cba8 cba8 c3c7 c3c7 cbc8 cba7 c3a7 cba8 cbc8 cbc8 c3c8 c3c8 cba8 cba8 
93ad 93ad 93ad 93ad 93ae 93ae 93ae 93ae 93ad 93ad 93ad 93ad 93ad 93ad 93ae 93ae 93ad 93ad 93ad 938d 93ad 93ce 93ce 8bae 8bce 8bce 8bce 8bcf 8bce 8bce 8bce 8bce 8bce 8bce 8bcf 83ae 7b8e 6b0d 7bb0 5acc 7bf1 62ed 6b8f 6b90 632e 73b1 52cd 7c12 52cd 73d1 632f 6b70 6b6f 632e 73d0 5aed 8411 630d 7bd0 6b4f 6b8f 7390 630e 73d1 5b0e 7c12 5aed 7bd1 630e 73b0 6b4f 6b4f 73b0 630e 7bf2 5acd 7bf2 632f 6b4f 7390 6b2e 83d0 62ed 83f1 62ec 83d0 8bcf 8bcf 8bae 8bce 8bae 93ce 93ae 93ae 8bce 8bae 8bcd 8bad 8bce 8bce 8bcd 8bcd 8bcd 93ce 93cd 93ad 9bad 9b8c a36c a36b ab6b ab6b ab6b ab6b ab4b ab4a ab4b ab6b a36b a34b a36c a36c a38c 9b6c a34c a36c ab6c ab4b b32b bb2a b2e9 c349 cb89 d3c9 cbc8 cbc8 cbc8 cbc8 cbc8 cbc8 cbc8 cbc8 cbc8 cbc8 cbc8 cba8 cba8 cba8 cbc8 cba8 cba8 cba8 cba8 cba8 cba8 cba8 cba8 cba8 cba8 cba8 cba7 cba7 cba8 cba8 cba8 cba8 cba7 cba7 cba8 cbc8 c3a7 bba8 a3ab 2020 18a3 0863 0022 0022 0022 39c8 4a4a 20e4 0801 1820 7aea 8287 8245 c3ca c3a8 cba8 cba8 cba8 c3a8 cba8 c3a8 bbaa 9309 7aea 5a89 31a6 2925 1042 1020 4963 bc0a d429 c387 c387 c388 c388 bb87 c387 c387 cb66 dba5 ebe6 f3c4 f3c4 f3c4 f3c4 fbc3 fbc3 f3c4 f3c4 f3c3 f3c3 f3e3 f3c4 f3c4 f3c4 f3c4 f3c4 f3e4 f3c4 f3c4 fbc3 fbe4 f3c4 f3c4 f3c4 eba3 f3c4 f3c4 f3e4 f3c3 f3c3 f3c4 f3e4 f3c4 f3e5 ebe6 dba6 d386 d3a7 c366 c387 c387 cb86 d385 e3a5 ebe6 f3c5 f3c4 f3c3 f3c3 ebe2 fd04 fd85 fd64 fd24 f4e3 f503 fd84 fdc4 fe05 f583 ece2 f4c2 ec82 ec42 e442 f524 fd84 fdc5 fdc4 fda5 fd44 f4e4 f4a4 f463 f484 fc84 f484 fc65 f445 e3c5 d3a6 cba7 c387 c387 c387 c3a8 c3a7 cba7 c3a7 c3a7 c3a7 c3a7 c3a7 c3a7 c3a7 c3a7 c387 c387 c3a7 c3a8 c3a7 c387 c3a7 c3a7 
93cd 93cd 93ce 93ce 93ce 93ce 93ce 93ce 93ce 93ce 93ce 93ce 93ce 93ce 93ce 93ce 93ce 93ce 93ce 93ce 93ee 9bee 93ce 93ce 93ce 93ad 93ee 93ce 93ee 93ce 93ce 93ad 9bce 93ce 93ce 93ce 93ce 93ef 8bae 93f0 83af 83af 736e 736f 7bb0 6b2e 7bd0 5aed 7bd0 6b2e 738f 736f 6b6e 738f 632e 7bd0 632e 73b0 6b4f 7390 7390 6b6f 73b0 632e 73d0 632e 73b0 630e 73b0 634f 6b6f 6b6f 634f 73d0 630e 7bd1 632f 6b90 6b6f 734e 83cf 93ef 93ef 93cf 93cf 93cf 93cf 93ce 93ce 93ce 93ce 9bce 93ce 93ce 93ce 93ce 93ce 93ee 93ee 93ee 93ce 93ce 93ce 93ce 9bce 9bce 9bcd a3ad a3ad a38c ab8c ab6c b36c b34b bb2b bb2a bb2a bb2a bb2a bb2a bb2b bb2b b34b b32b b32b bb2b bb2b b32a bb2a bb2a c349 d3ca d3ea d3e9 d3e8 d3e8 d3e8 d3e8 d3e8 d3e8 d3e8 d3e8 d3e8 d3e8 d3e8 d3e8 d3e8 d3e8 d3e8 d3e8 d3c8 d3c8 d3e8 d3e8 d3e8 d3e8 d3e8 d3e8 d3e8 d3e8 d3e8 d3e8 d3e8 d3c8 cbe8 cbe8 cbe8 cbc8 cbe8 cbc8 cbe8 c3ea a3ab 1820 20c4 20e5 0842 0001 0021 39c7 526a 524a 2905 1021 72a9 abed 71a3 c3cb cbc9 cbc8 cbc8 cbc9 cbc8 cbc9 c3c9 abab 2881 41c7 4a49 528a 528a 4a07 1820 82c7 cc4b cba7 cba8 c3a8 c3a8 c3a8 c3a8 c3a8 c3a8 c3a8 cba7 d386 e3c6 f3e5 f3c5 f3c4 fbc4 f3c3 fbe4 fbc3 fbe4 fbe4 fbe4 fbe3 f3c4 f3c5 f3c5 e385 e385 ebc5 ebc5 f3c5 f3e5 f3e4 f3c4 fbc4 eb83 f3c4 f3c4 fbe4 fbe4 fbe4 fbe4 fbc4 fbe3 fbe4 f3c4 f405 f3e5 ebe6 dba5 d385 dba5 e3c6 f3e6 f3e5 fbc4 fbc4 fbc3 f3c3 fbe3 f3e3 fcc4 fd05 fce5 ec42 ec22 f442 fcc4 fce4 f4e4 f4e3 f4e3 fd64 fd84 fd84 fd84 fda4 fdc5 fda4 fd44 fd04 f463 f402 f3e2 fbe3 fbe3 f3c3 f3e3 ebc4 ebc5 ebe6 dbc7 cba7 cba7 cba7 cba7 cba7 cba7 cbc7 cbc7 cbc8 cbc8 d3c8 cbc8 cbc8 cbc8 cbc8 cbc8 cbc8 cbc8 cbc8 cbc8 cbc8 cbc8 cbe8 
93ad 93ad 93ad 93ad 93ad 93ad 8bad 8bad 8bad 8bad 8bad 8bad 8bad 93ad 93ad 93ad 93ad 93ad 93ad 93ad 93ae 93ae 93ae 93ae 93ad 93ad 93ad 93ad 93ad 93ad 93ad 93ad 93ad 93ae 93ad 93ad 93ad 93ad 93ad 93ad 93ce 93ae 8bae 8bae 8bae 838e 83ae 83ae 8bae 8bcf 8bae 8bae 8bcf 83af 7baf 734e 738f 734e 736f 6b4f 6b6f 736f 6b6f 6b6f 6b4f 7390 632e 7370 634f 6b6f 636f 6b6f 7390 632e 7390 632f 7390 6b6f 6b4e 7b6e 8bae 93ae 93ad 93ad 8bad 8bad 8bad 93ae 8bae 93ae 93ae 93ae 93ae 93ae 93ae 93ae 93ce 93ce 93ae 93ad 93ad 93ad 93ae 93ce 93cd 93ad 93ad 93ad 93ad 93ad 9bad 9bad a38d a36c ab2b b30a bb0a baea baea baea baea baea baea bae9 baea baea bae9 bb09 bb29 c349 d3c9 d3a8 cbc8 cbc8 cba8 cba8 cba8 cbc8 cbc8 cbc8 cbc8 cbc8 cbc8 cbc8 cbc8 cbc8 cbc8 cbc8 cba8 cba8 cba8 cba8 cba8 cba8 cba8 cba8 cba8 cba8 cba8 cba8 cba7 cba7 cba7 cba8 cbc8 cbc8 cba8 cba8 cba8 cbc8 c3c8 bbea 7267 2061 2905 2906 2927 1064 0021 2945 4a28 5248 4a07 3923 7267 b3ed 71c3 bbca c3c9 cba8 cba8 c3a8 c3a7 cbc8 bbaa a3ab 1020 0021 0842 31a7 52aa 5a89 6a67 abeb cc0a c387 bb67 bb67 bb88 bb68 c387 c387 bb67 bb88 c387 c387 cb86 db86 e3a5 ebe4 f404 f404 f3c3 fbc3 fbc4 fbc4 fbc3 f3c3 f3c4 f3c4 ebc5 e3a5 dba5 e3a5 e3a5 e3a5 eba5 eba4 f3c4 f3c4 f3c4 f3c4 fbc4 fbc4 fbc3 fbc3 f3c3 f3c3 f3c3 f3c3 fbc3 fbc3 f3c4 f3a4 f3c4 eb84 ebc4 f3c4 f3e4 f3e3 f3c3 fbe3 f3c3 f3a3 fbc3 fbc3 f3c3 f3e3 f3e3 f3c3 f3c3 f3c3 f3c3 f3c3 f3e3 f3e2 ec02 ec42 fd23 fd44 fd44 f4c3 f4c3 fca4 ec02 f3e2 f3e3 f3c3 fbc3 fbc3 f3c3 f3e4 eb83 eb84 eb84 e364 e365 db65 db65 db65 dba5 db85 db85 db85 db85 dba6 d386 cb86 cba6 cba7 c3a7 c3a7 c3a7 c3a8 c3a7 c3a7 c3a7 c3a7 c3a7 c3a7 
93cd 93cd 93cd 93cd 93ce 93cd 93ce 93ce 93ae 93ae 93ce 93ae 93ce 93ce 93ce 93ce 93ce 93ce 93ce 93ce 93ce 93ce 93ce 93ce 93ce 93ce 93ce 93ce 93cd 93ad 93cd 93ad 93cd 93cd 93ce 93ce 93ce 93ae 93ce 93ce 93cd 93cd 93ce 93ce 93ce 93ae 93ce 93ce 93ce 93ce 93ce 93ce 93ad 93ae 8bcf 836e 93f0 7b6d 83af 7b8e 838e 83af 734e 83af 732d 83af 6b0d 736e 6b4e 6b4e 6b6f 6b4f 634f 6b70 6370 634f 6b90 6b4f 7b6e 8bef 8bce 8bce 93ce 93ce 93ce 93ce 93ce 93ae 93ad 93ad 9bad 9bad 9bad 9bad 9b8c 9bad 9bad 9bad 9bad 9bcd 9bad 9bad 9bac 9bac a3ac a3ad a38d a38d 9bad a38d a3ad a3ad ab8d ab6c b32b bb0a bb0a bb0a bb0a bb0a bb0a bb0a baea baea bb0a bb0a bb2a bb09 c348 d3ca d3c9 d3e8 d3e8 d3c8 d3c8 d3c8 cbe8 cbe8 d3e8 d3e8 d3e8 d3e8 cbe8 d3e8 d3c8 d3c8 d3c8 d3c8 d3c8 d3c8 d3c8 d3c8 cbc8 d3c8 d3c8 d3c8 cbe8 cbe8 cbe8 cbe8 d3c8 cbc8 cbc8 d3c8 cbc8 cbc8 cbc8 cbe8 cbe8 cbc8 c3e9 b3cb 38c2 3925 3126 3147 41c9 2947 0001 0000 3186 5229 5228 5a27 7a67 bc0d 8a86 c3eb c3c9 cbc8 cbc8 cbc8 cba8 c3a8 bbeb 61e5 1000 0021 0022 0863 10a3 41a6 5a06 a3cb cc0a c367 c388 c388 bb88 bb88 c3a8 c3a8 c3a8 c3a8 c3a8 c3a8 c387 cb86 d385 dbc4 f444 f443 ebc2 f3c3 fbc3 fbc3 f3c3 f3c3 f3c4 f3c5 e3a5 e3e7 e3e7 dbe7 e3c6 e3e6 e3e6 e3c6 e3c6 ebc5 f3c5 fbc4 f3c4 fbc3 fbc3 fbc3 fbc3 fbc3 fbe3 f3c3 f3c3 f3c3 fbc4 f3c4 fbc4 fbc4 fbc4 fbc4 fbe4 f3e3 f3e3 f3c3 fc24 f403 fbe3 fbc3 fbe3 fbc3 fbc3 fbc3 fbc3 fbc3 fbc3 fbc3 fbc3 fbc3 f3e3 fc64 fce5 fce4 f463 ebe2 f3e2 f3e3 fbe3 fbc3 fbc3 fbc3 fbc3 fbc3 f3c4 f3e4 f3c4 f3e4 f3e4 f3e4 f3e4 f3e4 f3e4 f3e4 f3e4 f404 f3e4 f3e4 f405 f425 e3e5 e3e5 e406 dbe6 d3e7 cba7 cbc8 cbc8 cbc8 cbc8 cbc8 cbc8 cbc8 cbc8 
93cd 93cd 93cd 93cd 93cd 93cd 93ce 93ce 93ae 93ce 93ce 93ce 93ae 93ae 93ce 93ce 93cd 93ce 93ad 93ce 93ce 93cd 93ce 93ce 93cd 93cd 93ce 93ce 93ae 93ce 93ce 93ce 93ae 93ae 93ce 93ae 93ae 93ae 93ce 93ce 93ae 93ce 93ae 93ce 93ae 93ae 93ae 93ae 93ae 8bad 93ce 93cd 93ce 93ce 9bce 93ae 93ae 93ce 93ce 93ce 93ce 93ae 93cf 93ae 93ce 8bae 93ef 8bae 8bef 838e 83af 7b8f 632e 6b6f 5b0e 7390 6b2d 7b8f 8bef 93ce 93ce 93ae 93ae 8bae 93ae 93ae 93ad 9bad 9bad a38c a38c ab8c ab6b b38c ab2a ab2a b32b b36c b36b ab4b ab4b b34b b32b b32a b32a b32b b32b b32b b32b b32b b32b b32b b30b b30b bb2b c32b bb0a bb0a bb0a bb0a baea bb0a bb0a bb0a bb0a bb0a bb09 c349 cba9 cbe9 d3c8 d3e8 cbc8 cbc8 cbc8 cbc8 cbe8 cbe8 cbc8 cbc8 cbc8 cbc8 cbc8 cbc8 d3e8 d3c8 d3c8 d3c8 d3c8 cbc8 cbc8 cbc8 cbc8 cbc8 cbc8 cbc8 cbc8 cbc8 cbc8 cbc8 cbc8 cbc8 cbc8 cbc8 cbc8 cbe8 cbc8 cbc8 cbc8 c3c8 c3e9 b3eb 38c2 3926 3127 3127 49c9 3126 0002 0001 0842 49e8 5a49 6248 7a67 b42d 6984 a34a c3ea cbc9 cbc8 cbc7 cbc8 c3c9 b3ec 3080 1882 0022 0042 0042 0863 1041 1000 8ae9 cc2b c388 c387 bb88 c388 c3a8 c388 c388 c388 c388 c388 c3a8 cba7 d386 dba5 ec04 f4c4 fce3 fc83 f403 fc03 fc04 fc04 f404 f405 e384 d386 cb87 c3a7 c3a7 c3a7 cba7 c3a7 cba7 cba7 d386 e3c5 f3e4 fbe4 fbe3 fbe3 fbe3 f3c3 fbe3 fbe3 fbc3 fbc3 fbc3 fbc3 fbc3 fbc3 fbc3 fbc3 fbc3 fbc3 f3e3 f403 fc64 fc84 fc84 fc83 fc64 f403 f3c3 fbc3 fbe3 fbe3 fbc3 fbc3 fbc3 fbc3 fbc3 f3e3 fc23 fc64 f423 f3e3 fbe3 fbe3 fbc3 fbe4 fbc3 f3c3 f3e3 f3e4 f3e4 e3a4 e384 ebe4 f404 fc24 fc44 fc64 f443 f443 fc43 fc84 fca4 fca4 fca4 fcc4 fcc5 f485 f445 f486 f487 e448 cba6 c3a7 c3a7 c3a7 c3a7 cba7 cba7 cba8 cbc8 
93ce 93ae 93ad 93ad 8bad 93ae 93ae 8bad 93ce 93ce 93ae 93ae 93ae 93ae 8bad 8b8d 93ae 93ae 93ae 93ae 93ae 93ce 93ae 93ae 93ce 93ce 93cd 8bcd 8bcd 93cd 8bcd 8bae 93ce 93ae 8bad 8bae 8bae 93ae 93ae 8bae 93ce 93ce 93cd 93cd 93ae 93ae 8bad 93ae 93ae 93ae 93ae 93ce 93ce 93ae 93ae 93ae 93ae 93ae 8bce 8bce 8bcd 93cd 93ce 93ae 93ae 93ae 93ae 93ae 8bae 8bce 8bce 83ae 83cf 6b2d 7bd0 6b0c 83ae 8bcf 8bae 8bae 93ce 93ce 8bae 8bae 8bad 93ad 93ad 9b8c 9b8c a36c a36b ab4b ab4b bb6b b32a b309 bb0a c32a bb0a bb0a bb0a b30a bb0a b2ea b30a b30a bb0a bb0a b30a b30a b30a b30a bb0b bb0b bb0a bb0a bb0a bb0a bb09 bae9 bb09 bb0a bb09 bb09 b308 b308 bb48 c389 d3e9 d3e8 cbc8 cbc8 cbc8 cbc8 cbc8 cbc8 cbc8 cbc8 cbc8 cbc8 cbc7 cbc7 cbc7 cbc8 cbc8 cba8 cbc8 cbc8 cba8 cbc8 cba8 cba8 cbc8 cbc8 cbc8 cbc8 cba8 cba8 cba8 cba7 cba8 cba8 cba8 cba7 cbc7 cbc7 cba7 cba7 cbc8 c3c8 c3c9 b3ab 30a2 3126 3126 3127 49ca 3107 0802 0001 0000 4208 5a69 6268 7a88 b42e 40e2 69e7 9b09 c40b c3c9 cba7 cbc8 c3c9 b3eb 3081 3125 0022 0022 0022 1905 2105 0800 2880 ab89 c3a8 bb87 bb67 c388 c388 c388 c368 bb88 bb68 bb67 c367 cb86 e3e6 f424 f442 fd44 fd64 f4a3 ec01 fc03 fbe3 fbe4 f3c4 f3e4 ebc5 d3a6 cb87 cba7 cba7 c3a7 cb86 cb86 cb86 cb85 d385 ebc5 f3e5 f3c4 fbc3 f3c3 f3e3 f3e2 f3c2 f3c3 f3c3 f3c3 fbc3 f3c3 f3c3 f3c2 f3e3 f3e2 f3c2 f3c3 f3c3 f403 fc43 f443 fcc4 fd45 fd45 f403 f3c2 fbe3 fbc3 f3c3 fbc3 fbc3 fbc3 fbc3 fbc3 f3c2 f3e3 f3e2 f3e2 f3e3 fbe3 f3c3 fbc3 f3c3 f3c3 f3c3 f3c4 f3e5 ebc6 d386 cb66 dba5 e3e5 fc65 f444 fd06 fcc4 ec02 ec22 f4a3 f483 f463 f463 fd25 fd06 f485 e3e4 ec26 e406 dbe7 cb86 c3a7 c3a7 c3a7 c3a7 c3a7 c3a7 c3a7 cba7 
8bed 93ed 93ee 93ed 93ee 93ce 93ce 93ee 93ce 93ce 93ce 93ce 93ce 93ce 93ce 93ce 93cd 93cd 93cd 93ce 93ce 93ce 93ce 93ce 8bcd 93cd 93ce 93ce 93ce 93ce 93ce 93ce 8bce 8bcd 8bce 8bce 93ce 93ce 93ce 93ce 8bce 93ce 93ce 93ce 93ce 93ce 93ce 93ce 8bcd 8bcd 93ed 93ce 93ce 93ce 93ee 93ce 93ce 93ce 93ce 93ce 93ce 93ce 93ce 93ce 93cd 93cd 93ee 93ee 93ce 93cf 93ce 93ce 93ce 93cf 93ae 93cf 9bcf 9bce 9bcf 9bce 93cd 93cd 93ed 93ed 93cd 9bcd 9bcd 9bce 9bad 9bad a3ad a3ad ab8c b36c bb4c bb0a bb0a bb09 bb2a bb0a bb0a bb0a bb2a bb2a bb0a bb0a bb0a bb0a bb2a bb0a bb0a bb0a b2ea bb0a bb2a bb0a bb0a c30a c30a c309 bae8 bae8 cb8a cb8a cba9 cba9 d3e9 d3e9 cbe8 cbe8 cbe8 cbe8 cbe8 cbe8 d3e8 d3e8 cbc8 cbe8 d3c8 d3e8 d3e8 d3e8 d3e8 d3e8 cbc7 cbc7 cbe8 cbe8 d3c8 d3c8 d3c8 d3c8 cbc8 cbc8 d3c8 d3c8 d3c8 d3c8 d3c8 d3c8 cbc8 cbc7 cbe8 cbe8 cbc8 cbe8 cbe8 cbe8 cbc8 c3c8 c3c9 b3ab 30a2 3926 3107 3107 3988 39a8 10a3 0021 0021 4a08 628a 6a89 7267 a40e 30e4 4967 5166 9b0b c3eb cbc9 cbc8 c3c9 b40b 30a0 3925 20e6 0822 0822 18a4 39c8 18a3 1800 9b28 dc6c cbc8 c3a8 c387 bba7 c3a8 c3a8 c3a8 c3a8 c3c8 cba7 d3a5 ec05 f403 f442 fd44 fd63 fd43 fd03 f462 ebe2 f403 fbe3 f3e4 f3e5 ec06 dba6 d386 d386 d385 dbc5 ec05 ec05 ec05 ebe4 e3c2 f444 e402 f463 fca4 fca4 fcc4 fc84 f3e2 f3c3 fbe3 fbe3 fbe3 fbe3 f403 fc85 f4a4 f4c4 fc84 f3e2 f3e3 fbe3 f403 fc84 fcc4 fca5 f403 fbe3 fbc3 fbc3 fbe3 fc03 ebe2 f3e2 f3e2 f3c3 f3e3 fc64 fce5 fce5 f483 f443 fc44 f3e3 f3c3 fbc4 f3a4 ebc5 dba6 d3a6 cbc7 cbc7 cba7 d3a6 e405 f445 fce5 fce5 f484 fc84 fca4 f424 e3c3 ec04 f485 e424 e404 dba5 d3a6 d3c7 cba7 cba8 cba8 cbc8 cbc8 cbc8 cbc8 cbc8 cbc8 cbc8 
93cd 93cd 93cd 93cd 93cd 8bad 8bad 8bad 8bad 8bad 8bad 8bad 8bad 8bad 8bad 8bad 8bad 8bad 8bad 8bad 8bad 8bad 8bad 8bad 8bad 8bad 8bad 8bad 8bae 8bae 8bae 8bae 8bae 8bae 8bad 8bae 8bae 8bae 8bae 8bae 8bad 8bad 8bae 8bae 8bae 8bae 8bad 8bad 8bad 8bad 8bad 8bae 8bae 8bae 93ae 93ae 93ad 93ad 8bad 8bad 93ae 93ae 93ae 93ae 93ae 93ae 93ae 8bae 8bae 93ae 93ad 9bad 9b8d 9b8d 9b8d 9b6c a36c a34c a34c a36c a36b a36b 9b4b 9b4b 9b6c 9b4c 9b6c 9b6d 9b8d 9b8d 9bad 9b8d a38c a36c ab2b b30a bb09 bb09 bb09 bae9 bae9 bae9 bae9 bae9 bae9 baea baea baea baea bae9 bae9 bae9 bae9 baea bae9 bae9 bb09 c309 cb49 cb69 cb69 cb88 cbc9 cbc8 cba8 cbc7 cbc7 cbc7 cbc8 cbc8 cbc8 cbc8 cbc8 cbc8 cbc8 cbc8 cbc8 cbc8 cba8 cba8 cbc7 cbc7 cbc7 cbc7 cba7 cba7 cba7 cbc7 cbc7 cba7 cba8 cba7 cba7 cba7 cba8 cba8 cba7 cba7 cba8 cba8 cba8 cba8 cba8 cba8 cba8 cba8 cba8 cba8 cba8 c3a8 bba9 abab 3082 3106 3106 3107 4189 522b 2906 0001 0001 4a08 5a69 6268 7267 a3ee 2082 3926 4146 5965 9ae8 c3a9 cba8 c3c9 b3ec 3880 3125 2106 0002 0022 18c4 4a29 2945 1000 9328 e4ed c3a8 c367 c387 bb88 bb88 bb88 bb88 c388 c387 c387 d386 db85 ebc3 f422 fd23 fd63 fd83 fd64 f4c3 ebe2 f3e2 fbc3 fbc3 f3c3 f3c4 f3e5 e3a5 e3a4 ebe4 ec44 f4a4 fce4 fcc4 f443 ec02 fca4 fca4 fd05 fd25 fd25 fd25 fca4 f3c2 f3c3 f3c2 f3c3 f3c3 f3c3 f3e2 f403 f423 f423 f403 f3c2 f3c3 fbc3 f3e3 f3c3 f3c2 f3e2 ebc2 f3c2 f3e2 ec02 fca4 fcc4 fcc4 f463 f3e1 f3e2 ebe2 ec22 fce3 fd44 fd04 ec22 f402 f3c2 f3c3 ebc4 e3a4 d365 cb66 c367 c387 c3a8 c3a7 c3a7 cb86 d3a6 e3e5 ec05 ec24 ec04 ec25 ec05 dba5 db85 d3a5 d386 d386 cb86 c387 c387 c3a7 c3a7 c3a7 c3a7 c3a7 c3a7 c3a7 c3a7 c3a7 c3a7 
93ce 93cd 93cd 93cd 93ce 93ce 93ce 93cd 93cd 93cd 93cd 93cd 93cd 93cd 93ad 93ae 93ce 93ce 93ce 93ce 93ce 93ce 93ce 93ce 93ce 93ce 93ce 93ce 93ce 93ce 93ce 93ce 93ce 93ce 93ce 93ce 93ce 93ce 93ce 93ce 93ce 93ce 93ce 93ce 93ce 93ce 93ce 93ce 93ce 93ce 93ce 93ce 93ce 93ce 93ce 93ce 93ce 93ce 93ce 93ce 93ae 93ae 93ae 93ce 93ce 93ce 93ce 93ce 93ce 9bce a3ad a38c ab6c ab6c ab4b ab4b b32a b32a b32a b32a b32a b32a b30a b30a ab0a ab0a ab2b ab6c ab6c ab8c a38c a38c ab8c ab6c b34b bb4b c34a c34a c34a c32a bb0a bb09 c30a c30a bb0a bb0a bb0a bb0a bb09 bb09 bb09 bb09 bb08 bb08 bb08 bb08 c349 d3ca d3c9 d3c9 d3c9 d3c9 d3e8 d3e8 d3e8 d3e8 d3e8 d3e8 d3e8 d3e8 d3e8 d3e8 d3e8 d3e8 d3e8 d3e8 d3c8 d3c8 d3c8 d3c8 d3e8 d3c8 d3c8 d3c8 d3c8 d3c8 d3c8 d3c8 d3c8 d3c8 d3c8 d3c8 cbc8 cbc8 cbc8 cbc8 cbc8 cbc8 cbc8 cbc8 cbc8 cbc8 cbc8 cbc8 cbc8 cbc8 cbc8 cbc8 cba8 cbc9 c3c9 abab 30a2 3106 3107 3107 49aa 5a2c 2906 0802 0001 4208 5269 5a48 6a47 9bcd 1000 28c4 4146 7a8a c42d cbc9 cbc8 c3c9 bc0b 3880 30e4 20e5 0002 0022 0862 39a7 4229 1861 38a0 c44c c3c9 c3a7 c3a8 c388 c3a8 c388 c3a8 c3a8 c3a8 c387 cb66 e3e7 e3a4 ebe3 f443 f4a2 fd64 fd44 fd45 f483 f403 fbe4 fbe4 fbc4 fbc3 fbc4 fbc4 fbe4 f3e3 fc44 fc83 fc83 fc83 fc43 f403 f403 f403 f402 f402 f423 f403 f403 fbe3 fbc3 fbc3 fbc3 fbc3 fbc3 fbe3 fbc3 fbc3 fbe3 fbc3 fbe3 fbc3 fbe3 fbe3 f3e3 f3e3 f3e3 fc84 fca5 fcc4 fce4 fd25 fd45 fd45 fd25 fce4 fce4 fce4 fce4 fd04 fd04 fca4 f443 f443 fc64 fc84 fc86 ec06 d3a6 cba7 cba8 cba8 c3a8 c3a8 c3a8 c3a8 cb88 d387 d3a6 d3a6 dba6 dba6 d3c6 d3a7 cba7 cba7 cba7 cba7 cba7 c3a7 c3c7 c3a7 c3a7 cba7 cba7 c3a7 c3a7 c3c8 c3c8 c3c8 c3c8 
93ce 93ce 93ce 93ce 93ce 93ce 93ce 93ce 93cd 93cd 93cd 93cd 93cd 93cd 93cd 93ae 93ce 93ce 93ae 93ae 93ae 93ce 93ce 93ce 93ce 93ce 8bce 8bce 93ce 93ce 93ce 93ce 93ce 93ce 93ce 93ce 93ae 93ae 8bae 8bae 93ce 93ae 8bce 93ce 93ce 93ce 93ae 8bae 93ae 93ae 93ae 93ae 93ae 93ae 93ce 93ce 93ce 93ce 93ce 93ce 93ce 93ce 93ce 93ce 93ce 93ce 93ce 93ce 93ce 9bad a38c ab6c ab4b b32a b32a b329 b329 bb2a b32a b329 bb0a bb0a bae9 bae9 b2e9 b309 b309 b32a b32a b32a b32a b32a b32a b32a b30a bb0a bb09 bb09 bb09 bb09 bae9 bae9 baea baea baea baea bb09 bae9 bb08 cb89 d3c9 d3c9 d3c9 d3c9 d3c9 cbc9 d3c9 d3c8 d3c8 d3c8 d3c9 d3c8 d3c8 d3a8 cbc8 cba8 cbc8 cbc8 cbc8 cbc8 cbc8 cbc8 cbc8 cbc8 d3a8 d3a8 d3a8 d3a8 d3a8 d3a8 cbc7 cbc8 cbc8 cbc8 cbc8 cbc8 cba8 cba8 cba8 cba8 cbc7 cbc7 cba8 cba8 cba8 cba8 cba8 cba8 cba8 cba8 cba8 cba8 cba8 cba8 cba8 cba8 cba8 cba8 cbc8 c3a8 c3c9 b3cb 30a2 3927 3127 3928 49aa 5a0c 3106 0802 0001 41e8 5249 5a48 6a47 9bee 1000 20c3 4147 6a29 b38b cbea cba8 cbc8 c3ca a36a 3082 3105 1063 0002 0022 18c4 4a6b 1862 2000 b40c bbc9 c387 bba7 c3a8 bb88 c388 c388 c3a8 c3a7 cb87 cb85 e3e5 ebc4 f3e3 fbe3 fc03 fc43 f443 f423 f404 f3e3 fbe4 fbe4 fbe4 f3c4 fbc4 fbc3 fbc3 fbc3 f3c3 f3c3 f3c3 fbc3 fbc3 fbc3 fbc3 fbc3 fbc3 fbc3 fbc3 fbc3 fbc3 fbc3 fbc3 fbc3 fbc3 fbc3 fbc3 fbc3 fbc3 fbc3 fbc3 fbc3 fbc3 fbc3 fbc3 fbc3 fbc3 fbc3 fbe3 f403 f403 f422 f422 f422 f422 f422 f422 f402 f422 fc23 f423 f423 f403 f3e3 f3c3 f3e3 f3e2 f3e2 ebe3 ec05 d3a5 cb86 c3a8 c3a8 c388 c3a8 c388 c3a8 c388 c388 c3a8 cb88 cb88 cba7 cba8 cba8 cba8 c3a7 c3a7 c3a7 c3a7 c3a7 c3a7 c3a7 c3a7 cba7 cba7 cba7 cba7 c3a7 c3a7 c3a7 c3a7 
93ad 93ad 93ad 93ad 93ad 93ad 93ad 93ad 8bad 8bad 8bad 8bad 8bcd 8bcd 8bcd 93cd 93cd 93ad 93ad 93ad 93ae 93ad 8bae 8bae 93ce 93ae 8bad 8bad 93ae 93ae 93ae 8bad 8bad 8bad 8bae 93ae 93ae 93ae 93ae 93ae 8bae 93ae 8bce 8bce 8bce 8bad 8bad 93ae 93ae 93ad 93ae 93ae 93ae 93ae 93ce 93ce 93ce 93ce 93cd 93cd 93ce 93ce 93ad 93ae 93ae 93ae 93ae 93ae 93ae 9bae 9bad a3ad a38c ab6b a34a ab4a ab4a b38b b34a b32a b309 b2e9 b2e9 bb0a b2e9 bb09 bb08 bae8 bb08 bb09 bb09 bb09 bb09 bb2a bb09 bb09 baea bb0a bb0a bb0a bb0a bae9 bae9 bae9 bb09 bb09 bb09 c349 cbaa cbc9 d3c8 cbc8 d3c8 d3c8 d3c8 cbc8 cbc8 cbc8 cbc8 d3c8 d3c8 d3a8 d3c8 d3c8 cbc7 cbc7 cbc8 d3c8 d3c8 d3c8 d3c8 d3c8 cbc8 cbc8 cbc8 cbc8 cbc8 cbc8 cbc8 cbc8 cbc8 cbc8 cbc8 cbc8 cbc8 cbc8 cbc7 cbc7 cba8 cba8 cba8 cba8 cba8 cba8 cba8 cba8 cba8 cba8 cba8 cba8 cba8 cba8 cba7 cba8 cba7 cba8 cba7 cba7 c3a7 c3a8 c3a9 b38b 38a2 30e5 3927 3907 498a 5a0b 5a2b 20c5 0821 4208 5228 6248 6a67 a40e 1000 20c4 3967 4126 5986 92a9 cbca cbc9 cba8 c3ca 7226 30c3 28e4 0822 0022 0842 0843 1021 2020 b42d bbc9 c387 bb88 c388 bb67 c388 c387 cb66 cb66 d365 ebe6 ebe4 f3c4 f3c3 fbe4 f3c3 f3e4 ebc4 e383 e384 f3e4 fbe4 fbc3 fbc3 fbc3 fba3 fba3 fba3 f3c3 fbc3 fbc3 fbc3 fbc3 fbc3 fbc3 fbc3 f3c3 f3c3 f3c3 f3c3 f3c3 fbe3 fbc3 fbc3 f3c3 f3c3 f3c3 f3c3 f3c3 fbc3 fbc3 fbc3 fbc3 f3c3 fbc3 fbc3 fbc3 fbc3 fbe3 f3c3 fbc3 fbe3 fbe3 f3c3 fbc2 fbc2 f3c3 f3c3 f3e3 f3c3 f3e3 f3c3 fbc3 fbc3 fbc3 fbc3 f3c3 f3c3 f3e3 f3e4 ebe5 e3c6 d386 cb87 c387 c387 c388 c3a8 c3a8 c3a8 cba8 cba8 c3a8 cba8 c3a8 c387 c387 c3a7 c3a7 c3a7 c3a7 c3a7 c3a7 c387 c3a7 c3a7 c3a7 c3a7 cba7 cba7 cba7 cba7 cba7 cba7 
93ce 93ce 93ce 93ce 93ce 93ce 93ce 93ce 93ce 93ce 93ce 93ce 93ce 93ce 93ce 93ce 93ce 93ce 93ce 93ce 93ce 93ce 93ce 93ce 93ce 93ce 93ce 93ce 93ce 93ce 93cd 93ce 93ed 93ed 93ee 93ee 93ee 93ee 93ee 93ee 93ee 93ce 8bed 93cd 93cd 93cd 93ee 93ee 93ce 93ce 93ee 9bee 9bce 9bcd 9bcd 93cd 93ce 93ce 93ce 93ce 93ce 93ce 93ce 93ce 9bce 9bcd 9bcd 9bcd 9bcd 9bee 9bee 9bce 9bce 9bce a3cd a3ad abad ab8c b38c b36b bb6b c36b bb2a cbab bb29 cbaa d3ca d3ca d3ea d3ea d3ca dbeb cb8a bb28 bb28 bb28 bb28 bb09 bb28 bb28 c329 bb08 bb08 bb08 bb28 c349 d3c9 d3c9 d3c9 d3c8 d3e8 d3e8 d3e8 d3e8 d3e8 d3c8 cbe8 d3e8 d3e8 cbe8 cbc8 cbc8 d3c8 d3e8 d3e8 d3e8 d3c8 d3e8 d3e8 d3e8 d3e8 d3e8 d3e8 d3e8 d3e8 d3e8 d3e8 d3e8 d3c8 d3c8 d3c8 d3c8 d3c8 d3c8 d3c8 d3c8 d3c8 cbc8 cbc8 cbc8 cbc8 cbc8 cbc8 cbc8 cbc8 cbc8 cbc8 cbc8 cbc8 cbc8 cbc8 cbc8 cbc8 cbc8 cba8 cba8 cba8 cba8 cbc8 cbc8 cbc8 bbca 9b8c 3083 3926 3927 4989 5a0b 5a2b 3127 0822 3987 5249 6269 6a88 8b8d 0800 20c4 3147 3927 4127 5166 8a89 bb69 d3c8 dbe9 c3cb 48a1 3906 1864 0843 0022 0042 0821 1820 b44d bbc9 c3a7 c3a8 c3a8 c3a7 c386 d3a6 ec07 ebe6 f3e5 f3c4 f3c4 fbe4 fbe4 f3e4 f3e4 f3e4 ebc4 e384 e384 f3c4 fbe4 f3e3 fbc4 fbc4 fbc4 fbc3 fbc3 fbc3 fbc3 fbc3 fbc3 fbc3 fbc3 fbc3 fbc3 fbe3 fbe3 f3c3 fbe3 f3c3 fbe3 fbc3 fbc3 fbe3 fbe3 fbc3 fbc3 fbe3 fbe3 fbe3 fbe3 fbe3 fbc3 fbe3 fbc3 fbe3 fbe3 fbe3 fbc3 fbe3 fbc3 fbe3 fbc3 fbc3 fbc3 fbc4 fbc4 fbc4 fbc3 f3c3 f3c3 fbc3 fbe3 fbc3 fbc3 fbc3 fbe4 fbe3 f3c3 fbe4 f3c4 ebe5 e3c6 cb86 c3a8 cba8 c3a8 c3a8 c3a8 cbc8 cbc8 cba8 cba8 cba8 cba8 cba8 cba8 cba8 cba8 c3a7 c3a7 cba7 cba7 c3a7 c3a7 cba8 cba8 cbc8 cbc8 cbc8 cbc8 cbc8 cbc8 
8bae 8bae 8bad 8bad 93ae 93ae 93ae 93ae 8bae 8bae 8bae 8bae 8bae 8bae 8bad 8bad 93ad 93ad 8bad 8bad 8bad 8bad 93ae 93ae 8bad 8bad 8bad 93ae 93ae 93ae 93cd 8bad 93cd 8bad 8bcd 8bad 8bad 8bad 8bad 93ad 93ad 93ad 93ad 93ad 93ad 93ad 93ad 93ad 8bad 93ad 93ad 9b8d 9b6c a36b 9b6c a38c 9b8d 9b8d 9b8d 9b8d 9b8d 9b8d 9b8c 9b6c 9b4c a34b a34b a34b a36b a36b a36c a36c 9b6c a36c a36c a38d a36c ab4c ab4b ab0b b30a b30a b30a b309 b309 bb09 bb08 bb08 c328 c328 c347 cb68 d3a8 d3a9 d3a9 d3a8 d3c9 d3c9 cba9 cba9 cba9 cba9 cba9 cba9 cba8 d3c8 cbc8 d3c8 d3c8 d3c8 cbc8 cbc7 cbc8 cbc8 d3c8 cbc8 cbc8 cbc8 cbc8 cbc7 cbc7 cbc7 cbc7 cbc7 cbc8 cbc8 cbc7 cbc8 cbc7 cbc7 cbc7 cbc7 cba7 cba7 cba7 cba7 cba7 cba7 cba7 d3a7 d3a7 d3a7 d3a8 d3a8 cba8 cba8 cba8 cba8 cba8 cba7 cba7 cba7 cba8 cba8 cba7 cba7 cba7 cba7 cba7 cba7 cba7 cba7 cba7 cba8 cba8 cb88 cba8 cba8 c387 c3a8 c3a8 c3ca a3ab 2861 3106 3127 4189 5a0b 5a0c 5a4c 18a4 0821 4a08 5a89 6268 6289 0801 18a4 3147 3147 3127 3905 5987 9aca d3eb dc0a d409 ab69 40e4 28e5 0022 0022 0042 0821 1820 b44d bbc8 c386 cb66 cb66 d386 dbc6 eba5 f3c4 f3c4 fbe4 fbe4 f3c3 fbc3 fbc3 f3c3 f3c4 f3c3 f3c4 f3e5 eba4 eb83 f3c4 f3c3 f3c3 f3c3 f3c3 f3c3 fbc3 fbc3 fbc3 f3c3 f3c3 f3c3 fbc3 f3c3 f3c3 f3c3 f3c3 f3c3 f3c3 f3c3 f3c3 f3c3 f3c3 f3c3 f3c3 f3c3 f3e2 f422 fc63 f422 f3e2 f3e3 f3c3 fbc3 fbc3 f3c3 f3c2 f3c3 f3c3 f3c3 fbc3 fbc3 f3c3 fbc3 fbc3 fbc3 fbc3 fbc3 fbc3 f3c3 fbc3 fbc3 fba3 fbc3 fbc3 fbc3 f3c3 f3e3 f3e3 f3c3 f3c3 f3c4 ebc5 d365 c367 c367 bb88 bb87 c387 c3a7 c3a7 c387 c387 c387 c387 c387 c387 c387 c387 c387 c387 c387 c387 c387 c387 cb87 cb87 c3a7 c3a7 cba7 cba7 cba7 cba7 
93ce 93ce 9bce 93ce 93ce 93ce 93ce 93ce 93ce 93ce 93ce 93ce 93ce 93ce 93ce 93ce 93ce 93ce 93cd 93cd 9bcd 9bcd 9bcd 9bcd 9bcd 9bce 9bce 9bce 9bce 9bae 9bad 9bad 9bce 9bae 9bae 9bae 9bad 9bad 9bad 9bad 9bad 9bae 9bae 9bad 9bad 9bad 9bcd 9bcd 9bcd a3ad a38d ab6c ab4b b32b ab2b ab4b ab6c ab4c ab6c ab4c ab4b b34c ab4b b34b b32b b32b bb2b bb2b bb2a bb2a bb2b bb2b b32b bb2b b32b b32b b32b bb4b bb2b bb0b bb0a bb0a bb0a baea bb09 bb09 bb09 bb09 bb28 cb89 d3c9 d3c9 d3e8 d3c8 d3e8 d3c8 d3e8 d3c8 d3c8 d3c8 d3c8 d3e8 d3c8 d3e8 d3e8 d3e8 d3e8 d3e8 d3e8 d3e8 cbe8 d3e8 d3e8 d3e8 d3e8 d3e8 d3e8 d3e8 d3e8 cbe8 d3e8 d408 d3e8 d3e8 cbe8 d3e8 cbe8 d3e8 d3e8 d3e8 d3e8 d3e8 d3c8 d3c8 d3c8 d3c8 d3e8 d3c8 d3c8 d3c8 d3c8 d3c8 d3c8 d3c8 d3c8 d3c8 d3c8 d3c8 cbc8 cbc8 cbc8 cbc8 d3e8 d3c8 cbc8 cbc8 cbc8 cbc8 cbc8 cbc8 cbc8 cbc8 d3a8 d3a8 cba8 cba8 cbc8 cbc8 cbc8 cbc8 cba8 c3ca b3ab 40e2 28c3 3106 4169 59eb 5a0c 624c 20c5 0822 1062 5a69 6289 62aa 0001 0822 18c5 3127 3147 3947 38e6 5987 8227 cbcb dbe9 bb68 48e2 30e4 1863 0002 0022 0820 1820 bc4c cbc8 d385 ebe6 ebc5 f3c5 f3c4 f3c4 fbc3 fbc3 fbc3 fbe3 fbe3 fbe3 fbe3 fbe3 fbe3 fbe3 fbc3 fbe4 fbc4 fbc4 fbe4 fbe4 fbe3 f3c3 fbe3 fbe4 fbc3 fbc3 fbc3 fbe3 f3c3 fbc3 fbc3 fbe4 fbe4 fbc3 fbc3 fbe3 fbe3 fbe3 fbe3 fbe3 fbe3 f3e3 f3e3 ec22 f4a3 fd24 fd64 fd45 fcc4 ebe2 f3e3 f3e3 fbe3 f3e3 f3e3 f3e3 fbe3 f3c3 fbc3 fbe3 fbe3 fbe3 fbc3 fbe3 fbc3 fbe3 fbe3 fbc2 fbc2 fbc3 fbe3 fbe3 fbc3 fbc3 fbe4 f3e3 f3e3 f3e3 fbe3 fbe4 f3e5 e3a5 d365 cb87 c3a8 c3a8 c3a8 cba8 cba8 cba8 cba8 cbc8 cba7 cba7 cba7 cba8 cba8 cba8 c3a8 c3a7 c3a7 c3a7 cba8 cbc8 cba8 cbc8 cbc8 cba8 cba8 cbc8 cbc8 
93cc 93cc 93cd 9bcd 9bad 93ad 93ad 9bcd 93ad 938d 9bad 9bad 9b8d 9b8d 9b8d 9b8d 938c 938c 9bac 9bcd 9b8c 9b8c 9b8c a38c 9b6c 9b4c a36c a36c a36c a36c a36c a36c 9b6b 9b6b 9b6b 9b6b a36c a36b 9b4b a38c 9b6b 9b6b a38c a36c a38c a38c a3ac a38c 9b6a a38b a34a ab2a ab29 b34a b32a b32a ab2a ab0a b32a b32a b30a b30a b30b b30a b2e9 b309 b309 b30a bb0a baea baea bb0a b2e9 b2e9 b2ea bb0a bb0a baea bb0a bb0a b309 b309 b309 bb09 bb09 bb09 c349 c349 cba9 cbc9 d3c8 d3c8 d3c8 cba8 d3a8 d3c8 cba8 cba7 cbc7 cbc7 cba7 cba7 cbc8 cbc8 cba8 cba8 cbc8 cbc8 cba8 cba8 cbc8 cbc8 cbc7 cbc7 cbc7 cbe7 cbc7 cbc7 d3c8 d3c8 cba7 cbc7 cbc8 cbc8 cbc8 cbc8 cbc8 d3c8 cbc7 cbe7 cbe7 cbe7 cbc7 cbc7 cbc8 cbc8 cba7 cba7 cba7 cba7 cba7 cba7 cba7 cbc7 cba6 cba6 cbc7 cbc7 cbc7 cba7 cba8 cba8 cb87 cb87 cba7 cba7 cba8 cba8 cba8 cba7 c3a7 c3a6 c3a7 c3a7 cba7 cba7 cba7 cba7 c387 cb87 cba7 c3a8 bbaa a36b 2882 3106 3106 41a9 5a4b 5a6c 20c5 0022 0842 526a 5249 5a8a 0000 0022 18a5 3127 3128 3948 4148 622a 7208 8206 dc0a d3ca 9b09 3882 28a4 1043 0022 0820 2000 bc2c dc08 ebe6 ebe4 f3e3 f3e3 f3e3 f3c3 f3c4 f3c4 fbc4 f3a3 f3c3 f3c3 f3e3 fbe3 fbc4 fbc3 fbc3 f3c3 f3e3 f3e3 f3e3 fbc3 fbc3 fbe3 fbe3 f3c3 f3c3 fbe3 fbe4 fbc3 fbc3 fbc3 fbc3 f3c2 f3e2 f3e2 f3e3 f3e3 f3c3 fbc3 fbc3 f3c3 f3c3 f3e3 f424 f4a4 fd24 fd64 fda4 fd63 ecc2 ec62 f463 ec02 ec02 fc64 fc64 f403 f3e3 fbe3 fbc3 fbc3 fbc3 fbc4 fbc3 f3c3 f3c3 fbc3 fbc3 fbc3 fbc3 fbc3 fbc3 fba3 fbc3 fbc3 fbc3 fbc3 fbc3 f3c3 f3c3 f3c2 f3e3 ebe4 ebe5 d3a6 cb87 c387 c387 c367 c367 c387 c3a7 c3a7 c387 c387 c3a7 c387 c3a7 c3a7 c3a7 c3a7 c3a7 cba7 cba7 c3a7 c3a7 c3a7 c3a7 cba8 cba8 cba8 cba8 
a3ac abac ab8c ab8c abab b3ac abab ab8b ab8b ab8b b3ac ab6b ab8c ab8c ab8c ab8c a36b ab8c ab6b ab6b a34b ab4b ab4b ab4b ab2a b34b b32a b34a bb8b b34a ab2a b32a ab2a b36a b36a ab29 bb8b b34a b349 bbab b38a b38a b3ab b36a b3ab bbcb bbca b3aa bbca c3ea bb89 bb69 bb89 c389 bb69 b309 b309 b309 b309 b2e9 b2e9 b2e9 bb0a bb0a bb0a bb0a bb0a bb0a bb0a bb0a baea baea bb0a b309 b2e9 bae9 bae8 bb09 bae9 bb09 bb09 bb09 bb09 bb08 bb28 c369 c348 cbc9 cbc8 cbc8 cbe8 cbe8 cbe8 cbc8 cbc8 cbc8 cbc8 cbc7 cbc8 cbc8 cbc7 cbc7 cbc8 cbc8 cbc7 cbc7 cbc8 cbc8 cbc8 cbc8 d3e8 d3e8 d3c8 d3c8 d3e8 d3e8 cbc8 cbc8 d3c8 d3c8 cbc8 cbc8 cbc8 cbc8 cbc7 cbc8 cbc8 cbc8 cbc8 cbc8 cbc7 cbc7 cbc8 cbc8 cbc8 cba8 cba8 cba8 cba8 cba8 cbc8 cbc8 cba8 cba7 cba8 cba8 cbc7 cbc7 cba7 cbc7 cbc7 cba7 cbc8 cbc8 cbc8 cba8 cba8 cba8 cba8 cba8 cba8 cba8 cba7 cba7 cba8 cba8 cba7 cba7 c3a7 c3a7 cbc8 c3a8 c3c9 ab6a 5165 38e5 3927 49ca 5a2c 5a4c 20c5 0002 0021 3166 5249 5249 0021 1084 18a5 3127 3147 3948 622b 726d 7a4c 71a7 b308 cbea b328 6163 30c3 20e5 0022 0821 1020 6a25 dc6a ec05 f3c4 f3c3 f3c3 f3c3 f3c3 f3c3 f3c3 f3c3 f3c3 f3c3 f3c3 fbc3 fbc3 fbc3 f3e3 f3c3 f3c3 f3c3 f3c3 f3c3 f3c3 fbc3 fbc3 fbc3 f3c3 f3c3 fbc3 fbc3 fbc3 fbc3 fbc3 fbc3 fbc3 fbc3 fbc3 fbc3 fbc3 fbc3 f3c3 f3c3 f3c3 f3e3 f3e3 f423 fca4 ec62 f483 fca3 f483 ec22 f483 fcc4 f4e4 fd04 fd04 f483 f402 f3e3 f3c3 fbc3 f3c3 fbc3 fbc3 fbc3 fbe3 fbe3 f3c3 f3c3 fbc3 fbc3 fbc3 fbc3 fbc3 fbc3 fbc3 fbc3 f3c3 f3c3 f3c3 f3c3 f3c3 f3c3 f3c3 f3c4 ebc5 e3a6 dbc7 cb86 cb87 cb87 cb87 cba8 cba8 c3a8 c3a8 c3a8 c3a7 c3a7 c3a7 c3a7 c3a7 c3a7 c3c7 c3a7 cba7 cba8 cba8 cba8 cbc8 cba8 cba8 c3a7 
bbcb c3eb c3eb c3eb c3ea c3ca c3ea c3ea c3ea c3cb c40c b36a bbcb bb8b b34a b36a c3ec ab49 bb8a bbab b369 bbaa bb8a bb8a bb8a bb6a bb89 bb8a cbea bb89 bb69 bb8a bb89 cbca c3a9 c3a9 cbea c3a9 cbea cc0a c3a9 cbeb cc0b c3a9 c3ca cbea cbc9 cbe9 cbe9 cbe9 cbe9 cbe9 cbc9 cba9 cba9 c369 c369 c369 c36a c36a c36a c36a c349 bb09 bb09 bb09 bb09 bb0a bb0a bb0a bb0a bb0a bb09 b309 c36a c38a cb89 cb89 cb89 cb89 c389 c389 c368 c388 cba8 d3e9 cba8 cbe8 d3e8 d3e8 d3c8 cbc8 cbc8 cbc8 cbc8 cbc8 cbc8 cbc8 cbc8 cbc8 cbc8 cbc8 cbc8 cbe8 cbc8 cbc8 cbc8 cbc8 cbc8 cbc8 cbc8 cbc8 d3c8 d3c8 d3c8 d3c8 d3c8 d3c8 d3e8 cbc7 cbc8 d3c8 cbc8 cbc8 cbc7 d3e8 cbc8 d3c8 d3c8 d3c8 cbc8 cbc8 cbc8 cbc8 cbc8 cbc8 cbc8 cbc8 cbc8 cbc8 cbc8 cbc8 cbc8 cbc8 cbc8 cbc8 cbc8 cbc8 cba8 cbc8 cbc8 cbc8 cba8 cba8 cba7 cba8 cba7 cba7 cba7 cba8 cbc8 cbc8 cbc8 cba8 cbc8 cbc8 cbc7 cbc8 cbc8 cba8 cba8 cba8 cba8 bbca 8b0a 30c3 3927 4168 5a2c 624c 20a5 0002 0022 0842 4a09 5aab 1083 0823 2926 3127 3127 3928 620c 726d 724d 7a2b 71a6 a2c9 cc0b 92a7 40c3 30e5 1084 0822 0801 2840 d44a ec05 f3c3 fbc3 f3c3 f3e3 f3e3 f3e3 f3c3 f3c3 fbe4 f3e3 fbc3 fbc3 fbe4 fbe4 fbc3 f3c3 fbc4 fbc4 fbc4 fbc4 fbc4 fbc4 fbc3 fbc3 fbc3 fbc3 fbc3 fbc3 fbc3 fbc3 fbe3 f3c3 fbc3 fbc3 f3c3 f3c3 f3c3 f3e3 fbe3 fbe3 fbe3 fbe3 fbe3 f3c3 f3c3 fbe3 fbe2 f3c2 fbe3 f3c3 f3e2 f423 fce4 fce5 fc83 ebe2 f3e3 fbe3 f3e3 fbc3 fbc3 fbc3 fbe3 fbc3 fbc3 fbc3 fbc3 fbc3 f3c3 f3c3 f3c3 fbe3 f3c3 fbe3 fbe3 fbe3 fbc3 fbc3 fbc3 fbc3 fbc3 fbc3 fbc3 f3c3 f3c4 f3c5 f3e6 e3a6 e3a6 e3a6 dbc7 d3a7 cb87 cba8 cba8 cbc8 cba8 cba8 cba8 cba8 cba8 cba8 cba8 cba7 cba8 cba8 cbc8 cbc8 cbc7 cba7 cba7 cba7 
cbc9 cbc9 cbc9 cbc9 cbc9 cbc9 cbc9 cbc9 c3c9 cbc9 c3c9 c3c9 c3c9 c3c9 c3a9 c3ca c3c9 c3a9 cbc9 cbc9 cbc9 cbc9 cbc9 cba9 cba9 cbc9 cbc9 cbc9 cbc8 cbc9 cbc8 cbc9 cbc8 cbc8 cbc8 cbc8 cba8 cba8 cbc8 cbc8 cbc8 cba8 cbc8 cba8 cba9 cba9 cba8 cba8 cbc8 cbc8 cbc8 cbc8 cbe9 d3c9 cbc8 cba8 cbc8 cbc8 cbc9 cbc8 cba8 d3c9 cba9 cb89 cb89 cb8a c349 bb08 bb09 bb09 b309 b309 bb0a b2e9 bb2a c34a c349 c349 c368 c388 d3c9 d3c9 cbc8 cbc8 cbc8 cbc8 cbc7 cbc7 cbc7 cbc7 d3c8 d3c8 cbc8 cbc8 cba7 cba7 cba8 cba8 cbc7 cbc7 cba7 cba7 cbc7 cbc7 d3a7 d3a7 d3a7 d3a7 cbc7 cbc7 cbc7 cbc7 cbc8 cbc8 cbc7 cbc7 cbc8 cbc8 cbc8 cbc7 cbc8 cbc8 cbc8 cbc8 cbc8 cbc8 cba8 cba8 cbc7 cba7 cba8 cba8 cba7 cba7 cba7 cba7 cba7 cba7 cba7 cba7 cba7 cba7 cba7 cba7 cba8 cba8 cba7 cba8 cba8 cba7 c3a8 c3a8 cba8 cba8 c3a7 cba7 cba7 cba7 cba7 c387 c3a8 c3a8 c3a7 c3a7 c3a7 c3a7 c3a7 c3a7 cba7 c3a7 c3a7 c3a7 c3a8 bbca 8b0a 30a3 3947 3928 4189 5a2c 49c9 1043 0002 0022 1883 41a8 41e9 0802 20e6 3127 3107 4148 622c 726e 726d 724c 722b 6165 bbcb bbaa 69e6 3904 28e5 0822 0001 2040 cc4a dbe6 f3c4 fba3 f3c3 f3c3 f3c3 f3a3 f3c3 f3c3 f3c2 f3c3 f3c3 f3c3 fbc3 fbc3 fbc3 fbc3 fbc3 fbc3 fbc3 fbc3 fbc3 fbc3 fbc3 fbc3 fbc3 fbc3 fbc3 fbc3 fbc3 fbc3 f3c3 f3c3 f3c3 f3c3 f3c3 f3c3 f3c3 f3c3 f3c3 f3c3 fbc3 fbc3 f3a3 fbc3 f3c3 f3c3 fbc3 fbc3 fbc3 f3c3 f3e3 f3e3 f3c2 f3c3 f3c2 fbc3 fbc3 fbc3 fbc3 fbc3 f3c3 fbe3 fbc3 fbc3 fbc3 fbc3 fbc3 fbc3 fbc3 fbc3 fbc3 fbc3 fbc3 fbc3 fbc3 fbc3 fbc3 fbc3 fbc3 fbc3 fbc3 fbc3 fba3 fbc3 fba3 fba3 fbc4 f3c4 f3e4 f3e5 f3e5 ebc6 dba6 d366 cb66 cb67 cb87 cb87 cb87 cb87 cb66 cb66 cb87 cb87 cb87 cb87 cb86 cb86 d386 dba6 e3c6 e3c6 
cbe9 cbe9 cbe9 cbe9 cbe9 cbe9 cbe9 cbe9 d3e9 cbe9 cbe9 cbe9 cbe9 cbe9 d3e9 d3e9 d3e9 d3e8 d3c9 d3c9 d3c9 d3c8 d3e9 d3c9 cbc8 d3c8 cbc8 cbc8 cbc8 cbc8 cbc8 cbc8 d3c8 cbc8 d3c8 cbc8 cba8 d3c8 cbc8 cbc8 cbc8 cbc8 cbc8 cbc8 cbe8 cbe8 d3e8 cbe8 cbc8 cbe9 cbe8 cbe8 d3c8 d3e8 d3e8 d3e8 cbe8 cbe8 d3e8 d3e8 d3c8 d3e8 d3e8 d3e8 d3c8 d3c9 d3a9 cb89 c369 cbaa c349 bb2a bb09 b309 bb09 bb09 bb09 bb09 bb29 c349 cba9 cbca d3c9 d3c9 cbc9 d3c9 d3c9 cbc9 d3c8 d3c8 d3c8 d3e8 d3e8 d3e8 d3c8 d3c8 d3c8 d3c8 d3c8 d3c8 d3c8 d3c8 d3c8 d3c8 d3c8 d3c8 d3c8 d3c8 d3c8 d3c8 d3e8 d3e8 d3e8 d3e8 d3c8 d3c8 d3c8 d3c8 d3c8 d3c8 cbc8 cbc8 cbc8 cbc8 cbc8 cbc8 cbc8 cbc8 d3c8 cbc8 cbc8 cbc8 d3c8 d3e8 d3c8 cbc8 cbc8 cbc8 cbc8 cbc8 cbc8 cbc8 cbc8 cbc8 cbc8 cbc8 cbc8 cbc8 cbc8 cbc8 cbc8 cbc8 cbc8 cbc8 cbc8 cbc8 cbc8 cba8 cba8 cbc8 cba8 cba8 cba8 cbc8 cbc8 cbc8 cbc8 cbc8 cbc8 cbc8 cbc7 cbc7 cbc8 c3ea 9b29 3081 3106 3107 3907 4989 5a4c 1864 0022 0022 0822 28e6 41ea 0802 0822 2106 2906 3107 4989 6a4d 6a6d 724d 724c 69c9 8226 d48e 8aa8 38e2 28e4 0842 0001 1020 5900 d3c8 ebe5 fbc3 fbc3 fbc3 fbc3 fbe3 fbe3 fbe3 fbe3 fbe4 fbe4 fbe4 fbc3 fbe3 fbc3 fbc3 fbe3 fbe3 fbc3 fbc3 fbe3 fbe3 fbe3 fbe3 fbc3 fbc3 fbc3 fbc3 fbc3 fbc3 fbc3 fbc3 fbc4 fbc4 fbe3 fbe3 fbc3 fbc3 fbc3 fbc3 fbc3 fbc3 fbe3 fbe3 fbe3 fbe3 fbe3 fbc3 fbe3 fbe3 fbe3 fbe3 fbc3 fbe3 fbc3 fbe4 fbe3 fbc3 fbe3 fbc3 fbc3 fbc3 fbe3 fbe3 fbc3 fbc3 fbc3 fbc3 fbc3 fbc3 fbc3 fbc3 fbc3 fbc3 fbc3 fbc3 fbc3 fbc3 fbc3 fbe3 fbc3 fbc3 fbc3 fbe3 fbc3 fbc3 fbe3 fbe3 fbe3 fbc4 fbe4 f3c4 f3e5 eba5 ebc6 ebc6 ebc6 ebc6 ebc6 ebc6 ebc6 ebc6 ebc5 ebc5 ebc6 ebc6 ebc6 f3e6 f3c5 f3c5 f3e4 fbe4 
cbc8 cbc8 cbc8 cbc8 cbc8 cbc8 cbc8 cbc8 cbc8 cbc8 cbc8 cbc8 cbc8 cbc8 cbc8 cbc8 cbc8 cbc8 cbc8 cbc8 cbc8 cbc8 cbc8 cba8 cba8 cba8 cba8 cba8 cba8 cba8 cba8 cba8 cbc8 cbc8 cbc8 cbc8 cbc8 cbc8 cbc8 cba8 cba8 cbc8 cbc8 cbc8 cbc8 cba8 cbc8 cbc8 cbc8 cba8 cba8 cba8 cba8 cbc8 cba8 cbc8 cbc8 cba8 cba8 cba8 cba8 cba8 cba8 cba8 cba8 cba8 cba8 cb88 cba8 cba9 bb48 c3aa bb28 c38a bb08 c36a bb09 bb09 bb09 bb29 bb08 bb29 bb29 bb28 bb28 bb08 bb28 bb28 bb27 cba9 cbc8 d3c8 cbc7 cbc7 d3a7 cba7 d3a7 d3a7 cbc7 cbc7 cbc7 cbc7 cbc8 cbc8 cbc8 cbc8 cbc8 cbc7 d3a7 cba7 cba7 cbc7 cbc7 cbc7 cba7 cba7 cbc7 cbc7 cbc7 cba7 cba7 cba7 cba7 cba7 cba8 cba8 cbc7 cbc8 cbc7 cba7 cba7 cba7 cba7 cba7 cba7 cba7 cba7 cba7 cba7 cba7 cba8 cba8 cba8 cba8 cba7 cba7 cba8 cba8 c3a8 c3a8 cba8 cba8 cba8 cba8 c3a7 c3a7 cba7 cba7 cba7 cba8 cba7 cba7 cba7 cba7 cba8 cba8 cba7 cba7 cba7 cba7 d387 d386 cb66 cb87 b348 7205 30a2 3106 3106 49a9 5a6c 1885 0002 0002 0802 20e6 41ea 0002 0002 0843 2906 3107 3927 624c 726d 724d 724d 7a4b 7a28 a34c 82a9 38c3 28e5 1063 0002 1000 3840 cbe9 ebe5 f3c3 fbc3 fba3 fbc3 fba3 fbc3 fbc3 f3a3 f3c3 fbc3 fbc3 fbc3 fbc3 fbc3 fbc3 fbc3 fbc3 fba3 fba3 fbc3 fbc3 fbc3 fbc3 fbc2 fbc3 fbc2 fbc2 fbc3 fbc3 fbc3 fbc3 fba3 fbc3 fbc3 fbc2 fbc3 fbc3 fbc3 fbc3 fbc3 fbc3 f3c3 fbc3 fbc3 fbc3 fbc3 fbc3 fbc3 fba3 fbc3 fbc3 fbc3 fbe3 fbc3 fbc3 f3c3 f3c3 fbc3 fbc3 fbc3 fbc3 fbc3 fbc3 fbc3 fbc3 fbc3 fbc3 fbc3 fbc3 fbc3 fbc3 fbc3 fbc3 fbc3 fbc3 fbc3 fbc3 fbc3 fbc3 fbc3 fbc3 f3c3 f3c3 f3c3 fbc3 fbc3 fbc3 fbc3 fbc3 fbc3 fbc3 fbc3 f3c4 f3c4 f3c4 fbc4 fbc3 fbc4 fbc3 f3c3 fbc3 fbc3 fbc3 fbe4 fbc3 fbc3 fbc3 fbc3 fbc3 fbc3 fbc3 
cbc9 cbc9 cbe9 cbe9 cbe8 cbc8 cbc8 cbe8 cbc8 cbc8 cbc8 cbc8 d3c8 cbc8 cbc8 cbc8 cbc8 d3c8 cbc8 cbc8 cbc8 cbc8 cbc8 cbc8 cba8 cbc8 cba8 cbc8 cbc8 cba8 cbc8 cbc8 cbc8 cbc8 cbc8 cbc8 cbc8 cba8 cba8 cba8 cbc8 cbc8 cbc8 cbc8 d3c8 d3c8 cbc8 cbc8 cbc8 cbc8 d3c8 cbc8 d3c8 d3c8 cbc8 cbc8 cbc7 cbc7 d3c8 cbc8 cbc8 d3c8 d3c8 d3c8 cbc8 cbc8 cbc8 cbc8 cbc8 cbc9 cbc9 cbc9 cbc8 cbc9 cbc8 cbc9 cbc9 cba9 bb48 c36a bb08 bae8 bae8 bae8 b2e8 b2e8 b2e8 b2e8 b308 bb27 c347 d3e9 d3c8 cbc8 d3e8 d3c8 d3c8 d3c8 d3c8 d3c8 d3c8 d3c8 d3c8 d3c8 d3c8 d3c8 d3c8 d3c8 d3c8 d3c8 d3c8 d3c8 cbc8 cbc8 cbc8 cbc8 cbc8 cbc8 cbc8 cbc8 cbc8 cbc8 cbc8 cbc8 cbc8 cbc8 cba8 cba8 cbc7 cbc8 cbc8 cbc8 cba8 cba8 cbc8 cbc8 cba8 cbc8 cbc8 cbc8 cbc8 cbc8 cbc8 cbc8 cbc8 cbc8 cbc8 cba8 cba7 cba8 cba8 cba8 cba8 cba8 cba7 d3a7 d386 d386 d386 d386 d386 d386 d386 d386 d387 d387 d386 d386 d386 e3e7 f406 f406 f406 ec06 dbe7 a2e6 3081 3126 3126 4188 5a8c 1884 0002 0822 20e5 20c5 3167 0002 0002 0843 20e5 3127 3127 4168 6a6d 724d 724d 7a4c 7a2a 8a8a 9b2b 4903 28c4 1884 0022 1000 40a0 cc2a ec06 f3c3 fbc3 fbc3 f3c3 f3c3 fbc3 fbc3 fbc3 fbc3 fbc3 fbc3 fbc3 fbc3 fbe3 fbe3 fbc3 fbc3 fbc3 fbc3 fbe3 fbe3 fbe3 fbe3 fbe3 fbe3 fbc3 fbc3 fbc3 fbc3 fbc3 fbc3 f3c3 f3c3 fbc3 fbc3 fbe3 fbe3 fbe3 fbe3 fbe3 fbc3 fbc3 fbe3 fbe3 fbe3 fbc3 fbc3 fbe3 fbc3 fbe3 fbe3 f3c3 fbe3 fbe3 fbc3 fbc3 fbc3 fbc3 fbc3 fbc3 fbc3 fbc3 fbc3 fbc3 fbc3 fbc3 fbc3 fbc3 fbc3 fbc3 fbc3 fbc3 fbc3 fbc3 fbc3 fbc3 fbc3 fbc3 fbc3 f3c3 f3c3 fbe3 fbc3 fbc3 fbc3 fbc3 fbc3 fbc3 fbc3 fbc3 fbc3 fbc3 fbc3 fbc3 fbc3 fbc3 fbc3 fbc3 fbc3 fbe3 fbe3 f3c3 fbc3 fbc3 fbc3 fbc3 fbc3 fbc3 fbc3 fbc3 fbc3 
cbc9 d3c9 d3c9 d3c9 cbc9 cbc9 cbc8 cbc8 d3c8 d3e8 d3c9 d3c9 d3c8 d3c8 cbe8 cbc8 d3e9 d3c8 d3c9 d3c9 d3c8 d3c8 cbc8 cbc8 cba8 cba8 cbc8 cbc8 cbc8 cbc8 cbc8 cbc8 d3c8 d3c8 cba8 cba8 d3a8 d3a8 cbc8 cbc8 d3c8 d3c8 cbc8 cbc8 cbc8 cbc8 cbc8 cba8 cbc8 cba8 cba8 cba8 cba8 d3c8 cbc8 cbc8 d3c8 cbc8 cbc8 cbc8 cbc8 cbc8 cbc8 cba8 cba8 cbc8 cba8 cba8 cbc8 cbc8 cba8 cbc8 cbe9 cbc8 cbc8 cbc8 cbc8 d3c8 cba8 cba9 d3a9 cb89 cb89 cb89 cb89 cb89 cb89 cb89 cb89 cba9 cbc9 d3c8 d3c8 cbc8 cbc8 cba7 cbc8 cbc8 cba8 cba8 d3c8 d3c8 d3c8 d3c8 d3c8 d3c8 cba8 cba8 cbc8 cbc8 cbc7 d3a7 cbc8 cbc8 cbc8 cba8 cbc8 cbc8 cbc8 cbc8 cbc8 cbc8 cbc8 cbc8 cbc7 cbc7 cba8 cba7 cbc7 cbc7 cbc7 cbc7 cba8 cba8 cbc8 cbc8 cba8 cba8 cba7 cba7 cba7 cba7 cba7 cba7 d3a8 d387 d387 d387 d366 d366 d386 d366 d386 d386 d385 e3e6 ebe6 ebe6 ebe6 ebe6 ebe6 f3e6 ebe6 ebe6 ebe6 ebe6 ebe6 ebe6 ebe5 f405 f3e4 f3e4 f3e4 ebe5 dbc6 aae5 4082 3907 3907 3907 520a 1864 0002 0822 41a8 2083 2082 2082 0801 0802 1023 2907 3147 3107 51cb 6a4d 726d 724c 722a 8aa9 d48e 8246 38a3 28c5 18c5 20a3 2040 71e4 dbe8 ebc5 f3c4 fbc3 f3c3 f3c3 f3c3 f3c3 fbc3 fbc3 fbc3 fbc3 fbc3 fbc3 fbc3 fbc3 fbe3 fbc3 fbc3 fbc3 f3c3 f3c3 f3e3 f3e3 fbe3 fbe3 fbc2 fbc2 fbe3 fbe3 fbc3 fbc3 fbc3 fbc3 fbc3 fbc3 fbc3 fbc3 fbe3 fbe3 fbe3 fbe3 fbc3 fbc2 fbc2 fbc2 fbc2 fbc2 fbc3 fbc3 fbc2 fbe3 f3e3 fbe3 fbc3 fbc3 fbe3 fbe3 f3e3 f3c3 fbe3 fbe3 f3e3 fbe3 fbc3 fbc3 fbc3 fbc3 fbc3 fbc3 fbc3 fbc3 fbc3 fbc3 fbc3 fbc3 fbc3 fbc3 fbc3 fbc3 fbc3 fbc4 fbc3 fbc3 fbc3 fbe3 fbc3 fbc3 fbe3 fbc3 fbc3 fbc3 fbc3 fbc3 fbe3 fbc3 fbc3 fbc3 fbc3 fbc3 fbe3 fbe3 fbc3 fbc3 fbe3 fbc3 fbc3 fbc2 fbc3 fbc3 fbc3 fbc3 
c3c8 c3c8 cbc8 cbc8 cbc8 cbc8 cbc8 cbc8 cba8 cba8 cba8 cba8 cba8 cba8 cba8 cba8 c3a7 cba8 cba8 cba8 cba8 cba8 cba8 cba8 cb87 cb87 cba8 cba8 cb88 cba8 cba8 cb88 c387 c3a7 cba7 cba7 cba7 cba8 cba8 cba8 cba7 cba7 cba8 cba8 cba7 cba7 cba8 cba8 cba7 c3a7 cba7 cba7 cba7 cba8 cba8 cba8 cb88 cb88 cba7 cba8 cba8 cba8 cba8 cba8 c3a7 cba7 cba7 cba7 cba8 cba8 cba8 cba8 cba7 cba7 cba8 cba8 d3a8 d3a8 d3c8 d3c8 cba7 cba7 d3a7 d3c8 d3a7 d3a7 d3c8 d3c8 cba8 cba8 cba8 cba8 cba8 cba8 cbc8 cbc8 cbc7 c3a7 cbc7 cbc7 cbc7 cbc7 d3c8 cbc8 cba7 cbc8 cbc8 cbc8 cbc7 cba7 d3a7 d3c7 cbc6 cbc6 cbc7 cba7 cba7 cba8 cba8 cba8 cb87 cba7 cba8 cba8 cba8 cba8 cba8 cbc8 c3a7 c3a7 c3c7 cbc7 cba7 cba7 cba7 cba7 cb86 d386 dbc6 e3c7 db86 ec08 e3c6 db85 e3e5 e3e5 f3e5 f3e5 f3e5 f3e6 f3e6 f406 f3e5 f3e5 f3e5 fbe5 fbe5 fbe5 fbc4 fbe4 f3e3 f3e3 f3e3 f3e3 f3e3 f3c4 fbe4 fbe4 f3c3 f3c3 f3c3 f3e3 f3e3 f3e4 ebe4 dbe7 7a65 30c2 3105 3106 2906 1023 2926 2063 59a6 92c9 c3ab ab29 4923 1821 1043 2106 2927 3147 3126 5a0b 6a4d 722c 724b 71e8 a2e8 d44d 8a87 4923 28c5 1864 1002 2040 5941 bb67 ebe5 f3a3 fbc3 fbc3 fbc3 fbc3 f3c3 f3a3 fbc3 fbc3 fbc3 fbc3 fbc3 fbe3 f3c2 f3e2 f3e2 f3e2 f3e2 f3e3 f3c3 fbe3 f3c2 f3c2 f3c2 fbe3 fbc3 fbc3 fbc3 fbc3 f3c2 f3c2 f3e2 f3c2 fbe3 fbc3 fbe3 fbc3 fbc2 fba2 fbc3 fbc3 fbc3 fbc3 fbe3 fbc3 f3c2 f3c2 f3e3 fbe3 fbc3 fbc3 fbc3 fbc3 f3a2 f3c2 f3c2 fbe3 fbc3 fbc3 fbc3 fbc3 f3c2 f3c2 f3c2 fbc2 fbc3 fbc3 f3c3 fbc3 f3a2 f3a2 fbc2 fbc3 fbc3 fbc3 fbc3 fbc3 f3c2 f3c2 f3c2 f3c3 fbc3 fbc3 fbc3 fbc3 f3a3 f3c3 fbc3 fbc3 fbc3 fbc3 fbc3 fbc3 f3c2 f3c2 f3c3 f3c3 f3c3 fbc3 fbc3 fbc3 f3a2 f3a2 fbc3 fba3 fba3 fbc2 f3c2 f3e2 
d3e9 d3e9 cbe9 cbe9 cbe9 cbe9 cbe9 cbe9 d3e8 d3e8 d3e9 d3e9 d3e9 d3e9 d3e9 d3e9 d3e9 cbe9 d3c9 d3c9 d3c9 d3c9 cbc8 cbc8 cbe8 cbc8 cbc8 cbc8 cbc8 cbc8 cbc8 cbc8 cbc8 cbc8 cbc8 cbc8 cbc8 cbc8 cbc8 cbc8 d3e8 d3e8 d3e8 d3e8 d3e8 d3e8 d3e8 d3e8 cbe8 cbe8 d3c8 d3c8 d3c8 d3c8 d3c8 d3c8 d3c8 d3c8 d3c8 d3c8 d3c8 d3c8 d3e8 d3e8 d3e8 d3e8 d3e8 d3e8 d3c8 d3c8 d3c8 d3e8 d3c8 d3c8 d3e8 d3c8 d3c8 d3c8 d3c8 d3c8 d3c8 d3c8 d3c8 d3c8 d3c8 d3c8 d3c8 d3c8 d3c8 d3c8 d3c8 d3c8 d3e8 d3e8 d3e8 d3e8 cbe8 cbe8 cbe8 cbc8 d3e8 d3c8 d3e8 d3c8 d3e8 d3c8 cbc8 cbc8 d3c8 d3c8 d3c8 d3c8 cbc7 cbc7 cbc7 cbc7 d3c8 d3c8 d3c8 d3c8 cbc8 cbc8 cbc8 cbe8 cbc8 cbc8 cbc7 cbc7 d3c8 d3c8 d3c7 d3a7 d3a6 dba6 db85 dba5 dba5 ec06 f406 f3e5 f3e5 f3e5 f3e5 f3e5 fc05 f3e4 fbe4 fbe4 fbe3 fbe4 fbe3 fbe4 f3e3 fbe4 fbe4 fbc4 fbc4 fbc4 fbe4 fbe4 fbe4 fbe3 fbe3 fbe3 fbe4 fbe4 fbe4 fbe4 fbe3 fbe3 fbe4 fbe4 fbe4 fbe4 f3e4 e3e7 8a86 30a2 3105 2907 2906 0822 2906 3105 40e4 9ac9 b307 cba9 b329 5103 1821 1043 20e6 3107 3107 38e6 6a6d 6a4d 6a4c 722a 9267 bb8a c40c 6184 3104 0802 0022 0802 1800 5122 b306 e3c7 f3e5 fbe3 fbe3 fbe3 fbe3 fbc3 fbc3 fbc3 fbe3 fbc3 f3c2 f3c2 fbe3 fbe3 fbe3 fbe3 fbc3 fbc3 fbc3 fbc3 fbe3 fbe3 fbe3 fbe3 fbc3 fbc3 fbc3 fbc3 fbe3 fbc3 fbe3 fbc3 fbc3 fbc3 fbe3 fbe3 fbe3 fbe3 fbc3 fbe3 fbc3 fbe3 fbe3 fbe3 fbe2 fbe2 fbe3 fbc2 fbe2 fbe2 fbe3 fbe3 fbe2 fbe3 fbe3 fbe3 fbe3 fbe3 fbc3 fbc3 fbe3 fbe3 fbe3 fbe3 fbe3 fbe3 fbe3 fbe3 fbe3 fbe3 fbe3 fbe3 fbe3 fbe3 fbe3 fbe3 fbe3 fbe3 fbe3 fbe3 fbc3 fbc3 fbc3 fbe3 fbe3 fbe3 fbe3 fbe3 fbe3 fbc3 fbe3 fbe3 fbe3 fbe3 fbc3 fbc3 fbe3 fbe3 fbe3 fbe3 fbe3 fbe3 f3e3 f3e2 f463 eca3 ecc3 f504 
cbc9 cbc9 cbc8 cbc8 cbc8 cbc8 cbc8 cbc8 cbc8 cbc8 cbc8 cbc8 cba8 cba8 cba8 cba8 cba8 cba8 cbc8 cbc8 cbc8 cbc8 cba8 cba8 cba7 cba7 cba7 cbc8 cba8 cba8 cba8 cba8 cba8 cba8 cba8 cba8 cba8 cba8 cba8 cba8 cba8 cba8 cba8 cba8 cba8 cba7 cba7 cba7 cba7 cba7 cba7 cba7 cba7 cba7 cba7 cbc7 cba7 cba7 cba7 cba7 cba7 cba7 cba7 cba7 cba8 cba8 cba8 cba8 cba8 cba8 cba8 cba8 cbc8 cbc8 cbc8 cbc8 cbc7 cbc7 cbc7 cbc7 cba8 cba8 cba8 cba8 cba8 cba8 cba8 cba8 cba7 cba7 cbc7 cba7 cba7 cba7 cba7 cba7 cba7 cba7 cbc7 cba7 d3a7 d3a7 d3a7 d3a7 d3a8 cba7 cba7 cba7 cba7 cba7 cba8 cba7 cba7 cba7 cba7 cba8 cba8 cba8 cba7 cba7 cba7 cb87 cba7 cbc7 cba7 d3a6 d3a6 dba6 dba6 dba5 dba5 ebc6 f3e5 f3e5 f3e5 f3e5 f3e4 fbe5 fbe4 fbe4 fbc4 fbe4 fbe3 fbe3 fbc3 fbc4 fbe3 fbe3 fbc3 fbc3 fbc3 fbe3 fbc4 fbc3 fbc4 fbc3 fbc3 fbc3 fbc3 fbc3 f3c3 fbc3 fbc3 fbc3 f3c3 f3c3 f3c3 f3c3 f3c3 f3c3 fbc3 fbc3 fbc3 fbc3 f3c3 e3c5 a2c6 48c2 38e4 3107 2926 0823 2906 3127 4106 722a 7a07 9226 d3ca bb49 5944 1800 1863 28e6 3127 30e7 518a 6a4c 724c 826a bbab dc8d 92a8 4903 20a3 0842 0022 0022 0822 1021 40c1 9264 ec27 f3e4 fbe3 f3c3 fbc3 fbc3 f3c2 fbc3 f3c3 f3c3 fbc2 fbc2 fbc2 fbc2 fbc2 fbc2 fbc3 fbc3 fbc3 fbc3 fbc3 fbc3 fbc2 fbc2 fbc3 fbc3 fbc3 fbc3 fbe3 fbe3 fbe3 fbe3 fbc3 fbc3 fbc3 fbc3 fbe3 fbc3 fbe3 fbe2 f402 f422 f422 f422 f441 f441 f442 f442 f422 f422 f422 f402 f3e2 f3c2 f3c2 f3c3 fbc3 fbc3 fbc3 fbc3 fbc3 fbc3 fbc3 fbc3 fbc2 fbc3 fbc2 fbc2 fbc3 fbc3 fbc3 fbc3 fbc3 fbc3 fbc3 f3c2 fbc3 fbc3 fbc3 fbc3 fbc3 fbc3 fbc3 fbc3 fbe3 fbc2 fbc2 fbc2 f3c2 f3c2 fbe3 fbc3 fbc3 fbc3 f3c3 fbc3 fbc3 fbc3 fbc3 fbc3 f3c3 f3e2 ec63 e4c2 fe66 fea6 fe66 f5c4 
cbe9 cbe9 cbe9 cbe9 cbe9 cbe9 cbe9 cbe8 cbc8 cbc8 cbc8 cbc8 d3c8 cbc8 cbc8 cbc8 d3c8 d3c8 d3c8 cbc8 cbc8 cbc8 cbc8 cbc8 cbc8 cbc8 cbc8 cbc8 cbc8 cbc8 cbc8 cbc8 cbc8 cbc8 cbc8 cbc8 cbc8 cbc8 cbc8 cbc8 cbc8 cbc8 cbc8 cbc8 cbc8 cbc8 d3c8 d3e8 d3c8 d3c8 d3c8 d3c8 d3c8 d3c8 d3c8 d3c8 d3c8 d3c8 d3c8 d3c8 d3c8 d3c8 d3c8 d3c8 d3c8 d3c8 d3c8 cbc8 cbc8 d3c8 d3c8 d3c8 d3c8 d3c8 d3c8 d3c8 d3c8 d3c8 d3c8 d3c8 cbc7 cbc7 cbc8 cbc8 cbc8 cbc8 cbc8 cbc8 cbc8 cbc8 cbc8 cbc8 d3c8 d3e8 d3e8 d3c8 cbc8 d3c8 d3c8 d3c8 d3c8 d3c8 d3c8 d3c8 d3c8 d3c8 d3c8 d3c8 d3c8 d3c8 d3c8 d3c8 d3c8 d3c8 cbc8 cbc8 cbc8 cbc8 cbc8 cbc8 cbc7 d3a7 d3a7 d3a6 dbc6 e3c5 ebe5 f3e5 f3e5 f3e5 fbe5 fbe4 fbe4 fbe4 fbe4 fbe4 fbe4 fbe4 fbe4 fbe4 fbe4 fbe4 fbc3 fbe3 fbe4 fbe4 fbe3 fbe3 fbe4 fbe4 fbe4 fbe4 fbe4 fbe4 fbe3 fbe3 fbe3 fbe3 fbe3 fbe3 fbe3 fbe3 fbe4 fbe4 fbe3 fbe3 fbe3 fbe3 fbe3 fbe3 fbe3 fbe3 fbe3 fbe3 f3c2 ebc4 dc08 8204 40e4 3927 3127 1043 2906 3126 38e6 6a4b 720a 6125 9a46 c3ab 9ae9 3040 1001 1064 2927 3107 3107 6a6d 59e9 61e7 92c8 bc0d 8aea 38e3 0821 0022 0022 0022 0022 0801 2840 8203 ec27 f3e3 fbc3 fbe3 fbc3 fbe3 fbe3 fbe3 fbe3 fbe3 fbe3 fbe3 fbe3 fbe3 fbe2 fbe2 fbe3 fbe3 fbc3 fbc3 fbe2 fbc2 fbc2 fbc2 fbc3 fbc3 fbc3 fbc3 fbc3 fbe3 fbe2 fbe2 fbc3 fbe3 fbe3 f3e3 fbe3 fbe2 f3e2 f422 f482 fd23 fd63 f522 fd43 fd23 fd23 fd23 fd43 fd23 fd23 fce2 f482 f442 f442 f422 fc22 fbe2 fbe3 fbc3 fbe3 fbc3 fbe3 fbe3 fbc3 fbc3 fbc3 fbc3 fbe3 fbe3 fbe3 fbe3 fbe3 fbe3 fbe3 fbc3 fbe2 fbe3 fbe3 fbe3 fbe3 fbe3 fbe3 fbc3 fbe3 fbe3 fbe3 fc23 f443 f443 fc43 f3e2 fbe3 fbe3 fbe3 fbe3 fbe3 fbe3 fbe3 fbe3 fbe3 f423 fd46 fda6 f5e6 fdc5 fd45 e442 
cbc8 cbc8 cbc8 cbc8 cbc8 cbc8 cbc8 cbc8 cbc8 cbc8 cbc8 cbc8 cbc8 cbc8 cbc8 cbc8 cbc8 cbc8 cbc8 cbc8 cbc8 cbc8 cbc8 cba8 cba8 cba8 cba8 cba8 cba8 cba8 cba8 cba8 cbc8 cbc8 cbc8 cbc8 cbc8 cba8 cba8 cba8 cbc8 cbc8 cbc8 cbc8 cbc8 cbc8 cba7 cba7 cba7 cba7 cba8 cba8 cbc8 cbc8 cbc7 cbc7 cba7 cba7 cbc7 cbc7 cbc8 cbc8 cba8 cba8 cba8 cba8 cbc8 cbc8 cbc8 cbc8 cbc8 cbc8 cba8 cba8 cba7 cba7 cba8 cba8 cba8 cba8 cba8 cba8 cba8 cba8 cba8 cba8 cbc8 cbc8 cba8 cbc8 cbc8 cbc8 cbc8 cbc8 cbc8 cbc8 cbc8 cbc8 cbc7 cbc7 cbc7 cbc8 cbc8 cbc8 cbc8 cbc7 cbc7 cbc7 cbc8 cbc8 cba8 cba8 cba8 cba8 cbc8 cba8 cba7 d3a7 dbc7 dbc7 e3c6 e3a6 e3a5 ebe6 f405 f3e5 f3e4 fbe4 fbe4 fbc3 fbe4 fbe4 fbe4 fbe3 f3e3 fbe4 f3c3 fbe3 fbc3 fbc3 fbc3 f3c3 f3c3 fbe3 f3c3 f3c3 fbe3 fbe3 f3e3 fbe3 fbe3 fbe3 fbe3 f3e3 f3e3 f3c3 f3c3 f3c3 f3c3 f3e3 f3c3 f3c3 f3c3 f3c3 f3e3 f3e3 f3c3 f3c3 f3c3 f3c3 f3c3 f3c3 f3c3 f3c3 f3e3 ebc4 e3e8 8a04 40c3 3927 3127 1023 1884 49ea 51ea 4988 6a6c 4106 3081 69e5 bbcb 92a7 30a1 1001 28e6 2907 3127 4188 41a8 2062 3060 82a9 82ca 2882 0821 0022 0023 0823 0822 2040 71c3 dc09 ebc4 f3c3 f3c3 fbe3 fbe3 fbe3 fbe3 fbe3 fbe3 fbe3 f3c3 fbc3 fbc3 fbc3 fbc3 fbc3 fbc3 fbc3 fbc3 fbc3 fbc3 fbc3 fbc3 fbc3 fbc3 fbc3 fbc3 fbe3 fbc3 fbc3 fbe3 fbe3 f3e3 f402 f483 f482 f482 f482 f4a2 ecc1 ed42 fe44 fe44 f5e2 ed81 f561 f541 f541 f541 fd22 fd22 fd22 fd22 fd23 fd43 fd23 fd03 f462 f402 fbe2 fbe2 fbe3 fbe3 fbe3 f3c3 f3c3 fbc3 fbc3 f3c2 fbc3 fbc2 fbc2 fbc2 fbc2 fbe3 fbe3 fbc2 fbc2 fba2 fbc2 fbc2 fbc2 fbc2 fbc3 fbc3 fbe3 f3e2 fc83 fd04 fd05 fd05 f463 f402 f3e2 fbe3 fbe3 fbc3 fbc3 fbe3 fbc3 fbe3 f3e3 f402 ec02 ec02 f402 f402 f402 
cbc8 cbc8 cbc8 cbc8 cbc8 cbc8 cbc8 cbc8 cbc8 cbc8 cbc8 cbc8 cbc8 cba8 cba8 cba8 cba8 cba8 cbc8 cbc8 cbc8 cbc8 cbc8 cba8 cba8 cba8 cba8 cba8 cbc8 cba8 cba8 cba8 cba8 cbc8 cba8 cba8 cba8 cba8 cba7 cbc8 cba7 cba7 cba7 cba7 cba7 cba8 cba8 cba8 cba8 cba8 cbc8 cbc8 cbc8 cbc8 cbc8 cbc8 cbc7 cbc7 cbc7 cba7 cba8 cba8 cba8 cba8 cba7 cbc7 cbc7 cbc7 cba8 cba8 cba8 cbc8 cba8 cba8 d3a8 d3a8 cba8 cba8 d3a8 cba8 cba8 cba8 cba8 cba8 cba8 cba8 cba8 cba8 cba7 cba7 cba7 cba8 cba8 cba8 cba8 d3a7 d3c7 d3a7 d3a6 d3a7 d3a7 d3a7 cba7 cb87 cba7 cba7 cba7 cba7 cba7 cba7 d3a6 d3a6 d3a7 d387 d3a7 d386 dba6 e3a5 ebc5 f3e5 f3e4 fbe4 f3e4 fbe4 fbe4 fbe4 fbe4 f3c4 f3e3 f3e3 f3e3 f3e3 fbc3 fbc3 fbc3 fbe4 fbe3 fbe3 fbe3 fbc3 fbc3 fbe3 fbe3 fbe3 fbc3 fbc3 f3c3 fbe3 fbe3 fbe3 f3c3 fbe3 f3c3 f3e3 f3e3 f3e3 f3e3 f3e3 fbe3 fbe3 fbe3 fbe3 fbe3 f3e3 fbe3 fbe3 fbe3 fbe3 fbe3 fbe3 fbe3 f3c3 f3c3 f3c3 f3e3 f3c4 ebe6 b2c6 5924 4126 30e6 3948 28e6 41a8 4147 30c5 3126 20a4 0801 1800 6162 bc0d 8aa9 3061 1842 2927 3127 3148 2926 0822 1000 6a8a 72ca 1841 0801 0002 0822 1021 2840 7a04 dbc7 f3c4 f3c3 fbe3 fbe3 f3c3 f3e3 f3c3 f3e3 f3c3 f3e3 f403 f402 f402 f402 f402 fbe2 fbe2 fbe2 fbe2 fbe2 fbe2 f3e2 f3e2 f3e2 f3e2 f3e2 f3e2 fbc2 fbc2 f3e2 f3e2 fbe2 f3e2 f402 f422 fd44 fd84 fda3 fda3 f5a3 fe03 fe83 fee4 ff04 ff04 f6c3 fec3 fe83 fe22 ed81 f561 fd41 fd41 fd41 fd41 f562 fd42 f522 fd03 ec21 f3e2 f3e2 fbc2 fbc2 fbc2 fbc2 fbc3 fbc3 fbc3 fbc3 fbc3 fbc3 fbc3 fbc3 fbc3 fbc3 fbe3 fbe3 fbe3 f3e2 f3e2 f3e2 fbe2 f3c2 fbe2 fbe3 fbe2 fbe2 fc22 f463 f463 f463 f443 f403 f3c2 fbc3 fbc3 fbc3 fbe3 fbe3 fbe3 fbe2 f3e2 fbe2 fbc3 fbe3 fbe3 fbe3 fbe3 
cbc8 cbc8 cbe9 cbe9 cbe8 cbc8 d3e8 d3e8 d3c8 d3c8 d3c8 d3c8 cbc8 cbc8 cbc8 cbc8 cbc8 cbc8 cbc8 cbc8 cbc8 cbc8 cbc8 cbc8 cbc8 cbc8 cbc8 cbc8 cbc8 cbc8 cbc8 cbc8 cbc8 cbc8 cbc8 cbc8 cbc8 cbc8 cbc8 cbc8 cbc8 cbc8 cbc8 cbc8 cbc8 cbc8 cbc8 cbc8 cbc8 cbc8 cbc8 cbc8 cbc8 cbe8 cbe8 cbe8 cbc8 cbc8 d3c8 d3c8 d3c8 cbc8 cbc8 cbc8 d3c8 d3c8 d3c8 d3c8 d3c8 d3c8 d3c8 cbc8 d3c8 d3c8 d3c8 d3c8 d3c8 d3c8 d3c8 d3c8 cbc8 cbc8 cbc8 cbc8 cbc8 cbc8 cbc8 cbc8 cbc8 cbc8 cba8 cbc8 d3c8 cbc8 d3c8 d3c7 dc08 e3e7 e407 e3e7 e406 e3e6 e3c6 ebe6 e3c6 e3c6 e3c6 e3c6 e3c6 e3c6 e3c6 e3c6 e3a5 e3a5 e3c5 ebc5 f405 f3e5 f3e4 fbe4 fbe4 fbe3 fbe3 fbe4 fbe4 fbe4 f3e4 f3e4 fbe4 fbe4 fbe4 fbe3 fbe3 fbe3 fbe3 fbe3 fbe3 fbe3 fbe4 fbe3 f3e3 f3c3 fbe3 fbe3 fbc3 fbe3 fbe3 fbe3 fbe4 fbe4 fbe3 fbe3 fbe3 fbe3 fbe3 fbe3 fbe3 fbe3 fbe3 fbe3 fbe3 fbe3 fbc3 fbc3 fbc3 fbc3 fbc3 fbc3 fbc3 fbc3 fbc3 fbc3 fbc3 fbc3 fbe3 f3c3 f3e5 dc08 71e5 4105 3106 3968 1884 3947 30e5 a453 20c4 1083 0001 0800 1800 7a67 bbeb 8a67 2861 20a4 3126 2906 0843 0822 0802 2925 3125 0821 0021 0022 0821 1820 8224 dbc8 f3e5 fbc3 fbc3 fbc3 fbe3 fbe3 fbe2 f403 fc43 fc83 fca2 f4a2 fcc2 fcc2 fce2 fce2 fce2 fce2 fce2 fce2 fce2 fce2 f4c2 f4c2 fcc2 fcc2 fcc2 fcc2 fcc2 fcc2 fcc3 fcc2 fca3 fca3 fcc3 f4e2 fd83 fda2 fdc2 fdc2 f5c1 fe62 fee4 ff23 ff23 ff43 ff43 ff23 ff24 fec3 ee22 f602 fe02 f5c2 f581 f541 fd41 fd42 fd42 fd23 fca2 f482 f462 fc63 fc62 fc63 fc63 f403 fbe3 fbe3 fbe3 fbe3 fbe2 fbe2 fbe3 fbe3 fbe3 fbe2 fc64 fc84 fc83 fc63 fc83 fc83 f402 f3e2 f3e2 fbe2 fbe2 fbe2 fbe2 fbe2 fbe3 fbe3 fbc3 fbe3 fbe3 fbe2 fbe3 fbe3 fbe3 fbe3 fbe3 fbe3 fbe3 fbe3 fbe3 fbe3 fbe3 fbe3 
d3c8 cbc8 cbc8 cba8 cbc8 cbc8 cbc8 cba8 cbc8 cbc8 cbc8 cba8 cbc8 cbc8 cbc8 cba8 cba8 cba8 cba8 cba8 cba8 cba8 cba8 cba8 cba7 cba8 cba7 cba7 cba7 cba7 cba7 cba7 cba8 cba8 cba8 cba8 cba8 cba8 cba7 cba7 cba8 cba8 cba7 cba7 cbc7 cba7 c3a7 cba7 cba7 cba8 cba7 cba7 cba7 cba7 cba7 cba7 cba7 cba7 cba7 cba7 cba7 cba7 cba7 cba7 d3a7 cba8 cba7 cb87 cba7 cba7 cba7 cba7 cbc7 cba7 cba7 cba7 cba7 cba7 cba7 cba7 cba8 cba8 cba7 cba7 cba8 cba7 cba7 cba7 cba8 cba7 cba7 cba8 cbc8 cba7 cba7 cba7 dbe8 dbc7 dbc6 e3c6 ec06 f405 f405 f3e5 f3e5 f3e5 f3e4 f3e4 f3e4 f3e4 f3e4 f3e4 fbe5 f3e4 f3c4 f3c4 f3c3 f3c4 fbe3 fbc3 fbc4 fbc3 f3c3 f3e3 f3e3 f3e3 f3e3 f3e3 fbe3 fbe3 fbc3 fbe3 fbe3 f3c3 f3e3 f3c3 f3e3 f3e3 fbe3 f3c3 f3e3 f3e3 fbe3 fbe3 fbc3 fbe3 fbc3 fbc3 fbe3 f3c3 f3c3 fbc3 fbe4 fbe3 fbc3 fbc3 fbc3 fbc3 f3c3 fbc3 fbe3 fbc4 fbe3 fbc3 fbc3 fbc3 fbc2 fbc2 fbe3 fbc3 fbc3 fbc3 f3c3 f3c3 fbc3 f3c3 f3c4 e408 6983 30c3 3946 3147 1884 3948 3927 51ea 2906 1063 0022 0801 1000 71e5 d409 dc4b 40c1 1001 18a4 0842 0022 0022 0022 0022 0042 0022 0042 0021 0841 2020 9224 e3e8 f3e4 fbc3 f3c3 f3c2 f3e2 f3e2 f3e2 f401 ec62 fd23 fd63 fd62 fd82 fda3 fda3 fda3 fda3 fda3 fda3 fda3 fda2 fda2 fda3 fda3 fda3 fda2 fda2 fda2 fda2 fd83 fda3 fda3 fda3 fd83 fda3 fda3 fda2 fda2 fdc2 fdc2 fdc1 f5e2 f622 fe83 fea2 fec2 fea2 fea2 fea2 fe82 fea3 fe83 fe62 f622 fde2 fde2 f581 f561 f561 fd61 fd62 fd22 fd22 fd02 fd22 fd23 fd03 f461 ec21 f401 f442 f422 f421 f421 f422 f422 f441 f441 f462 f483 f482 ec62 fce3 fd24 f4a3 fca3 f422 fbe2 f3e2 fbc2 fbc2 fbc2 fbc2 fbc2 fbc2 fbe3 f3e2 f3e2 f402 f3e2 f3e2 fbc2 fbc3 fbc3 fbc3 fbe3 fbc3 fbc3 fbc2 fbc2 
cbc8 cbc8 cbe8 cbe8 cbe8 cbe8 d3e8 d3e8 cbc8 cbc8 cbe8 cbe8 cbc8 d3c8 d3c8 d3c8 cbc8 cbc7 cbe8 cbe8 cbe8 cbc8 d3e8 d3c8 cba8 cbc8 cbc8 cbc8 cbc8 d3c8 d3c8 cbc8 cbc8 cbc7 cbc8 cbc8 cbc8 cbc8 cbc8 cbc8 cbc8 cbc8 cbc8 cbc8 cbc8 cbc8 d3c8 d3e8 cbc7 cbc7 cbe7 cbc7 cbc8 cbc8 d3e8 d3c8 cbc7 cbc8 cbc8 d3c8 d3c8 d3c8 d3c8 d3e8 cbc7 cbc7 cbe7 cbc7 cbc8 d3c8 d3c8 d3e8 cbc8 cbc8 d3e8 d3c8 d3e8 d3e8 d3e8 cbe8 cbc7 cbe7 cbe7 cbe7 cbc8 cbc8 cbe8 cbc8 cbc8 cbc8 cbc8 cbc8 cba8 cba8 cbc8 cbc8 c3a7 cbc7 cbc7 d3a7 d3c6 e3c6 ec05 f405 f405 f3e4 f404 f405 f404 fbe4 fbe4 fbe4 f3e3 f3e3 fbe3 fbe3 fbe3 fbe3 fc04 fc04 fbe3 fbe4 fbe4 fbe4 fbe4 fbe4 fbe4 fbe4 f403 f403 f403 fc03 fbe3 fbe3 fc03 fc03 fbe3 fbe3 fbe3 fbe3 fbe3 fbe3 fbe3 fbe3 f3e3 f3e3 fbe3 fc03 fbe3 fc03 fc04 fc04 fbe3 fbe3 fbe3 fbe4 fbe4 fbe4 fbe4 fbe3 f3e3 f3e3 f403 fbe3 fbe3 fbe3 fbe3 fbe3 fbc3 fbc3 fbe3 fbe3 fbe3 fbe4 fbe3 fbe4 ebe3 dc07 69a2 30a2 20a4 2906 3106 3147 28c5 41c9 0863 0822 0002 1001 2000 9ae7 dbe7 d408 40e0 1000 0821 0822 0022 0822 0022 0022 0042 0022 0023 0822 1821 82a9 7160 dbe7 ebe3 f3e2 f3e2 f402 f463 fcc3 f4c3 fce2 fce2 fd42 fd41 fd82 fda2 fdc2 fda2 fdc2 fdc2 fdc2 fda2 fdc2 fda2 fda2 fda2 fda2 fda2 fda2 fda2 fda2 fd82 fda2 fda1 fdc1 fdc1 fdc2 fdc2 fdc2 fdc2 fdc2 fdc2 fdc2 fdc2 fdc2 f5e1 fe42 fea2 fea2 fea1 f6a1 f6a1 fea2 fe82 fe82 fe82 fe42 f601 f602 fe02 fde2 fde2 fde2 fdc2 fda2 ed00 f4e0 f521 fd01 fd01 fd02 fd02 fd02 f4e2 f4e2 fd02 fd02 fd02 fd02 fd02 fd02 f501 f501 f4a1 e440 ec41 ec61 f462 f482 ec01 ec01 f402 f402 f3e2 f3e2 f3e2 f402 ec42 fcc3 fd03 fce4 fce3 fcc4 fc84 f403 fbe3 fbe3 fbe3 fbe3 fbe4 fbc4 fbe3 fbe3 
cbc8 cbc8 cbc8 cbc8 cbc8 cbc8 cba8 cba8 cbc8 cbc8 cbc8 cbc8 cbc8 cbc8 cbc8 cbc8 cbc8 cbc8 cbc8 cbc8 cba8 cba8 cba8 cba8 cba7 c3a7 c3a7 c3a7 cba7 cba7 cba7 cba7 cba7 cba7 cba7 cba7 cba7 cba7 cba7 cba7 c3a7 cba7 cba7 cba7 cba7 cba7 cba7 cba7 cba7 cba8 cba8 cba7 cba7 cba7 cba7 cba7 cba7 c3a7 cba7 cba7 cba7 cba8 c3a7 cba7 cba7 cba7 cba7 cba7 cba7 cba7 cba7 cba7 c3a7 cba7 cbc8 cba7 cbc7 cbc7 c3a7 c3a7 c3a7 c3a7 c3a7 c3a8 c3a7 c3a7 c3a8 c3a8 c3a8 c388 c388 cb88 c3a8 c3a8 cba7 c3a7 c3a7 c3a8 c3a8 c3a7 cb87 cb86 d386 d386 d3a6 d385 d385 db85 db85 e3a5 f3e5 f3c4 f3e3 f3e3 f3e3 f3e3 f3e3 f3c3 f3e3 f3e3 f3e3 f3e3 f3e3 f3e3 f3e3 f3c3 f3c3 f3c3 f3e3 f3e3 f3e3 f3e3 f3e3 fbe3 f3e3 f3e3 f3c3 f3c3 f3c3 f3c3 f3c3 f3c3 f3c3 f3c3 f3c3 f3c3 f3e3 f3e3 f3c3 f3c3 fbe3 fbe3 f3c3 f3c3 fbc3 fbc3 f3c3 f3c3 f3c3 f3c3 f3c3 f3c3 fbc3 fbc3 f3c3 f3c3 fbc3 fbc3 f3c3 f3c3 f3c3 f3c3 f3c3 fbc3 fbc3 f3c4 ebc4 d3e8 59a3 1841 1021 20e5 18c5 3167 1884 2947 0843 0043 0842 1820 6162 cba8 e3c6 dbe7 40c0 0800 0801 0022 0022 0022 0022 0022 0042 0021 0821 1841 40c2 c44d 9201 e467 f4a4 fcc3 f4c3 f4c2 fd02 fd43 fd42 fd42 fd42 fd41 fd61 fd61 fda1 fda1 fda1 fd81 fd82 fda2 fd82 fda2 fda2 fda2 fda1 fda1 fda2 fda2 fda2 fda2 fda2 fda2 fda1 fda1 fda1 fda1 fda2 fda2 fda2 fda2 fda2 fda2 fdc2 fde2 f5e1 f622 f641 f621 f621 f622 f622 f622 f621 f621 ee21 f6a2 ff04 fee4 ee41 ee01 f601 f601 f5e2 fdc2 f581 fd81 fd81 fd81 f581 f581 f5a1 f5a1 f581 f561 f581 f561 f561 f561 f561 f561 f581 f581 f562 f522 fd22 fd22 f522 f543 f583 f5a3 f5a3 f5a3 fd83 f543 f504 f504 f524 fd45 fd04 ec42 f442 f423 f403 f3c2 fbe3 fbc3 fbe3 fbe3 fbe3 fbe3 fbe3 fbe3 
cbc8 cbc8 cbc8 cbc8 cbc8 cbc8 cbc8 cbc8 cbc8 cbc8 cbc8 cbc8 cba8 cba8 cba8 cba8 cbc8 cbc8 cbc8 cbc8 cba8 cba8 cbc8 cbc8 cbc8 cbc8 cba8 cbc8 cbc8 cbc8 cbc8 cba8 cbc8 cba8 cba8 cba8 cba8 cba8 cba8 cba8 cbc8 cba7 cba7 cbc8 cbc8 cbc8 cbc8 cbc8 cba8 cba8 cba8 cba8 cba8 cba8 cba7 cbc8 cbc8 cbc8 cbc8 cbc8 cbc8 cbc8 cbc8 cbc8 cbc8 cbc8 cbc8 cbc8 cbc8 cbc8 cba8 cba8 cbc8 cba8 cbc8 cbc8 cbc8 cba8 cbc8 cba8 cba7 cba8 cbc8 cba8 cba8 cbc8 cba7 cbc8 cbc8 cba8 cba8 cba8 cba8 cba8 cba8 cba8 cba8 cbc8 cbc8 cba8 cba8 cba8 cba7 cba7 cb87 cba7 cb87 cb87 d387 db86 e385 ebc5 f404 fbe4 fbe3 fbe3 fbe3 fbe3 fbe3 fc04 fc03 fc03 f403 f403 fbe3 fbe3 fbe3 fbe3 fbe3 fbe3 fbe3 fbe3 fbe3 fbe3 fbe3 fbe3 fbe3 fbe3 fbe3 fbe3 fbe3 fbe3 fbe3 fbe3 fbe3 fbe3 fbe3 fbe3 fbe3 fbe3 fbe3 fbe3 fbe3 fbe3 fbe3 fbe3 fbe3 fbe3 fbe3 fbe3 fbc3 fbc3 fbc3 fbc3 fbe3 fbe3 fbe3 fbc3 fbe3 fbe3 fbc3 fbc3 fbe3 fbe3 fbe3 f3c4 e3e6 9aa4 2020 0801 0001 0863 0842 18c5 0823 0022 0043 0822 1021 5123 bb26 ebc6 ebc5 dbe8 48e1 30c4 28e5 20e6 18e5 0022 0022 0022 0022 0842 1840 8b2b 71a2 d44a e487 f4c4 fd44 fd43 fd43 fd63 fd62 fd63 fd63 f544 f544 fd64 fd82 fd82 fdc2 fda2 fda2 fda2 fda2 fda2 fda2 fda2 fda2 fda2 fda2 fda2 fda2 fda2 fda2 fda2 fda2 fda2 fdc2 fda2 fdc2 f5c2 fdc2 fdc2 fdc2 fdc2 f5e2 f5e2 ede1 fe83 ff24 ff24 ff44 ff24 ff04 f662 f642 f642 f642 f662 fee3 ff44 ff84 ff84 ff43 ff23 ff03 fec3 f622 f601 f602 f602 f602 f602 f602 fe63 fe83 fe83 fe83 fec4 fee3 fee3 fee3 fee3 fec3 fe83 fe63 fe23 f5a2 f521 f541 f542 f541 f5a2 fe64 fea5 fea4 fea4 fe64 ed41 ece1 f4e3 f4c2 f462 f422 f3e2 fbe2 fbe3 fbe3 fbc3 fbe3 fbe3 fbe3 fbe3 fbe3 fbe3 fbe3 fbe3 
d3e9 d3c9 d3c9 d3c8 d3c8 d3c8 d3c8 cbc8 d3c8 d3c8 cbe8 cbe8 cbe8 cbe8 cbe8 cbe8 d3c8 d3c8 cbc8 cbc8 cbc8 cbc8 cbc8 cbc8 cbc8 cbc8 cbc8 cbc8 cbc8 cbe8 cbc8 cbc8 cbc8 cbc8 cbc8 cbc8 cbc8 cbc8 cbc8 cbc8 cbc8 cbc8 cbc8 cbc8 cbc8 cbc8 cbc8 cbc8 cbc8 cbc8 cbc8 cbc8 cbc8 cba8 cbc7 cbc7 cbc8 cbc8 cbc8 cbc7 cbc8 cbc8 cbc8 cbc8 cbc8 cbc8 d3c8 cbc8 cba8 cba8 cba8 cbc8 cba7 cba8 cba8 cbc8 cbc8 cbc8 cbc8 cbc8 cbc8 cbc8 cba8 cba8 cba8 cba8 cba7 cba7 cba7 cba7 cbc7 cbc7 cba7 cbc7 cbc7 cba7 d3a6 d386 d386 cb86 cb86 cb86 cb86 cb86 d386 d385 d386 d386 d386 d365 db64 eba4 f3e4 fbe3 fbe3 fbe4 fbe3 fbe3 fbe3 fbe3 fbe3 fbe3 fbe3 fbe3 fbe3 fbe3 fbe3 fbe3 fbe3 fbe3 fbe3 fbe3 fbe3 fbe3 fbe3 fbe3 fbe3 fbe3 fbe3 fbe3 fbe3 fbe3 fbe3 fbe3 fbc3 fbc3 fbc3 fbc3 fbe3 fbe3 fbe3 fbe3 fbc3 fbc3 fbc3 fbc3 fbc3 fbc3 fbc3 fbc3 f3c3 f3c3 f3c3 f3c3 fbc3 fbc3 fbc3 fbc3 fbc3 fbc3 fbc3 fbc3 fbc3 fbc3 f3c2 ebc5 c3a7 5921 1000 0001 0022 0022 0022 0022 0042 0022 0042 1021 2820 9285 ec07 f3c4 ebc5 dbe9 48c2 38e5 3106 2906 2926 1084 0022 0022 0021 1020 40e0 bc29 e4a7 fd26 fd44 fd43 fd42 fd42 fd62 fd62 fd62 f544 ed68 92c0 6980 e548 f584 fda2 fda2 fda2 fda2 fda2 fda2 fda2 fda2 fda2 fda2 fda2 fda2 fda2 fda2 fda2 fda2 fda2 fda1 fde1 fe22 fe42 f642 f662 f662 f642 f641 f662 fea2 fec2 f6c2 ff43 ffa4 ffa3 ffa4 ffa4 ffa4 ff64 ff64 ff44 ff64 ff63 ff84 ffa4 ffa3 ffa3 ffa4 ff84 f6e2 ee81 f6c3 fec3 fec4 fee5 fec4 fec5 f622 ede1 f601 ee01 ee21 ff04 ff25 ff25 ff05 ff05 ff05 fe84 fde2 fd82 f522 fd22 fd22 fd22 fd22 fd22 f521 f542 f542 f542 f543 fd03 fd03 f462 f402 f3e2 fbe2 fbe3 fbe2 fbe3 fbe3 fbc3 fbe3 fbe3 fbe3 fbe3 fbe3 fbc3 fbe3 fbe3 
cba8 cba8 cba8 cba8 cba8 cba8 cba7 cba7 cba7 cba7 cba7 cba7 cba7 cba7 cba7 cba7 cba7 cba7 cba7 cba7 c3a7 c3a7 c3a7 cba8 cba8 cba8 c3a7 c3a7 cba7 cba7 cba7 cba7 c3a7 cba7 cba7 cba7 cba7 cba7 cba7 cba7 c3a7 c3a7 c3a7 c3a7 cba7 cba7 cba7 cba7 cba8 cba8 cba8 cba8 cba7 cba7 cba7 cba7 cba7 cba7 cba7 cba7 cba7 cba7 cba7 d3a7 cba7 cba7 cba7 cba7 cba7 cba7 cba7 cba7 cba7 cba7 cba8 cba7 c3a7 c3a7 c3a7 c3a8 c3c8 c3c8 c3a8 c3a8 c3a8 cba8 cba7 cba7 d3a7 d386 d386 d386 d386 db86 d385 db85 ebe6 f3e6 f3e5 ebe5 ebe5 ebe5 ebe5 ebe5 ebe4 ebe4 f3e5 ebe5 f3e5 f3e5 f3e4 f3c4 fbe4 fbc3 fbc3 fbc3 fbe3 fbe3 fbe3 fbe3 f3e3 f3e3 f3e3 f3e3 fbe3 fbe3 fbe3 f3c3 fbe3 fbe3 f3c3 f3c3 fbe3 fbe3 f3c3 f3c3 fbe3 fbe3 fbe3 fbe3 f3c3 f3c3 f3c3 f3c3 fbc3 fbc3 f3c3 f3c3 f3c3 f3c3 fbc3 fbc3 fbc3 fbc3 fbc3 fbc3 fbc3 fbc3 fbc3 fbc3 fbc3 fbc3 fbc3 fbc3 fbc3 fbc3 fbc3 fbc3 fbc3 fbe3 fbc3 fbc3 f3c3 f3c3 ebe3 e407 9ae7 1800 0800 0022 0022 0022 0022 0002 0022 0822 0842 1820 79c3 dbe8 f3e5 f3e4 e428 81c2 40c2 3906 3106 3107 3107 2906 1083 0821 1000 4121 c468 f547 f544 fd63 fd62 fd62 fd42 fd62 fd62 fd62 fd62 f564 ed68 8280 5160 d529 ed85 fda2 fda1 fda2 fda1 fda2 fda2 fda2 fda2 fda2 fda2 fda2 fdc2 fda1 fda2 fda2 fda1 f5a1 f5c1 f601 f662 ee81 ff43 ff64 ff84 ff84 ff84 ff64 ff83 ff83 ff83 ffa4 ffa3 ffa3 ffa4 ffa4 ff84 ff83 ff83 ff84 ffa4 ffa4 ffa4 ff83 ff83 ff83 ff63 ff43 ff43 fee3 f6a2 ee21 ee21 ee22 ee21 f622 f601 f5e1 f5e1 f601 f601 f602 f5a2 e500 e4e0 ecc1 eca1 eca0 ec81 f461 f461 f461 f441 f441 f461 f441 f441 f461 f441 f441 f441 f442 f442 f422 f402 fbc2 fbc2 fbc3 fbc2 fbc3 fbc3 fbc3 fbc3 fbc3 fbc3 fbc3 fbe3 fbe3 fbc3 fbc3 
d3c9 d3c9 d3c9 d3c9 cbe8 cbe8 d3e8 d3e8 d3e8 d3e8 d3e8 d3e8 cbe8 cbe8 cbe8 cbe8 cbe8 cbe8 cbe8 cbe8 cbe8 cbe8 cbc8 cbe8 cbc8 cbc8 cbc8 cbc8 cbc8 cbc8 cbc8 cbc8 cbc8 cbc8 cbc8 cbc8 cbc8 cbc8 cbc8 cbe8 cbc8 cbc8 cbc8 cbc8 cbc8 cbc8 cbc8 cbc8 cbc8 cbc8 cbc8 cbc8 cbc8 cbc7 cba7 d3a7 d3a7 d3c7 d3c7 d3c6 dbc6 dbc6 dbc7 dba7 d3c6 d3c6 d3a6 d3c6 d3c6 d3c6 d3c6 d3c6 d3a6 cba6 cbc7 cbc7 cbc8 cbc8 c3a8 c3a8 bba9 b3a9 b3aa b3aa b3aa bb89 cb87 e3e7 ec06 f3e5 f405 f3e5 ebe5 f3e5 f3e5 f3e5 fbe4 fbc3 fbc3 fbc3 fbe3 fbe3 f3e3 fbe3 fbe3 fbc3 fbe3 fbc3 fbe3 fbe3 fbe3 fbe3 fbe3 fbe3 fbe3 fbe3 fbe3 fbe3 fbe3 fbe3 fbe3 fbe3 fbe3 fbe3 fbe3 fc03 fbe3 fbe3 fc03 fbe3 fbe3 fbe3 fbe3 fbe3 fbe3 fbe3 fc03 fc03 fc03 fc03 fc03 fbe3 fbe3 fbe3 fbe3 fbe3 fbe3 fbe3 fbe3 fbe3 fbe3 fbe3 fbe3 fbe3 fbe3 fbe3 fbe3 fbe3 fbe3 fbc3 fbc3 fbe3 fbe3 fbc3 fbc3 fbc3 fbe3 fbe3 fbe3 fbe3 fbe3 fbe3 fbe3 f3e4 e3e6 c388 38a1 1822 1042 18a4 20e5 0843 0002 0022 0022 0802 1020 40a1 aac5 ebc6 f3c4 ebe5 dc2a 6142 4105 3106 3106 3127 3107 3127 1864 1000 2860 a387 ed67 fd63 fd62 fd62 fd81 fd82 fd82 fd62 fd82 fd82 fd82 f584 eda8 7a80 5140 d54a f5a5 fdc2 fdc2 fdc2 fdc2 fdc2 fdc2 fda2 fda2 fdc2 fdc2 fdc2 f5e2 f602 f602 f602 f621 ee21 ee21 ff03 ff84 ffa4 ffa4 ffc4 ffc4 ffa4 ffa4 ffa4 ff63 ff44 ff43 ff84 ffa4 ffc4 ffa4 ffa4 ffa4 ffa4 ffa4 ffa4 ff84 ff84 ff64 ff44 ff44 ff44 f6a2 f681 f681 f681 fec2 fe82 fe82 fe82 fe82 fe82 fe82 fe83 fe83 fe83 fe83 fe43 fd81 ece0 f4c0 f4a1 f4a1 f481 fca1 fca1 fca1 f481 f4a1 f4a1 f481 f481 fc61 fc61 fc61 fc41 fc61 fc42 f462 fc42 fc63 f402 fbe3 fbe3 fbe3 fbe3 fbe3 fbe3 fbc3 fbc3 fbe3 fbe3 fbe3 fbe3 fbe3 fbe3 
cba8 cbc8 cbc8 cbc8 cbc8 cbc8 cbc8 cbc8 cbc8 cba8 cba8 cba8 cba8 cba8 c3a7 c3a7 c3a7 c3a7 c3a7 c3a7 c3a7 c3a7 c3a7 c3a7 c3a7 c3a7 cba8 cba8 c3a7 c3a7 c3a7 c387 c3a7 c3a7 c3a7 c3a7 c3a7 c3a7 cba7 cba7 cba8 cba7 cba7 cba7 cba7 cba7 cba7 c3a7 cba7 c3a7 c3a8 cba8 cba7 cba7 d3a6 d3a6 d3a6 e407 e427 e407 e406 e407 e427 ec27 ec07 ec47 ec46 f4a6 f4a6 f4a6 f4c6 f4a6 f4c7 e466 d3c5 d3a5 d3a5 d3a7 cba7 bb68 9309 4902 2881 28a2 2881 5942 b327 e3e7 f3e5 f3c3 f3c3 fbc3 fbc3 fbc3 fbc3 f3c3 fbc3 fbc3 f3c2 fbc2 fbc3 fbc3 fbc3 fbc3 fbc3 fbc3 fbc3 fbc3 f3c3 f3c3 f3e3 fbe3 f3e3 f3e3 f3e3 fbe3 fbe3 fbe3 f3c3 f3c3 f3c3 f3c3 f3c3 fbe3 fbe3 fbe3 fbc3 fbc3 fbe3 fbe3 fbe3 fbe3 fbe3 fbe3 fbe3 fbe3 f3c3 f3c3 f3c3 f3c3 f3c3 f3c3 f3c3 f3c3 fbc3 fbc3 f3c3 f3c3 fbe3 f3c3 f3c3 f3c3 f3c3 f3c3 fbc3 fbc3 fbc3 fbc3 fbc3 fbc3 fbc3 fbc3 fbc3 fbc3 f3c3 f3c3 f3c3 f3c3 f3c2 fbc2 fbc3 f3c3 f3c4 e407 b327 48c1 30c4 3106 3127 28e6 28e6 20c6 18a4 0021 0822 1020 2840 a2e6 e3e7 f3c4 f3e4 ec07 89e4 48e3 3905 3127 3127 3106 3127 28e5 20c5 2040 7223 dce9 f544 fd42 fd41 fd41 fd61 fd41 fd61 fd61 f561 f562 fd61 f563 ed88 7a60 5140 cce9 ed85 f5a2 f5a2 f5c1 f5a1 f5a1 f5a1 fda1 fda1 f5a1 eda1 f601 ee41 ff45 ff64 ff64 ff64 ff64 ff63 ff84 ffa3 ffa4 ff83 ffa4 ff63 ff43 ff23 ff03 ee61 ee21 ee21 fee3 ff64 ff64 ff64 f723 f702 ff23 ff23 ff23 ff03 f681 ee41 ee41 ee41 ee21 ee61 f682 f661 f661 f641 f641 f641 f641 f641 f621 f621 f642 f621 f642 f642 fe62 fe22 fe02 fe22 fe02 fde2 fde2 fe02 fde3 fde3 fde3 fde3 fde3 fdc3 fda3 f4e1 fce1 fce1 fce2 fcc2 fcc2 fcc2 fce3 fcc4 f402 f3c2 fbc2 f3c3 f3c3 fbc2 f3a2 fbc3 fbc3 fbc3 fbc3 fbc3 fbc3 fbc3 fbc3 
cbc8 cbc8 cbc8 cbc8 cbc8 cbc8 cbc8 cbc8 cbc8 cbc8 cbc8 cbc8 cbc8 cbc8 cbc8 cbc8 cbc8 cbc9 cbc8 cbc8 cbe8 cbc8 cbc8 cbc8 cbc8 cbc8 cba8 cba8 cbc8 cbc8 cbc8 cba8 cbc8 cba8 cba8 cba8 cba8 cba8 cbc8 cba7 cbc8 cbc8 cbc8 cbc8 cbc7 cbc7 c3c7 c3a7 cba7 d3a7 d3a7 d3a7 d3a6 dbe7 e407 e427 e428 d3a6 d386 d386 cb86 cb86 cb86 d386 db65 ebc5 f404 fca5 fcc4 fcc4 fcc4 fcc5 fce5 fce6 f4c6 f4c7 f4e8 dc27 bba8 8287 2860 1001 0801 1022 1021 4123 8204 e429 ec05 fbe3 fbe3 fbe3 fbc3 fbc3 fbe3 fbe3 fbe3 fbc3 f3c2 fbe3 f3e2 f3e2 f3e2 f3e2 f3e2 f3e2 f3e2 fbe2 fbe3 fbe3 fbc3 fbe3 fbe3 fbe3 fbe3 fbe3 fbe3 fbe3 fbe3 fbe3 fbe3 fbe3 fbe3 fbe3 fbc3 fbc3 fbe3 fbe3 fbe3 fbe3 fbe3 fbe3 fbe3 fbe3 fbe3 fbe3 fbe3 fbe3 fbe3 fbe3 fbe3 fbe3 fbe3 fbe3 fbe3 fbe3 fbe3 fbe3 fbe3 fbe3 fbe3 fbe3 fbe3 fbe3 fbe3 fbe3 fbe3 fbe2 fbe3 fbe3 fbe3 fbe4 fbe3 fbe3 fbe3 fbe3 fbe3 fbe3 fbe3 fbe3 fbe3 f3e4 e406 b347 4923 3105 3107 3107 3107 30e6 30e6 3106 5a69 3965 0820 1820 6120 dbc8 ebc4 f3c3 e3e5 b306 5102 4106 3106 3127 4189 3968 1864 28e6 3106 2861 7a41 e4e7 f563 f561 f581 fd61 fd81 fd82 fd81 fd81 fd82 fd82 fd81 f583 eda8 7a80 5120 cd08 ee26 f663 f662 f642 f663 f643 f662 f662 f662 f662 ee82 ff24 ff84 ffa3 ffc3 ffc3 ffc3 ffc3 ffc3 f763 ff23 fee3 fee3 fec3 f662 f642 f621 f601 fe02 fe02 f5e1 f601 f621 f642 f662 f621 f622 f622 f622 f621 ee41 f661 f682 f682 f6a2 f6a1 ff23 ff64 ff84 ff44 f6a1 f682 fe83 fe42 fe22 fe42 fe42 fe42 fe42 fe62 fe82 fee3 fee3 fee3 fee3 fee4 fe83 f622 fe23 fe23 fe23 fe23 fe03 fe04 fde3 fdc3 fd62 fd62 fd62 fd63 fd43 f4e2 f4c2 fca3 fc64 f403 fbe3 fbc3 fbe3 fbe3 fbe3 fbc2 fbe3 fbe3 fbe3 fbe3 fbe3 fbe3 fbe3 fbe3 
cbc7 cbc7 cbc7 cbc7 d3c7 d3c7 d3c7 d3a7 cba7 cba7 d3a7 d3a7 d3a8 d3a8 d3a8 d3a7 cba6 c3a6 c3c6 c3e7 c3c8 c3c8 cbc8 cbc8 cba8 cba8 cbc8 cbc8 cba8 cba8 cba8 cbc8 c3a7 c3a7 cbc7 cbc8 cbc8 cbc8 cbc8 cba8 c3a7 cb87 cba7 cba7 cba7 cba7 cba7 cba6 cb85 dbc5 dbc4 e3c5 ec07 e3e7 d3a6 cb86 cb86 cb87 c387 cb87 cb87 d387 d366 db65 e3c4 ebc2 ebe2 f3e2 f3e2 f3e2 f3e3 ebe3 e3e3 e425 cba5 c3a7 ab68 5941 3081 1841 0840 0820 1020 4144 59a6 6123 a2c5 e407 f3c4 fbc3 fbe3 fbc3 fbc3 fbc3 fbc3 f3c3 f402 f422 f442 f422 f422 f422 f423 f423 ec22 f442 f443 f423 fc03 f3c3 fbc3 fbe3 f3c2 f3e2 fbe2 fbe2 f3c2 fbe3 fbc3 fbc3 fbc3 fbc3 fbc3 fbc3 fbc3 fbc3 fbc3 fbe3 f3c2 f3e2 f3e2 f3e2 fbe3 fbc3 fbc3 fbe3 f3c2 f3c2 f3c2 fbc2 fbc3 fbc3 fbe3 fbe3 f3c2 f3c2 f3e2 f3c2 f3c2 f3c2 fbc3 fbc3 f3c2 f3a2 fbc3 fbc3 fba2 fba3 fbc3 fbc3 fbc2 f3c2 f3e2 f3e2 f3c2 f3c2 fbc3 fbe3 f3c3 f3a3 f3c4 e3c6 b348 5123 3905 3107 2906 2906 2906 2906 30e5 3904 934a abec 3860 6121 d3c7 ebc5 f3a3 ebc5 d3c8 71a3 38e3 3126 2926 2926 41a8 3107 3107 3127 3105 30a0 8281 ed48 f5c4 fdc2 fdc2 fdc2 f5c1 f5e1 f5e1 f5e1 fde1 fdc1 f5e1 ede3 e608 6aa0 4180 cda9 f727 ff65 ff85 ffa5 ff84 ffa4 ffa4 ffa4 ffa4 ff84 ffa4 ffc4 ffc3 ffc3 ffc3 ffc3 ffc4 ff84 ff64 eea1 ee20 ee00 f600 f601 f5e1 fdc1 fdc1 fdc1 f5c1 f5c1 fde1 fdc1 f5c1 f5c1 f5e1 f5e1 edc0 edc0 f600 ee20 fee3 ff64 ff84 ff84 ff63 ff63 ff84 ff84 ffa4 ff44 ee81 f682 f661 f661 f681 f681 f681 f682 f682 f682 f682 f661 f662 f641 f621 fe02 fdc2 f560 f540 f520 f541 f521 f521 fd21 fd21 fd21 f4e1 f4c1 f4c2 fcc3 fc63 f402 f3e2 f3c2 f3c2 f3c2 f3c2 f3e2 fbc2 fbc2 fbc3 fbc3 fbc2 fbc2 fbc2 fbc2 fbc2 fbc2 fbc2 fbc2 
e3e6 e3e6 e3e6 e3e6 e3c6 e3e6 e3c6 e3e6 e3e6 ebe6 e3c6 ebc6 ebe6 e3e6 e3e6 e3e6 e3e6 e3e7 dbc6 d3c7 d3c7 d3a7 cba7 cba7 cba7 cba7 cba7 cba7 c3a7 c3a7 cba7 cba7 c3a7 c3a7 c3a7 cba7 cba7 cba7 cb87 cba7 d3a7 d3a6 dbe7 e3e6 dbe6 dbe6 dbe7 dbc6 e3e6 f426 f405 f405 e3e6 d386 d3a7 d3a7 cb87 cb87 cb87 cb87 d386 d366 db65 ebc6 f3c5 fbe4 fbc3 fbc3 f3a3 f3a4 ebe6 c2e4 b2e5 ab06 8224 92c8 4923 2020 1021 0021 0821 1000 2840 a36b c42d 81a1 dbe7 ebe5 f3e4 fbe3 f3e2 f403 f3e2 f402 f3e2 f3e2 f443 f463 f483 f483 f483 f483 f483 f483 ec83 f483 f483 f463 f443 ebe2 f3e2 fbc2 fbe3 fbc3 fbc2 fbc3 fbe3 fbe3 fbe3 fbe3 fbe3 fbe3 fbe3 fbe3 fbe3 fbe3 fbe3 fbe3 fbe3 fbe3 fbe3 fbe3 fbe3 fbc3 fbc3 fbc3 fbe2 fbe2 fbe3 fbe3 fbe3 fbe3 fbe3 fbe3 fbe2 fbe2 fbe2 fbe2 fbc3 fbc3 fbc3 fbc3 fbc3 fbc3 fbe3 fbe3 fbc3 fbc3 fbc3 fbc3 fbc2 fbe2 fbc3 fbc2 fbc3 fbc3 fbc3 fbc3 fbe3 f3e4 e3c6 bb47 48e1 38e4 3906 3106 3107 3107 28e6 28c6 28c4 40e3 b3ca cc09 9a42 bae4 f405 f3e4 ebe5 cb46 8225 38a2 30e5 28e6 2926 2926 28e6 20a5 3107 3106 3924 51c3 a3c4 ede7 f644 f642 f622 f622 f642 fe42 f642 f642 f662 f682 ff04 ff26 f74c 6b20 41e0 e70d ff88 ffa4 ffc4 ffc4 ffc4 ffc4 ffc4 ffa4 ffa4 ffa4 ffc4 ffc4 ffc3 ffc3 ffc4 ffa4 ff84 f703 f6c3 ee61 f621 f601 f601 f601 f5e1 f5e1 f5e1 f5e1 f5e1 f5e1 f5e1 f5e1 f621 fe62 fea2 fea2 fea2 f661 f621 f661 f6a2 f6a2 f6c2 f6c2 f6c2 f6c2 f6c2 f6c2 f6c2 f6a2 ee61 f681 f681 f6c2 ff23 f6e3 f6e2 fee3 ff23 ff23 ff23 ff03 fec3 f641 fe21 fe01 fda1 fd61 fd21 fd21 fd21 fd21 fd41 fd21 f520 fd01 fd02 fca2 ec01 f3e2 f3c2 fbc2 fbc2 fbc3 fbc3 fbc3 fbc3 fbc3 fbc3 fbc3 fbc3 fbc3 fbc3 fbc3 fbc3 fbc3 fbc2 fbc3 fbe2 fbe2 
f404 f3e4 fc04 f3e4 fbe4 fbe4 fbe4 fbe4 fbe4 fbe4 fbe4 fbe4 fbe4 fbe4 fbe4 f3e4 fbe4 f3e4 f3e5 ebe5 e3c6 e3c6 dbc7 d3a7 d3c7 d3a7 cbc7 cbc7 cba7 cba7 cbc7 cbc7 cbc8 cbc8 cbc7 d3c7 d3a7 d3a7 d386 e3e7 e3e7 e3e6 ec26 ec46 e405 dbc5 dbc6 dba5 dbc5 f426 f426 f426 dbc6 d386 d387 d387 e3c6 ebc6 e3c5 e3a5 e3a5 eba5 eba4 f3c5 f3c3 fbc4 f3c4 eba5 db86 aa84 9264 8204 71e5 69a4 a349 ab8b 69e6 7acb 28c3 20c3 20c3 30a1 69a2 c40b c40a 89c0 dc06 ec04 f403 f403 ec23 fca4 fd04 f504 f503 f503 f503 f504 f503 f503 f503 f503 f503 f503 f503 f503 f503 f504 f504 fce4 f443 ebe2 f3e2 f3e3 f3c2 f3c2 fbc2 fbc2 f3e2 fbe2 fbe3 fbe3 fbe2 fbe2 f3e2 f3e2 fbe2 fbe2 fbe2 fbe2 fbe2 f3e2 fbe2 fbe2 fbe2 fbe2 f3c2 fbc2 fbc2 fbc2 fbc2 fbc2 f3e2 fbe2 fbe2 fbc2 fbc2 fbe2 fbc2 fbe2 fbe2 fbc2 fbc2 fbc2 fbe2 fbe2 fbc2 fbe2 fbc2 fbc2 fbc2 fbc2 fbc3 fbc3 fbc3 fbc3 fbc3 fbc3 f3c3 e406 ab06 5102 38e4 28e6 28e6 2907 28e6 20a5 2085 2084 2882 61a3 ecea f485 f424 f423 fc03 f403 e426 9a63 40c1 3105 3106 2906 20e6 1885 20c6 3127 3127 3946 3902 9bc8 ee49 fe85 fea4 fea3 fea3 fea3 fea3 f6a3 f6c3 fee3 f6e3 f723 ffa4 ffa7 f78c 6b40 39e0 e72d ffa7 ffc4 ffc4 ffc4 ffc4 ffc4 ffc4 ffc4 ffc4 ffc4 ffc3 ffc3 ffc3 ffc4 ffa3 ffa4 ff84 f703 f6c2 f6a2 fea3 fea2 fea2 fe82 fe82 fe82 fe83 fe83 fe83 fe83 fe82 fea2 f6c2 ff23 ff63 ff63 ff64 ff23 ff03 fee3 f6a2 ee21 f621 f601 f601 ee01 f662 f6a3 f683 f6a3 ff24 ff24 ff43 ff43 ff64 f723 f6e2 ff03 ff23 ff24 ff23 fea3 f601 f5a1 fda1 fd82 fd61 fd42 fd42 fd42 fd42 fd42 fd42 fd22 fd23 fce3 f462 fc23 f3e2 fbe3 fbc3 fbc3 fbc3 fbc3 fbc3 fbc3 fbc3 fbc3 fbc3 fbc3 fbc3 fbc3 fbc3 fbc3 fbc3 fbc3 fbc3 fbc3 fbc3 fbc3 
fbe4 f3c4 fbc4 f3c3 f3e3 f3e3 fbe3 fbe3 fbc3 f3c3 f3c3 fbe3 fbc3 fbc3 fbc3 fbc3 f3e3 f3c4 f3e4 f3e4 f3e4 f3e5 ebc5 e3c6 e3c6 e3c6 e3c6 e3c6 e3c6 e3c6 dbc6 dbc6 dbc6 e3e6 dbe6 e3e6 e406 e406 ec27 dbc6 dbc6 dbc6 d3c6 d3c6 d3a6 cb86 cb86 cb86 cb66 d366 dba6 db85 db86 d345 e3a6 eba5 f3c5 f3c4 f3c4 f3c4 f3e4 f3c4 f3a4 f3a4 f3c5 ebc6 d387 aa85 8a05 60e1 a309 92c8 7a05 ab6b 8a66 abac 7a89 59a5 51c4 8b49 ac4c 82a5 bbe9 ed0d 9283 cc07 ecc7 f4e5 f4e4 f4e3 ed02 fd84 fdc4 fdc4 fdc4 fdc4 fdc4 fdc4 fde4 fdc4 fde4 fde4 fde4 fde3 fde4 fdc3 fdc3 fdc4 fdc3 fda4 fd43 f4e2 f4e3 f4c3 fcc3 fcc3 f4a3 f482 f462 f462 f462 fc82 f482 f482 f482 f482 f462 f482 f482 f482 f482 f482 f482 f482 f482 f482 f482 f482 f462 f462 f462 f462 f462 fc42 fc42 fc42 fc42 fc42 fc42 fc42 fc42 fc42 f442 f442 f442 f442 fc42 fc43 fc43 fc43 fc23 f3e2 f3c2 fbc2 fbc2 fbc2 f3c2 ebc4 e3e7 9a64 5963 38e4 30e5 28e6 28e6 1884 18a5 20c6 2907 3906 4904 9ae7 eca8 f464 fc22 fc22 fc22 f424 e447 9a84 40e2 3106 3106 1885 1044 20e6 3106 3126 3947 3904 6a64 d56a ee47 f664 f683 ee82 f682 ee82 eec2 ff64 ff84 ffa5 ffa4 ffa4 ffc4 ffa6 ffac 6b40 41e0 e70d ffa7 ffc4 ffc4 ffc4 ffc4 ffc4 ffc3 ffc3 ffc3 ffc3 ffc3 ffc3 ffc3 ffc3 ffa3 ff84 ff64 ff23 f6a2 f6a2 f6a2 f6a2 f682 f682 f682 f682 f682 f682 f682 f682 f682 f682 f682 f682 f6a2 f6a2 f6c2 ff64 ff84 ff84 ff84 f703 ff04 fee4 ff03 fee3 f6a3 f682 f682 f682 f682 f682 f682 f682 f682 f682 f662 f642 f642 fe42 f5e2 f5c1 f541 f541 f541 fd21 fd21 fd22 fd21 fd22 fd02 fce2 f461 f462 f462 f422 f3c2 fbe3 fbe3 fbc3 fbc3 fbc3 fbc3 fbc3 fbc3 fbc3 fbc3 fbc3 fbc3 fbc3 fbc3 fbc3 fbc3 fbc3 fbc3 fbc3 fbc3 fbc3 fbc3 fbc3 
e384 e364 eb83 f3c4 f3e3 fbe3 fbe3 fbe3 fbe3 fbe3 fbe3 fbe3 fbe3 fbe3 fbe3 fbe3 fbe4 fbe4 fbc4 fbc4 fbe4 fbe3 fbe4 fbe4 fbe4 fbe4 fbe4 fbe4 fbc4 f3c4 f3c4 f3e4 f3c4 f3e4 ebc4 e3a4 e3a5 dba5 d3a6 cb66 cb87 cb87 cb86 cb86 cb86 cb87 cb87 cb67 cb66 cb66 d365 e3c6 ebe6 eba5 f3c5 fbc4 fbc4 fba3 fba3 fbc3 f3c4 ebe5 ebe6 e3e7 cb67 9203 81a3 81c4 bb89 bb89 cbeb 8a24 ab49 7a05 7a88 6227 51a6 51a3 ac28 f62d f62d aba4 c448 ed6d 92c2 ed8a fdc7 fde5 fde4 fde3 fde3 fe03 fe04 fe04 fde4 fde4 fde4 fde4 fde4 fde3 fde3 fde4 fde3 fde3 fde3 fde3 fde3 fde3 fde3 fde3 fdc3 fdc3 fdc3 fdc3 fdc3 fdc3 fdc3 fda3 fd83 fda3 fd83 fd83 fd83 fd83 fd82 fd82 fd82 fd82 fd83 fda3 fda2 fda2 fd82 fd82 fd82 fd82 fda2 fd82 fd82 fd82 fd82 fd82 fd22 fce2 fce2 fce2 fce2 fce2 fce2 fce2 fce2 fce2 fce2 fce2 fce2 fce2 fce2 fce2 fce2 fce2 fcc2 f461 f442 f442 fc22 fc22 f403 ec26 9264 50e3 38e5 3106 2906 18a5 1043 20a5 28e6 3127 3127 3906 4903 9ae6 ec87 f443 fc42 fc42 f442 f444 ec87 9ac4 4102 3926 3127 1023 20c5 2906 3106 3106 3905 51a3 ac45 ee27 ee44 f6c3 ff04 f704 f723 f723 f743 ffa5 ffa4 ffc4 ffc4 ffc4 ffc4 ffa7 f7ac 6b40 41e0 e70d ffa7 ffc4 ffa3 ffc4 ffc4 ffc4 ffc4 ffc4 ffc4 ffc4 ffa4 ffa4 ffa4 ff84 ff43 f6e3 f6e2 fea2 fe61 fe62 fe62 fe62 fe62 fe62 fe62 fe62 fe62 fe62 fe62 fe63 fe63 fe62 fe42 fe62 fe62 fe62 f662 fee4 f703 f703 f703 ff03 ff03 ff04 ff03 ff04 fe62 fe22 fe22 fe22 fe22 fe22 fe02 fe02 fe02 fde2 fde2 f581 f561 f541 fd41 fd42 fd41 fd41 fd61 fd41 fd22 fd22 fd22 fd03 fcc3 f422 f3e2 fbc3 fbc3 fbc3 fbc3 fbc3 fbc3 fbc3 fbc3 fbc3 fbc3 fbc3 fbc3 fbc3 fbc3 fbc3 fbc3 fbc3 fbe3 fbe3 fbe3 fbe3 fbe3 fbe3 fbe3 fbe3 fbe3 fbe3 
ebc5 f3c5 f3a4 fbc4 fbe3 fbe3 fbe3 fbe3 fbe3 fbe3 fbe2 fbe2 fbe2 fbe2 fbe3 fbe3 fbe3 fbc3 fbc4 fbc4 f3c4 f3c4 fbc3 fbc3 fbc3 fbc3 fbc3 fbc3 fbc3 fbc3 f3c3 f3a3 f3a3 fbc4 f3c4 eba4 ebc5 e3c6 dbc7 cb66 cb87 cb67 d386 e3c7 e3c6 e3c6 ebc6 e3c6 e3a5 ebc5 eba5 f3c5 f3c4 fba4 fbc4 f3a3 f3c3 f3c3 ebc4 ebe6 dbe8 b2e5 9203 91e3 9a44 c3a8 bb87 d429 eceb cbe8 8a04 a309 79e5 8aea 4965 4186 51c4 8b26 edca f609 f60a aba3 cc87 f5ad 9b02 ed8a f5c6 fde4 fde3 fde3 f5e3 f5e3 fde3 fde3 fde3 fde3 fde3 fde3 fde3 fde3 fdc3 fdc3 fde3 fdc3 fdc3 fde3 fdc3 fdc3 fde2 fde3 fde2 fdc2 fdc2 fdc2 fdc2 fde2 fde2 fdc2 fdc2 f5c2 fda2 fdc2 fdc2 fdc2 fdc2 fda2 fdc2 fda2 fda2 fda2 fdc2 fdc2 fdc2 fda2 fda2 fda2 fdc2 fdc1 fdc1 fdc1 fdc1 fda2 f582 f541 fd62 fd42 fd42 fd42 f502 f502 fce1 f4e1 fd42 fd82 fd82 fd82 fd82 fd82 fd82 fd82 fd82 fd62 fd22 f4c1 f4a2 f483 f483 e487 69c2 4103 3906 28e6 1884 1063 2927 2907 3107 2906 3107 3905 4902 9ac5 e466 f463 f462 f461 f482 ec83 e486 92c3 4123 3126 20c5 1885 28e7 3107 3107 3106 3104 6243 dde8 f6a5 f704 ff85 ffa5 ffa5 ffc5 ffc5 ffc4 ffc4 ffc4 ffc4 ffa4 ffc4 ffc4 ffa7 f7ac 6b40 39e0 e70d ffa7 ffc4 ffc4 ffc4 ffc4 ffc4 ffc3 ffa4 ff63 f6e2 f6c2 f6c2 f6c2 f6a2 fe82 f661 f661 fe41 f641 fe41 fe21 fe42 fe42 fe42 fe42 fe22 fe22 fe42 fe42 fe42 fe42 f642 fe42 fe42 fe42 fe42 fe42 fe42 f662 f662 f662 f662 fe42 fe22 edc0 f5a1 f580 fd81 f581 f581 f581 fd81 fd81 f561 f561 f561 fd61 f541 fd21 fd21 fd21 fd21 fd21 fd21 fd22 fd22 f4c1 ec61 f442 f442 f402 f3e2 fbc2 fbc3 fba2 fbc3 fbc3 fbc3 fbc3 fbc3 fbc3 fbc3 fbc3 fbc3 fbc3 fbc3 fbc3 fbc3 fbc3 fbc3 fbc3 fbc3 fbc2 fbc2 fbc2 fbc2 fbc2 fbc2 fbc2 fbc2 
f403 f403 f403 f403 f403 f402 f403 f403 f403 f3e3 f403 fc03 f402 fbe2 fc03 fbe3 fbe4 fbe4 fbe4 fbc3 fbe4 fbe4 fbe4 fbc3 f3e3 fbe4 f3e4 f3e4 fbe4 fbe4 fbe3 fbe3 fbe3 fbe3 f3e3 f3e4 ebe5 ec06 e3e7 d386 d3a7 dba7 e3c6 ebe6 ebe6 ebe5 f3e6 ebc5 f3e5 f3c5 f3c5 f3c4 f3a4 fba4 f3c4 f3c5 eba6 e3c8 aa65 89a3 8183 7961 c3a8 d3e7 dc27 ecc8 f4e8 ece9 d44a 81e2 ab4a 71c5 b40e 59c5 41a5 49a3 9bc6 edea f606 fe06 f629 abc3 c468 edae 9b03 f58a fde6 fde4 fde3 fde3 fde2 fde3 fe03 fde3 fe03 fe03 fde3 fde3 fe03 fe03 fde3 fde3 fde3 fde3 fde4 fde4 fde4 fdc3 fde3 fde3 fde3 fdc3 fdc3 fda3 fda3 fda3 fda3 fda3 fdc3 fdc3 fdc3 fdc3 fdc3 fda3 fdc3 fda2 fda2 fda2 fdc2 fdc2 fdc2 fdc2 fdc2 fdc2 fdc2 fdc2 fdc2 fde2 fde2 fde2 fde2 fde2 fde2 fe02 fde2 fde2 fdc2 fdc2 f582 fd82 fd82 f581 fdc2 fe02 fe02 fe02 fe02 fde1 fde2 fde2 fe02 fde2 fdc2 f582 fda3 fd84 fd84 f589 7223 3903 3105 28e6 1023 2927 2907 3107 2907 3106 3126 3103 59a1 d4e9 f586 fd83 fd83 f5a3 f5c3 f5c5 f5e9 a3c6 4142 3126 20a5 28c6 3127 3127 3107 3125 3122 6aa2 eee9 ff66 ffa5 ffc4 ffe4 ffc4 ffe4 ffe4 ffc4 ffc4 ffc4 ffc4 ffc4 ffc4 ffc4 ffc7 ff8c 6b40 41c0 e70d ffa7 ffc4 ffc4 ffc4 ffc4 ffc4 ffa4 f723 f6c2 f682 fe82 fe62 f682 fe82 fe62 fe62 fe62 fe42 fe62 fe62 fe62 fe62 fe62 fe62 fe62 fe62 fe62 fe62 fe62 fe62 fe62 fe62 fe62 fe62 fe62 fe61 fe62 fe82 fe62 fe62 fe62 fe82 fe62 fe42 f581 f521 fd21 fd01 fd00 fd21 fd00 fd21 fd21 fd21 fd01 fd01 fd21 fd22 fd41 fd41 fd42 fd41 fd41 fd42 fd42 fd42 fd02 f482 f401 f402 f402 f402 f3e2 f3e2 f3e2 f3e2 fbc2 fbc2 fbc3 fbc2 fbc3 fbc3 fbe2 fbe2 fbc2 fbc2 fbc3 fbc2 fbc2 fbc3 fbc3 fbc3 fbe3 fbe3 fbe2 fbe2 fbe2 fbe2 fbc3 fbc3 
fd44 fd44 fd45 fd45 fd44 fd44 fd44 fd44 fd44 fd45 fd44 fd24 fd24 fd04 fce4 ec02 f403 fbe4 fbe4 fbe4 fbe3 fbe3 fbe3 f3c3 fbe4 fbe4 fbe4 f3e3 fbe4 fbe4 f3e4 f3e4 fbe5 f3e5 f3e5 ebc5 dba5 dba6 d3a6 cb67 cb87 cb87 cb65 cb65 cb86 d365 cb45 d325 d345 d346 d345 cb45 dba6 d3a7 d3a7 aae6 79a2 79a3 7141 bb27 cb66 dbc5 f445 f465 f486 ec88 bba8 71c3 5984 7a69 7226 b40d 9bab 59c4 59a3 abe9 ed89 f5a6 f5a5 fdc6 fde9 b383 cc69 a325 cc47 f5a9 fdc6 fda4 fda4 fdc4 fdc3 fdc3 fdc3 fdc3 fdc3 fdc3 fdc3 fdc4 fdc4 fdc4 fdc3 fdc3 fdc3 fdc3 fde3 fdc3 fdc3 fda3 fda3 fda3 fd63 f4c2 ec82 f462 f462 f462 f462 f462 f462 f462 f462 f462 f462 f462 f462 f481 ec81 f4e2 fda3 fda3 fda2 fda2 fda2 fda2 f5a1 f5a1 f5a1 f5a1 f5a1 f5a1 fe02 fe63 fe62 fe62 fe63 fe43 fe43 fe43 fe43 fe43 fe43 fe23 fe42 fe63 fe42 fe42 fe43 fe43 fe43 fe43 fe43 fe43 fe43 fe23 fe43 fe44 fe45 f629 7263 3924 3126 1884 1043 2926 3106 3107 3107 3106 3103 7b07 c528 e5e6 ee03 f622 f622 ee43 f683 ff27 ff4c 9c87 3962 3126 20a5 28e7 3127 3107 3127 3124 49e1 d64c ff88 ffa4 ffa4 ffc4 ffc4 ffc4 ffc4 ffc4 ffc4 ffc4 ffa4 ffa4 ffc4 ffc4 ffc4 ffa7 ffac 7340 41e0 e70d ffa7 ffc4 ffc3 ffc3 ffe4 ffc4 ffa4 f6e2 f6a2 f682 f682 f661 f662 f662 f661 fe41 fe41 fe42 fe41 fe41 fe41 fe41 fe42 fe41 fe42 fe42 fe42 fe42 fe42 fe42 fe42 fe42 fe21 fe42 fe41 fe41 fe42 fe42 fe41 fe42 fe41 fe41 fe21 fe22 f581 fd41 fd21 fd21 fd01 fd21 fd01 fd21 fd21 fd21 fd21 fd21 fd22 fd21 fd42 fd42 f542 fd42 f561 f561 f560 f561 f561 f541 f542 f522 f522 f522 f502 f522 f502 f502 fce3 f462 f402 fbe2 fbc2 fbc2 fbc2 fbc2 fbe3 fbe3 fbc2 fbc2 fbc2 fbc2 fbe2 fbe2 fbe2 fbe2 fbe2 fbe2 fbe3 fbe3 fbe3 fbe3 
ed01 ed01 f522 f522 f522 f502 f542 f543 f522 f502 f502 f502 f502 fce3 fcc3 f442 ec21 ec22 f442 f442 f422 f423 fc43 ec02 f3e2 f403 f404 f3e4 ec05 ebe5 ec06 e3e5 d3a4 d384 d3a5 d385 cb86 cb87 cb67 cb87 c366 c345 cb46 cb46 cb46 cb46 cb46 cb67 c346 bb66 bb67 b349 8a45 6963 6943 7163 7162 a285 d386 eba5 eb84 f383 f383 eba4 e3a5 bb25 61a3 30e3 3166 41e9 5229 6aa9 59e6 7224 bba7 e487 ec64 f463 f463 f464 e445 bb63 cc48 9ac2 d406 ec86 ec83 f463 ec62 ec42 ec63 ec63 ec63 ec63 ec63 ec62 ec62 ec61 ec82 ec62 ec62 ec62 f482 ec62 ec42 ec62 ec62 ec42 f442 f443 f423 f402 f3e2 f3e2 f402 fbe2 fbe2 fbe3 fbe3 fbe3 fbe3 f3c2 fbe3 fbe3 fbe3 fc03 f402 f422 ec41 ece1 fd83 fd83 fd83 fd83 fd83 fda3 f582 fda3 fda2 fdc2 fdc2 fde2 fde2 fdc2 f5e2 f5e1 f5e2 f5e2 f5e2 fdc2 fdc2 fdc2 f5c2 f5c2 f5e2 f5e2 fdc2 fdc2 fdc3 fde2 f5e2 f5e2 f5e2 f602 f5e2 f5e2 f624 f649 6a63 3903 3126 1024 28e7 3107 3107 3107 2906 2923 4a02 b528 f729 ff65 ff64 ff64 ff64 ff64 ff85 ff87 ff8b a4a6 4162 3946 1884 18a4 3146 3967 3146 3943 62a1 f76d f786 ffa4 ffc4 ffc4 ffc4 ffc4 ffc4 ffc4 ffc4 ffc3 ffc3 ffc4 ffc4 ffc4 ffc4 ffa7 f78c 6b40 39e0 e70d ffa8 ffc4 ffc4 ffc4 ffc3 ffc3 ffc3 ffa3 ff84 ff84 ff44 ff44 f6c3 f662 f661 fe62 fe42 fe42 fe62 fe62 f641 f661 fe61 fe61 fe62 fe62 fe42 fe62 fe42 fe42 fe42 fe42 fe42 fe42 fe42 fe62 f641 f661 fe62 fe62 fe62 fe62 fe42 fe42 f5e1 fde2 f561 f521 f521 fd21 fd01 fd21 f501 f500 fd21 fd21 fd01 fd21 fd22 fd42 ed61 fe03 fe84 fea4 fea3 fec3 fee4 fee3 f6e2 f6e2 fee3 fee3 fee3 fec4 fec4 fe43 ed41 ece1 ec61 ec21 f401 f3e1 f3e2 f3e2 ebe1 ec01 f401 f401 f401 f422 f402 f422 f401 f401 f421 f402 f422 f402 f403 f403 
fce3 f4e3 f503 f504 f504 fd04 fd04 fd04 fd03 fd03 fce3 fce3 fce3 fce3 fce3 fd03 fce3 fce3 fce4 fce4 fce4 fcc4 fcc4 fcc4 fca4 fc85 f445 db84 d385 d385 d385 dba6 dbc7 dbc7 dbc7 dbc7 dbc7 dbc7 e3c7 e3c7 e3c6 e3c6 ebc5 ebc6 e3a6 db86 d3a8 cba9 b328 ab29 6142 6143 6984 79a4 9a65 dbc9 e3a7 eb85 f383 f383 f362 f363 eb84 e386 cb27 9245 8b0b 3987 3a2a 320b 3a0a 51e8 8286 cc09 ec25 f3e3 f3e3 fbe3 f3c3 f3e4 c2c3 bac4 e42a aa62 d385 ec06 f3e3 fbe3 fbe2 fbe3 f3e3 f3e3 f3e3 fbe3 fbe3 fbe3 fbe3 fbe3 fbe3 fbe3 fbc3 fbc3 fbe3 fbe3 fbc3 fbc3 fbe3 fbe3 fbe3 fbc3 fbc3 fbc3 fbe3 fbe3 fbe3 fbe3 fbe2 fbe2 fbe2 fbe3 fbe3 fbe3 fbe3 fbe3 fbe3 fbe3 fbe2 fbe2 f402 f402 f422 f422 f442 f422 ec41 f482 fce3 f4c2 f4e2 fd83 fd82 fd82 fd81 fd81 fd81 fd82 fd82 fd81 fd81 fd61 fd61 fd61 fd61 fd61 fd62 fd62 fd62 fd62 fd62 fd62 f561 f561 f581 fe02 fe22 f622 fe44 f649 7283 3924 3126 1044 3127 2907 3106 3106 3125 41e3 ad48 f78b f7a6 ffc4 ffc4 ffc4 ffc4 ffc4 ffc5 ffc6 ffa7 f74c 8c09 3944 20a4 1885 3127 3947 3145 5223 ef2d ffa9 ffa5 ffc3 ffc3 ffc4 ffc4 ffc4 ffc4 ffc4 ffc4 ffc4 ffc4 ffc4 ffc4 ffc4 ffc4 ffa7 f78c 6b40 39e0 e6ed ffa8 ffc5 ffa5 ffc5 f7a6 ffc6 ffc4 ffc4 ffa4 ff84 ef02 eec2 eea2 eea1 f6a1 f6a2 f6a1 f6a2 f682 f682 f661 fe62 fe62 fe62 fe62 fe62 fe42 fe42 fe42 fe42 fe42 fe42 fe42 fe42 fe62 fe62 fe62 fe62 fe42 fe42 fe42 fe42 fe42 fe42 fe42 fe22 fe02 fe02 fe02 fde2 fe02 fde2 fd81 f560 f561 fd61 f541 f541 f561 f561 f5a1 fe02 f601 ee21 ee21 f682 ff24 ff43 ff43 ff63 ff43 ff43 ff43 ff63 ff43 ff03 fea3 fe63 fe43 f5a2 f562 fd62 fd82 fd82 fd82 fd62 fd62 fd63 fd62 fd62 fd63 fd63 fd62 fd62 fd43 fd65 e4e6 dcc8 e4c8 dca9 
dc05 dc26 cbe6 c3e6 c3e6 cbe6 cbe5 dc26 ec65 ec44 ec44 ec43 f442 f422 f422 f422 f402 f402 f402 f402 f402 f422 f423 fc23 f403 f3e3 f3e4 eba4 db84 db85 db85 db85 dba5 db85 db85 db85 db85 db85 db64 db64 e364 e3a4 eba4 eba5 ebe7 d367 bb28 9a46 58e1 6984 79a4 9244 dbe8 e3c6 eba5 f3a4 f3a3 f3a3 f383 f383 f383 e364 d366 aaa5 9a86 82a8 51e6 41e8 3a0a 41e9 49c7 8aa7 cba7 ebe5 f3c3 fbc3 fbc3 fbc3 f3c3 ebe5 bac3 b2c4 d3c9 a242 d365 ebe5 f3c4 fbc3 f3c3 f3c3 f3c3 f3c3 fbc3 fbc3 fbc3 fbc3 fbc3 fbc3 fbc3 fbc3 fbc3 fbc3 f3c3 fbe3 fbc3 fbc3 fbc3 fbc3 fbc3 fbc3 f3c3 f3e3 f3c3 fbe3 fbe3 fbe3 fbc3 fbc3 fbc3 fbc3 fbe3 fbe3 fbc3 fbc3 fbc3 fbc3 fbc3 fbc3 fbc3 fbc3 fbc2 fbc2 fbc2 fbc2 f3e2 f3e2 f3e2 ebe1 f441 f482 f4a1 fd22 fd42 fd62 fd41 fd41 fd41 fd41 fd41 fd41 fd41 fd41 fd42 fd42 fd42 fd41 fd41 fd42 fd42 fd42 fd41 fd41 f581 fe23 fe42 fe43 fe44 f649 7263 3923 3105 1864 3107 3107 3107 3126 3122 9448 f78b ffc6 ffc4 ffc3 ffe4 ffe4 ffc3 ffc4 ffe4 ffc5 ffc6 ff8b 9448 3963 20a3 2907 3127 3926 3945 5a42 ff8c ffa6 ffc4 ffc3 ffc4 ffc4 ffc4 ffc4 ffc4 ffc3 ffc4 ffc4 ffc4 ffc4 ffc4 ffc4 ffc4 ffa7 f7ac 6b40 39c0 e6ed ffa8 ffc5 ffc7 d664 8c40 ff8a ffa5 ffc4 ffa3 ffa4 ffa3 ffa3 ffa4 ffa4 ff84 ff84 ff84 ff84 ff84 ff64 ff03 f682 f682 f642 fe42 fe42 fe42 fe42 f642 f642 f642 fe42 fe42 fe42 fe42 fe42 fe42 fe42 fe42 fe42 fe42 fe41 fe42 fe42 fe21 fe42 fe22 fe42 fe22 fe22 fe42 fe41 fe41 fe41 fe41 fe21 fe42 fe42 fe42 fe42 fe62 fe41 fe41 fe61 f661 f681 f6a2 f6a2 f681 f681 f681 f681 f6a2 f6a2 f6c1 fee2 fee2 fee2 fec2 fec2 fec3 fea3 fea3 fea3 fea3 f621 f5c0 f5c1 f5c1 f5a1 fd81 fd81 fd82 f582 f583 ed67 69e1 4901 40e2 5164 
abcb a3cc 72a9 6248 51e6 49c5 49a4 72a7 a3aa aba9 ab67 c3a7 ec27 f405 f404 fbe3 fc03 fbe3 fbe3 fbe3 fc02 fc02 fbe2 fbe3 fbe3 fbe3 fbc3 fbc3 fbe4 fbe4 fbe4 f3c4 f3c4 f3c4 f3c4 f3c4 f3c3 f3a3 f3a4 f3c5 eba6 e3a7 cb26 c347 c348 a224 9204 9204 9a03 dbc9 ebe7 f3e6 f3c4 fbc3 fbc3 fba2 fba3 fba2 fba3 f384 e386 c2e6 91e4 8a26 61c5 7269 5a07 6a69 5a28 61e6 a307 dc07 f3e5 fbc3 fbc3 fbc3 fbc3 fbc3 fbc3 f3e5 bae4 aac5 d3ea a222 d365 ebe5 f3c3 fbc3 fbc3 fbc3 fbc3 fbc3 fbe3 fbe3 fbe2 fbe2 fbe2 fbe2 fbc3 fbc3 fbe3 fbe3 fbe3 fbe3 fbe3 fbe3 fbe3 fbc3 fbc3 fbc3 fbe3 fbe3 fbe3 fbe3 fbe3 fbe3 fbe3 fbe3 fbe3 fbe3 fbe3 fbe3 fbe3 fbe3 fbe3 fbe3 fbe3 fbe3 fbe3 fbe3 fbe3 fbe3 fbe3 fbe3 fbe3 fbe3 fbe2 fc02 fc02 f402 f462 fce2 fd02 fd62 fd62 fd61 fd61 fd61 fd62 fd62 fd42 fd42 fd62 fd61 fd61 fd41 fd41 fd41 fd61 fd42 fd42 fd62 fda2 fe23 fe43 fe43 fe64 f649 6a63 3923 1042 2907 3107 3107 3126 3124 5202 b569 ff88 ffc4 ffc4 ffc4 ffe4 ffc4 ffe4 ffc4 ffe4 ffc5 ffc5 ff89 9447 2901 1882 3107 3127 3946 3963 7b64 ff8a ffc5 ffc4 ffc3 ffc3 ffc4 ffc4 ffe4 ffc4 ffc4 ffc4 ffc4 ffc4 ffc4 ffc4 ffc4 ffc4 ffc7 f7ac 7360 39e0 e6ed ffc7 ffc5 ffa8 ce26 83c0 f76c ffa7 ffc4 ffc4 ffc3 ffc3 ffc3 ffc4 ffe4 ffc4 ffc4 ffc4 ffc4 ffc4 ffc4 ffa4 ff84 ff44 f6a2 f662 fe62 fe62 fe62 fe62 fe62 fe62 fe62 fe42 fe42 fe42 fe42 fe42 fe42 fe62 fe62 fe42 fe42 fe42 fe42 fe42 fe42 fe42 fe42 fe62 fe62 fec3 fee3 fee2 ff02 ff02 ff02 ff02 ff02 ff02 ff03 ff02 ff03 ff03 fee3 ff03 ff03 fee2 ff02 fee2 fee2 fee2 fee4 f6a6 e603 f6a3 fee3 fee2 fee2 fee2 fee2 ff02 ff02 ff02 ff02 fee2 fee3 fec3 fe62 f5e1 fdc2 fdc2 fda2 fda2 fdc3 f5c5 e568 9367 38c0 8309 b48e 
424a 3a2a 3a4b 3a4b 08e6 08c5 08c4 2146 3209 39c8 41c7 72a8 a307 dc08 e3c6 eba4 f3e4 fc04 fc04 fbe4 fbe3 fbe3 fbe3 fbc3 fbc3 fbe3 fbc3 fbc3 fbc3 fbc3 fbc3 fba3 fba3 fba3 fba3 fba3 f3a3 eba4 eba6 cb05 c327 a285 6901 9225 9a03 c2e5 ebe7 ebc5 f3a5 f3a4 f3a3 fba3 fba3 fba3 fba4 fba3 f3a3 f3a3 f3a4 e385 b2a5 89a2 b307 bbcb 69c5 61c5 a36b ab6b 8a45 b327 ec07 f3c4 fba3 fbc3 fbc3 fbc3 f3e3 f3e4 f3c4 ebe6 b305 a2e6 cbea 9a22 cb65 e3e6 ebc4 f3e4 fbe4 f3e3 f3c3 fbe4 fbe3 fbe3 fbc3 fbc3 fbe3 fbc3 fbe3 fbc3 fbe3 fbe3 fbe3 fbe3 fbe3 fbe3 fbe3 fbc3 fbc2 fbc3 fbc3 fbc3 fbe3 fbc3 fbc3 fbc3 fbc3 fbc3 fbc3 fbc3 fbc2 fbc2 fbc3 fbc3 fbc3 fbc3 fbc2 fbc3 fbc3 fbc3 fbc3 fbc3 fbc2 fbc2 fbc2 f3c2 f402 f422 f442 f442 ec42 ec41 f4c1 fd22 fd22 fd22 fd41 fd41 fd41 fd41 fd22 fd22 fd42 fd42 fd41 fd21 fd21 fd21 fd22 fd22 fd42 fd42 fd62 fdc2 fde2 f5e2 f624 ee49 6a63 3103 1042 2927 3127 3127 3926 3963 9c87 ff8d ffa7 ffc4 ffc4 ffc4 ffc4 ffc4 ffc4 ffc4 ffc4 ffa4 ffc5 ffaa 8c26 20c0 1042 2907 3127 3944 5222 f770 ff88 ffa4 ffc4 ffc3 ffc3 ffa4 ffc3 ffc3 ffc4 ffc4 ffc4 ffc4 ffc3 ffc4 ffc4 ffc4 ffc4 ffa6 ffac 6b40 39c0 e6ed ffa8 ffa6 ffa8 ce06 5a60 d64a ff87 ffa4 ffc4 ffc4 ffa3 ffc4 ffc3 ffc3 ffc3 ffc3 ffa3 ffa3 ffa3 ffa3 ffc4 ffa4 ff84 ff44 f6c2 f682 fe61 fe41 fe41 fe41 fe41 fe41 fe41 fe42 fe41 fe41 fe21 fe21 fe41 fe41 fe21 fe41 fe42 fe42 fe41 fe41 fe21 fe21 f641 f641 fee2 ff02 f722 f722 ff22 ff02 f722 ff42 ff22 ff22 ff22 ff22 ff23 ff23 ff02 ff02 ff02 ff02 fee2 fee3 ff03 fee6 ee8a 72c0 f6e7 f6c4 ff03 ff02 ff02 ff02 ff03 ff02 ff22 ff02 ff02 fee2 f6a2 fe82 f642 f622 fe22 f602 f602 f5e4 e587 c487 40c0 d551 dd70 c4ad 
1968 324c 324c 2a2c 0907 324c 324c 21aa 1968 29eb 324c 4aac 3965 6a47 a328 c3a8 cb86 e3e7 e3c6 eba5 ebc5 eba4 f3c4 fbe3 fbc3 fbc3 f3c4 f3c4 f3c4 f3c4 f3c4 fba4 fb84 fb84 f3a4 eba6 d346 aa64 a286 7121 7142 9204 a223 e3c8 ebc6 f3a4 f3a3 fba3 fba3 fba3 fba3 fba3 f3c4 eb84 cb04 db66 f3e5 f3c6 e3a7 aa02 dba9 b2a6 bb28 bbab 9286 bbcb bb8a 9a44 c325 ebe6 fbc3 fbc3 f3e3 ebc5 b304 ab26 a328 a349 a369 9b6a 82c9 7aaa 936d 7268 8aea 9b2a a2e8 b307 b2e6 c326 ec08 ebe6 ebe5 f3e4 f3c5 f3c4 fbe4 fbe3 fbc2 fbc2 fbe2 fbe3 fbe2 fbc2 fbe3 fbe3 fbe3 fbe3 fbe3 fbe3 fbe3 fbe3 fbe3 fbe3 fbe3 fbe3 fbc3 fbc3 f3c2 fbe3 f3c2 fbc2 fbc2 fbc2 fbc2 fbc2 fbc2 fbc2 fbc2 fbc2 fbc2 fbc2 f3c1 f3c2 fbc2 f3c2 f421 fce3 fd43 fd43 fd43 fd62 fd62 fd62 fd62 fd61 fd61 fd61 fd61 fd61 fd42 fd42 fd42 fd42 fd42 fd42 fd42 fd42 fd41 fd42 fd42 fd42 fd42 fd42 fd82 f582 f5c3 ede9 6a63 3104 1023 2907 3127 3926 3944 7326 ef0c ff88 ffc6 ffc4 ffa4 ffa4 ffc4 ffc4 ffc4 ffa5 ffc5 ffa5 ffc5 ff8a 9446 20c0 1862 2906 3106 3144 5220 f76d ff87 ffc4 ffc4 ffc4 ffc3 ffc3 ffc3 ffc3 ffc3 ffc3 ffc3 ffc4 ffc4 ffc4 ffc4 ffc4 ffc4 ffa7 ffac 6b40 39c0 e70d ffa8 ffc5 ffa7 ce46 5240 9444 ff88 ffa4 ffa4 ffa4 ffc4 ffc4 ffc4 ffa4 ffa4 ffa4 ffa4 ffc4 ffc3 ffc3 ffc4 ffa4 f723 f702 fee2 f6a2 f661 f661 f661 fe61 fe61 fe61 fe62 fe62 fe62 fe61 fe62 fe41 fe41 fe61 fe41 fe62 fe62 fe61 fe61 f661 fe61 f641 f661 f681 ff23 ff43 ff63 ff63 ff63 ff63 ff63 ff63 ff62 ff42 ff42 ff43 ff23 ff03 f6e3 fee4 fec4 fec4 fec5 fec5 fec5 f6c8 e68c 6aa0 f6c7 f6c4 f6c3 fee2 fee2 fee2 fec2 fec2 fec2 fec2 fec2 fec3 f622 ede1 f622 fe43 fe43 fe64 fe64 f648 8b64 5161 9b8a c48f 7a87 9b6b 
29c9 1107 1127 21ca 29eb 324c 2a4c 198a 0928 2a2c 2a4c 3a6d 10a4 1042 72a9 8b2a 8b09 92e9 9b08 a308 ab07 cb87 e3a6 ebc5 f3a5 eba5 db85 d366 c346 c306 c2c4 db87 e387 db46 cb26 baa6 70e0 a267 aac7 b2c6 cb47 e3e8 ec08 ebe6 f3e5 f3c3 fba3 fba3 fbc3 fbc3 fba3 fbc3 f3c5 db65 91c1 aac5 ebe8 e3a7 b222 db67 e3e8 cb47 9a66 8205 ab49 9266 81c2 cb87 ebe6 f3e4 fbe3 f3e3 f3e5 dbe8 6a05 5229 424a 426b 3a6b 3a6b 326b 326c 3a6c 3a8d 3a4c 422b 3966 4966 5145 6185 9287 9266 9265 9a65 9a65 aa84 dba5 f3e5 f3c2 f3e2 f3e2 f3e2 f3e2 f3e2 f3e2 f3c2 f3c2 f3e2 fbe2 f3e2 fbc2 fbe2 f3e2 f3e2 f3c2 f3e2 f3e2 f402 f423 f463 f483 f483 f483 f483 f483 f463 f483 f463 f462 f462 f462 f462 f462 f463 f463 f462 f482 fd23 fd42 fd62 fd41 fd41 fd61 fd61 fd42 fd42 fd42 fd42 fd42 fd42 fd41 fd42 fd42 fd42 fd42 fd22 fd42 fd42 fd42 fd42 fd42 fd42 fd22 fd42 fd42 fd63 f583 edc9 6a43 3104 1022 2907 3127 3946 51c3 bca9 ee48 f664 f683 f682 f662 f682 f682 f682 f662 f683 f6a3 ff05 ff25 ff4a 9427 20c0 1882 2906 3126 3962 ad08 f76b ff86 ffa4 ffc4 ffc4 ffc4 ffc4 ffc4 ffc4 ffc3 ffc3 ffc4 ffc4 ffc4 ffc4 ffc3 ffc4 ffc4 ffc7 f7ac 6b40 39e0 e70d ffa8 ffc5 ffa5 ff88 c5c8 9462 ff88 ffa4 ffa4 ffc4 ffa3 ffc3 ffc3 ffc4 ffc5 ffc5 ffa4 ffc4 ffa4 ffa4 ffa4 ffa4 f722 f702 f6e2 f702 f702 f702 ff02 ff02 ff02 f702 fee2 fee2 fee2 fee2 f6e2 f6e2 f6e2 f6e2 f6e2 f6e2 f6e2 f702 f6e2 f6e2 fee2 fee2 f6e2 f702 ff43 ff43 ff63 ff62 f762 ff63 ff62 ff63 ff63 ff43 ff43 ff24 ff06 f646 c4a3 c464 cc65 c465 bc65 ac25 a446 a447 de30 6260 ee8a f686 f6a4 fe82 fea2 fe82 f681 fe82 fe82 fe82 fe82 fe83 fe63 f602 eda1 f5a1 f5a1 f582 f5a3 e587 6201 4123 7267 932a 9308 ed71 
18e6 0864 0064 08c5 1106 1127 1147 2a0b 324c 322b 1127 2189 0084 0884 426a 426b 428c 426b 428b 4a8b 5269 6247 a36a bbaa bb8a bbab a38b 7a88 6a89 51c6 4923 7a06 8a47 7123 7984 9226 9a25 cb88 dba8 dbc8 dbe9 d3e9 c3a9 aac5 cb45 ebe7 ebe5 f3e5 f3e4 f3c4 fbc3 f3c3 f3e4 ec06 bb26 aac6 dbc9 ba84 db87 ebe9 e409 bb26 9a44 c3aa aac7 9a44 d386 ebe5 f3c3 fbc2 fbe2 f3e2 ebe4 d408 5a26 3a4b 326c 2a6c 2a8d 2a6d 328d 2a6e 2a8e 2a4d 2a6d 326d 1927 2969 3168 3168 3148 3968 3147 3946 3946 5985 a2a6 cb65 f465 fc84 fca3 fca3 fca2 fca2 fcc2 fcc2 f4c2 f4c2 f4c2 f4c2 f4a2 f4c3 fcc3 fcc3 f4a3 fca3 f4a2 f4c2 fd43 fd83 fda3 fda3 fda3 fda3 fda3 fd83 fda2 fd83 fda3 fd83 fd83 fd83 fd83 fd83 fd63 fd63 fd83 fd82 fd82 fd62 fd62 fd62 fd82 fd62 fd62 fd62 fd42 fd42 fd61 fd61 fd61 fd61 fd62 fd42 fd42 fd42 fd42 fd42 fd42 fd22 fd22 fd22 fd22 fd22 fd22 fd43 f545 b3e5 51a3 3105 1022 28e6 3106 3923 6a22 edaa f584 fda2 fda1 fda1 f5a1 fda1 f5a1 f581 fda1 f5a1 f5a1 f5c2 ede3 ee69 9407 20c0 2083 30e6 3104 4180 f72d ff68 ff65 ff84 ffa5 ff85 ffa6 ffa6 ffc4 ffc4 ffc4 ffc4 ffc4 ffc4 ffc4 ffc4 ffc4 ffc4 ffc4 ffa7 ffac 6b40 39c0 e6ed ffa7 ffc4 ffc4 ffa7 c5e7 8c22 ef48 ffa6 ffc4 ffc3 ffc4 ffc3 ffc4 ffc6 e6e8 ad01 ff87 ffa5 ffa4 ffa3 ffc4 ffa4 ff83 ffa4 ffa4 ffa4 ffa4 ffa4 ffa4 ffa4 ffa4 ffa4 ffc4 ffc4 ffc4 ffa4 ffa4 ff84 ff84 ff84 ff84 ff84 ff83 ff83 ff84 ff84 ff84 ff84 ff83 ff83 ff83 ff63 ff83 ff63 ff63 ff83 ff63 ff64 ff64 ff05 fee6 fe88 c464 b3c5 9221 9202 91e2 89e3 71c5 4103 3104 2904 62ca 3963 7b68 8b84 b483 f646 f623 fe41 fe42 fe22 fe22 f602 fe22 f602 fe02 f5e2 f5a2 fda2 fd82 fd83 fda4 ed87 6a01 6206 59c5 7226 d4cf dd0f 
4a8a 4a8a 52ab 4a8a 528b 528b 52ab 6b4e 6b8f 6b8f 52cc 52ac 10c4 0863 10c4 08a4 1126 324b 326b 322a 1947 0884 4a29 5a8b 528b 52ab 4aac 4aad 3a2b 1084 1863 4125 834c 8b2b 8b2a 9309 92e8 b38b ab6a 69a3 61a4 5184 5a07 7247 a308 d40b aaa6 8960 dbe5 f445 f444 fc44 fc44 ec26 bb27 aac7 9a45 c328 e3e9 e3a8 bac6 91c3 e46d b2e6 a2a3 dc27 e403 f402 f3e2 f3e2 fc02 fc23 f424 d428 5a47 3a6c 326d 2a6e 2a8e 2a8e 228d 228e 22ae 2aae 2a8d 2a8d 1148 1968 2148 2128 2148 2168 2148 2148 2948 3925 7a04 a2c2 f526 fd44 fd43 fd43 fd63 fd63 f562 fd83 fdc3 fde4 fde3 fde3 fde4 fe04 fde2 fe02 fe02 fe03 fe03 fe03 fe04 fe24 fe03 fde3 fe03 fde3 fde3 fde3 fde3 fe03 fde2 fde2 fe02 fde2 fe03 fde3 fde3 fde3 fdc2 fde3 fde3 fe03 fe03 fe03 fe03 fde3 fde2 fde2 fe02 fe02 fde3 fdc3 fde3 fda3 f521 fd22 fd42 fd42 fd42 fd42 fd42 fd42 f521 f521 fd42 fd22 fd22 f524 e528 7a63 3903 2084 1864 28e6 3126 4123 bc47 ed87 f583 fd81 fda1 fda1 fda2 fd82 fd82 fd82 fd61 fd61 fd62 fd83 ed86 c4a7 51a2 1841 28e4 2905 3124 41c1 eeee f709 f729 ff49 f72a de88 bd64 e6c8 ffa6 ffa4 ffc4 ffe4 ffc3 ffc3 ffe4 ffc4 ffc4 ffa4 ffc4 ffa7 f78c 6b20 41e0 e6ed ff87 ffc4 ffa4 ff88 bdc8 39a0 a4e2 ff89 ff86 ffa5 ffa4 ffa5 ff84 ff68 ce0a 5aa0 f78a ff87 ffa5 ffa3 ff82 ffa3 ffa3 ffa4 f6e2 f6c2 f6c2 f6c2 eea1 f702 ff84 ff84 ff84 ff84 ff84 ff84 ff63 eec1 f6c1 f6a1 f6c2 f6a1 f6a1 fec2 f6a1 f6a1 f6a1 f6c2 f6a2 f6a2 fec2 fec2 f6c1 f6c1 f6e1 f6c1 f6c1 f6a3 fe86 bc21 a321 a2e3 9202 91e3 99c3 99c4 99c4 89e5 69c5 3903 2945 2146 2146 2126 2125 3122 72c1 ee09 f605 f604 f605 fe05 fde3 fde3 f5a2 f5a1 f5a2 fda2 fd82 fd82 fd83 fd83 f583 ed67 61e0 b48f 9bcd 7227 5964 8288 
8c50 8c50 8c30 8c30 8c10 8410 8410 8410 4229 2966 3186 2967 10a3 0043 0043 2147 0884 08a5 10e6 21a9 08e6 21a9 320b 322b 324c 326d 326d 326d 322b 0884 0864 3167 62cc 6aab 5aab 524a 4a09 524a 526b 1884 0863 0863 0863 3125 72a9 9b6b abab 9ae6 cbc8 cb86 ec06 ec05 ebe5 dbc7 ab48 9ae8 9ac7 ab49 c38a 9a24 9224 d44c a2a4 aae4 f4e8 f4e7 fce5 fcc4 fcc4 fca4 fcc4 f4a4 f4e6 d4ca 5247 3a4b 2a6d 2a6e 226d 226e 2a6e 2a8e 2a8e 2a6e 2a6d 326d 1128 1969 1969 2169 2168 2168 1948 2168 2168 3125 7a25 aac3 f506 fd44 fd43 fd42 fd62 fd62 fd62 f562 f562 f562 f562 f582 f562 f542 f522 f501 f502 f502 f502 f4e2 f4e2 f502 f4e2 f4c2 f4e2 f4c2 f4c1 f4c1 f4c1 f4c1 f4c1 f4e1 f4c1 f4e1 f4e1 f4e1 f4e1 f4e1 f4e1 f4e2 f502 f502 f502 f542 f562 f562 f562 f541 f561 f541 f562 f562 f562 fd62 fd21 fd21 fd22 fd22 fd22 f4e1 f4c1 fd02 fd22 fd22 fd22 fd22 fd23 ed26 a345 4942 3104 1023 28e6 3106 30e5 5162 e569 f564 fd62 fd61 fd82 fd62 fd82 fd82 fd82 fd82 fd82 fd82 fd82 f564 e568 9365 2080 1021 2906 3127 3126 4164 93c9 93a7 5a42 5243 5a64 5a64 4a01 b549 ffa9 ffc5 ffc4 ffc4 ffc4 ffc4 ffc4 ffc4 ffc4 ffc4 ffc4 ffa7 f78c 6b20 39e0 deec f7a7 ffc4 ffc4 f788 bdc9 3160 9c42 e667 ee84 f682 f682 f6a2 eea2 ee86 c548 51e0 a4a3 ee87 eea3 f6a2 f6a1 f6a2 f6a2 f6a2 ee41 f641 f641 f621 f621 f641 f682 f682 f681 f681 f681 fe82 f661 f641 f641 f621 fe21 fe21 f621 f621 f621 f621 fe41 fe41 f621 f621 fe21 fe21 f621 f621 fe41 fe41 fe41 fe03 fe07 a2e0 91c1 91c3 99c3 99c3 91c3 91c4 91c4 89e5 71c6 4105 2926 1927 1947 1927 2126 2923 7282 e5aa e5a8 b403 7240 d50a ed67 f544 f523 fd02 fd02 fd02 f502 f502 fd02 f502 f4e3 e507 6a02 59c5 4964 38c2 7267 bc8f 
5aed 5b0d 5aed 5aec 5acc 528a 2105 2105 0863 0022 0022 0022 0022 0022 0043 0884 0884 2188 21a9 2189 1989 322b 1106 0084 0884 0885 0885 0885 0884 0843 18a5 39c9 0843 0843 31a9 3a2b 324c 324c 322b 2a0b 2a0b 21eb 2a0b 29ea 2167 4208 732c 7b4b 832b 82e9 9308 92c6 ab48 7a04 82e9 8b4c 830b 6a06 7a27 abac b38b 8a24 bb87 e488 f4a5 f483 f463 f462 fc42 fc42 fc42 f444 e447 9ae6 3965 21a9 2a4c 2a6d 2a6d 2a6e 228e 2a8e 2a8e 2a8e 2a8e 326d 1128 1969 1949 1949 1948 1948 1968 2168 2168 3125 7a05 aac3 f506 fd44 fd43 fd43 fd43 f544 ed45 e4e4 ed45 f584 f583 fd83 fd63 fd02 f461 f422 f422 f422 f422 f422 f422 f402 fc22 fc02 fc02 fc02 f402 fc02 f402 f422 f422 f422 f422 fc22 fc02 fc02 f421 f402 fc02 fc02 fc22 f421 f422 fc83 fcc3 fce3 fce2 fcc2 fcc2 fcc2 fcc2 fcc2 fce2 fce2 fce2 fcc3 fcc3 fcc3 fcc3 fca3 fcc3 fce3 fce3 fce3 fd03 fd03 f4e4 e4c8 8ac6 3903 30e5 1023 28e6 3106 3105 5143 e54b f547 f546 f545 fd45 fd45 fd65 fd65 fd65 f565 fd46 fd46 fd46 ed49 bc49 4100 1840 0822 2926 3127 3146 3125 5a48 5227 62a9 5228 2104 2924 2922 62e4 dea9 ffa7 ffc5 ffc4 ffc4 ffc4 ffa4 ffa4 ffc4 ffc4 ffc4 ffa7 f78c 6b20 41c0 e6cc f787 ffa4 ff84 ff68 bdca 3940 9c24 ee29 f645 fe42 fe42 fe42 f642 f606 c4e8 5980 8b41 ee28 f643 fe41 fe41 fe61 fe41 fe41 fe42 fe42 fe42 fe22 fe41 fe41 fe41 fe61 fe61 fe41 fe61 fe41 fe41 fe41 fe41 fe41 fe41 fe41 fe41 fe41 fe42 fe41 fe21 fe42 fe41 fe41 fe41 fe41 fe41 fe41 fe42 fe42 fe21 fe03 fde7 a2e0 91e1 91c3 91c3 99c4 99c4 91c4 91c4 8a05 71e6 4104 2926 2147 2127 2127 2127 3104 7263 e56c e56a a344 5140 61c3 7a22 ab43 ecc5 f4c2 fce2 fce2 fce2 fce2 fce2 fce3 f4e6 c427 4921 51e6 a42f 8309 69e3 dd50 
08a5 0884 0884 10a5 10c5 10a5 0022 0022 0022 0022 0022 0022 0043 08a4 29c8 2147 0064 1107 1948 2189 1969 322c 1106 0864 0864 0864 0863 0863 0863 0863 0883 10a4 0883 0884 29c9 1948 1127 322c 2a2c 2a2c 2a4c 2a2c 2a2c 2a2c 0907 2189 3aad 42ad 42ad 428c 4a8c 2105 18a2 1882 526a 62ed 4209 1063 6acc 6aaa 51a5 a38a c3e8 ec67 f443 fc22 fc22 fc22 fc22 fc02 f402 f424 e428 8a86 3125 1989 2a4d 2a6d 2a6e 2a6d 226e 2a8e 2a6e 2a8e 2a8e 2a8d 0928 21eb 21cb 21cb 21aa 1949 1969 1969 2148 3125 8225 b2e4 f4c7 fce5 fce5 fce5 f505 e4e7 a386 7201 aba4 e507 ece4 fce3 f4c3 fc82 f422 f402 fc02 fc02 fbe2 fbe2 fbe2 fbe2 fbc2 fbe1 f3e2 fbe2 fbe2 fbe2 fbe2 fbe3 fbe2 fbe2 fbe2 fbe2 fc02 fbe1 f3e2 f3e2 f3c2 fbc2 f3c2 f3c2 f3e2 f3e2 f3c1 f3c1 fbc1 f3c1 f3c1 f3c2 ebc3 e3c4 e3c4 e3c4 ebc3 eba2 eba2 ebc2 ebc2 f3e2 f3e2 f3e1 f3e1 f402 f402 ec04 d426 9ae5 4902 3905 3127 1044 28e7 3107 38e5 4904 8224 8a02 8a02 9201 9221 9221 9221 9221 9221 9221 9221 8a01 8a22 8223 61a4 2881 1021 0842 2906 3127 20a4 30e4 51e7 3103 730c 5a8a 2905 2925 2923 5a84 d66a ff88 ffa5 ffc4 ffc4 ffc4 ffa4 ffa4 ffa4 ffa4 ffc4 ffa7 f78c 6b20 41c0 e6ac ff67 ff63 ff63 f748 bda9 3960 51c0 bca8 ee29 ede5 fe24 fe03 fde2 f5c6 c487 5960 8b20 ee08 f603 fe01 fe01 fe02 fe01 fe01 fe01 fe01 fe01 fe01 fe01 fe02 fe02 fe02 fe02 fe02 fe01 fe02 fe01 fe01 fe02 fe02 fe02 fe02 fe02 fe02 fe02 fe02 fe02 fe02 fe02 fe02 fe02 fe02 fe01 fe01 fe01 fe01 fe01 fde3 fdc7 a2c0 91e1 91c4 91e4 91c4 91c4 91c4 91c4 91e5 71c6 4105 2926 2148 2147 2147 2146 3124 61e3 ccab e52c a365 b44c 8ac7 6161 c3e8 ec86 f483 fc82 fca2 fca2 fca2 f4a3 f4c5 cc27 8265 4944 28a2 38c2 9b8b abaa d4ce 
0863 0843 31a8 2967 0022 0022 0022 0022 0022 0022 0002 0022 0023 0884 2988 2148 0885 29ca 1947 0064 1127 320b 428b 4aac 52ac 52ab 52ab 4a8b 4a8b 4aab 52ab 52ac 52ac 528c 4a6b 424a 424a 3a2a 3a2a 3a2a 3a4a 3a6b 3a4b 3a4b 31ea 52ee 3a4c 08c6 1169 2a2c 2a2c 322b 2147 0043 0064 0864 0064 0864 4a6b 52ab 5aab 836c 9348 c3c8 e406 f405 f405 fc05 f404 f425 f425 ec26 dc4a 8a87 3146 218a 2a4d 2a4d 2a6d 2a6d 2a6d 2a6d 2a6e 2a6e 2a6d 326d 0928 21cb 29ca 21ca 21ca 29cb 21aa 218a 21aa 3146 8287 b328 bb26 bb24 bb24 bb24 b345 9b27 4144 51e7 7ae9 b3ea b365 d3c4 ec04 ebe3 ebe4 f3e4 f3e4 f3e4 f3e3 fbe2 fbe2 fbe3 f3e3 ec04 ebe4 f404 f3e2 fbe2 fbe2 fbe2 fbe2 fbe2 fbc2 fbe2 f3e2 f3e3 f3e4 ebe4 ebc4 ebc4 e3c4 ebc5 ebc4 f3c3 f3c2 f3c2 f3a2 f3c3 f3c4 e3a6 b263 aa64 aa45 aa24 c2a4 e387 e3a7 d305 c2a3 e365 f384 f3a3 f3c3 f3e3 ebe5 c365 8a65 48e2 3905 3927 3127 1044 3107 3907 51c8 726a 6965 7164 7163 7963 7963 7963 7963 7963 7963 7163 7163 7183 7184 61a5 30a2 1021 1042 0822 1043 20a3 28a3 4165 4985 4985 6a89 6acb 2905 2905 2924 5265 d62b ff69 ff85 ff84 ffa4 ffc4 ffc4 ffc4 ffa4 ffa4 ffa4 ffa6 f78b 6b00 41a0 de2c f6a7 fea4 fea4 f6a8 bd49 3960 49a0 a42a e5ed 82a0 dd25 ed64 ed62 ed44 c427 5960 8ae1 e569 f564 fd42 fd61 fd41 f541 fd42 fd42 f522 fd42 f542 f541 fd41 fd41 fd41 fd61 fd61 fd61 fd41 fd61 fd61 fd61 fd61 fd41 fd61 fd62 fd62 fd41 fd41 fd62 fd62 fd42 fd42 fd42 fd42 fd42 fd42 fd42 fd42 fd21 f523 f526 aaa0 91e2 91c4 91c3 91e4 91e4 91e4 91e4 8a05 71e6 4104 2926 2147 2147 2147 2127 2925 4984 a3cb d52f 9b68 b44e ac0e 5983 9b48 cc09 dc27 e447 e446 e446 ec66 e486 e4a9 9263 bc4d 7aa8 4123 c532 9bac 5942 c48f 
1041 1041 1041 1042 1062 1062 1062 1061 1042 1062 1862 1062 0842 0022 0023 0043 08a5 4a8c 426b 10c5 0043 1906 634e 8c51 8c50 8c2f 840f 8c2f 842f 842f 842f 840f 840f 840f 840f 8c2f 840f 840f 840f 840f 7bef 7bef 7bf0 7bf0 73af 2146 18c5 0044 2189 1128 1128 1127 10e6 08a6 29aa 29cb 21aa 21a9 320a 636f 5b4e 5aec 6aea 9b4a bb89 cb66 d366 d366 d386 d386 d386 cba8 bbca 7a68 3147 2169 2a0c 2a2c 2a2c 2a2c 2a4b 2a2b 2a2b 2a2c 2a2c 326d 1149 08c7 08c6 08a6 1128 21aa 00c7 08e7 2189 39e9 7aeb 9b4b 8aa8 5101 8ac8 92e9 8aa8 6207 4166 3147 3987 5208 7226 b389 cc08 d407 d3e8 c386 c345 dc08 dbe6 dbe5 e3e5 e426 bb66 a2e6 9a63 d3e7 ec05 f403 f403 f403 f402 f423 ec04 e425 dc26 d448 d44a 9264 c3c9 c3c9 b368 7160 a283 dbe6 ebc4 eba3 e3c5 d386 d3a9 c36a 9246 9248 9268 9a48 9a68 9a67 9a47 9a67 9226 a266 c306 e386 e385 db85 c387 9286 38a1 38e4 3106 2906 2926 20c4 3105 3105 2083 30a2 69c6 71a5 71a4 7184 71a4 71a4 71a4 7184 7164 7164 7163 7184 6984 5145 28c3 1022 1063 0822 18a3 3966 4185 4984 4984 4984 51e6 834c 7b2c 3965 3144 3962 9c06 de08 f707 ff85 ff85 ffa4 ffa4 ffa4 ffa4 ffc4 ffa4 ff86 f76c 6b00 4980 d5ab eda6 f5a4 f5c4 ede7 c52a 72e5 7b07 9c0b d5af 61e0 dd27 f586 fd84 f566 cc88 6180 8262 cc88 ed05 f4e2 fce2 fce2 f4e2 fcc2 f4a2 ec62 ec43 f463 f482 fcc2 fcc1 fce1 fce1 fce1 fce1 fce1 fce1 fce1 fcc1 fcc1 fcc1 fce1 fcc1 fcc1 fce1 fce1 fce1 fce1 fcc1 fcc1 fcc1 fcc1 fcc1 fcc1 fcc1 fcc1 fcc1 fcc4 f4a6 aa81 91e2 91e4 91c3 91c4 89c4 81c4 8a04 8225 69e6 38e3 2925 2926 4186 4166 3166 20e5 3166 41c7 4a08 41e7 4a49 41e8 2945 3145 51e7 5a06 6226 6a05 7204 9ae6 d46a 9263 b3aa 930a 4944 30e3 4985 3923 4984 6a47 
51c5 59e6 59e6 51c6 51e6 5a27 6288 6268 6268 6248 6268 5a49 1883 0822 0022 0043 0884 2988 7c11 632e 0843 18e6 52ed 73d0 73af 6b6e 6b4d 6b4d 6b4d 6b4d 6b6d 6b6d 736d 736d 6b6d 6b6d 6b6d 6b6d 6b4d 734d 734d 6b6e 5acc 1083 10a4 08a4 0884 0884 18e6 0884 0043 0043 0044 08a6 29eb 21eb 220c 21cb 1149 1948 2188 1947 2188 526b 7b0c 8b4c 936c 936b 936b 9b8b 9b8b 9b8c 93ae 3946 0823 0044 0044 0043 0063 0063 0043 0043 0043 0044 0085 322c 324c 29eb 29ea 29eb 29eb 322c 29eb 29eb 322c 322b 10e5 1083 1083 1083 1083 1063 1042 39a8 6b90 320b 29ea 3a0a 526b 28c4 30c2 30a1 38e3 59e7 59c6 59e6 59e6 61e5 82c7 a3ed 6acb 5209 5a08 9b8c ab89 bba8 bba8 bba8 bba8 bba8 b3ca 8b09 6a69 5a49 524a 524a 524a 4a09 524a 7b4c 7aa8 abab b389 b3aa 8288 59c6 51c7 49c8 628b 7b2e 51e9 51e9 51e9 51c9 51c8 7aec 7b0d 59c7 61c6 8aca 8ac9 7a27 4903 4104 7b4d 7b6d 6aec 1042 1062 6b0d 838e 730c 1062 28e4 93ef 9bad a3ad abcc abcc abcc abed 7206 6184 6964 6964 6985 61a5 4104 30e5 1863 0842 0842 0821 28c3 4164 51a4 51a4 5184 51c4 59e6 6268 5227 3125 3924 7265 9b24 eda8 fe87 ff06 ffa6 ffa5 ffc4 ffc4 ffa4 ffc4 ffa7 f76c 6b00 4180 ddaf dd2b e508 f588 ed69 ee0f bccc 4981 9c0c 8b8a 5180 d4e8 ed47 f565 f547 d488 71c1 6181 a327 e488 ec66 ec66 ec66 ec45 ec26 e406 aa00 aa01 aa01 cb01 fcc5 fcc3 fce2 fce1 fce1 fce2 fce2 fce1 fce1 fce1 fce1 fce1 fce2 fcc1 fcc1 fcc2 fce2 fcc2 fcc1 fcc2 fcc2 fcc1 fcc2 fcc2 fcc2 fcc2 fca3 fcc5 ec65 e427 aa63 99c3 91c4 89e5 79c5 61a5 48e3 6964 8227 69c6 40c3 38e4 59e7 b40e c4b0 9c0f 1883 18c5 1907 29a9 29a9 29ca 31ea 2189 1948 29ca 31eb 320b 3a0a 41e9 6aaa 932a 6163 5122 934c 5a07 51c7 ac50 5184 a3cb dd71 
832b 832b 72ea 3923 6288 72ea 8bed 83ac 83ac 836c 836b 7b6c 18a2 0842 18c4 0843 2105 3187 1083 10c5 1926 1126 324b 324c 324c 29ca 08a5 0064 0063 0063 0884 0884 08a5 0043 0043 0043 0042 0042 0043 0023 0043 0884 0864 1926 3a0a 320a 31c9 29a9 10c5 0843 0843 0043 0043 08a4 21a8 21c9 220b 2a2b 322b 1127 10e6 08a5 08c6 2a0b 324b 324b 3a0a 31a8 3187 31a8 31a8 3a0a 424b 2148 2148 2149 2169 2168 2188 08a4 0043 0043 0043 0043 0085 322c 322c 00a5 0085 08a5 08e6 2a2b 1189 1168 2a0b 2a2c 08e7 29ca 324c 324c 324b 29ea 0063 0864 08c5 322c 2a2b 322c 10e6 0864 0842 0842 0843 0843 0843 0823 0823 0822 0842 2105 320a 320b 31ea 2126 2125 2904 28e4 28e4 28e4 28e5 2106 3a0a 322b 2a4c 2a4c 2a4d 324d 322c 3a6c 6370 422a 4209 4209 4209 3a2b 3a2c 3a6c 4aad 73b0 632e 4a8b 4a8b 52ac 528c 528b 630d 6b2d 524a 4a4b 3988 39a9 39a9 3167 1042 18a2 2923 2903 3124 3965 3945 3945 1861 1062 1862 28e4 30c3 6207 7aca 7ac9 7aca 830a 59a6 5185 5165 5185 5986 5186 4146 3967 3987 18a4 0842 1042 1021 4144 51a5 51a4 51a4 5183 4983 51e5 6aaa 3945 3904 4902 a307 c384 cbc1 d523 ff68 ff86 ffa5 ffa5 ff84 ffa5 ff87 ff6d 7300 4180 d5b2 59c2 61c2 b40a 8a84 c46c 8ac7 4122 8b8c 6a68 4921 bbe8 d447 e446 e447 cba7 9224 79c3 79c3 9a23 a223 aa23 aa03 a202 a203 a203 a204 a204 a203 bac3 e405 e403 f4a3 fce3 fcc2 fce2 fce2 fce2 fce2 fce2 fce2 fce2 fcc2 fce2 fce2 fce2 fce2 fce2 fcc2 fce2 fce2 fcc2 fcc2 fcc3 fc83 ec04 e3e5 e406 b282 99e2 99e3 99e4 9205 79e6 4903 3924 4104 6964 8227 71c6 40c2 4104 8b2c 71e6 5984 4986 20e5 1906 1107 10e7 10e6 08a5 2147 10e6 0065 10c6 320b 320c 322b 420a 5a2a a3cd 8246 7a67 8ac9 6a27 5985 9b6b c4af 5100 d4cf 
8bec 8bed 8bec 4a06 840e 7bce 7bae 8c0f 944f 942e 944f 944f 20e3 1042 5aec 18c4 5289 842f 6b6c 2104 1926 1126 324c 326d 2a4c 2a2c 2a0b 1969 1128 21aa 320c 320c 29ea 21a9 21c9 21a8 21a8 21a8 29a8 29a8 2967 4a6a 4a6a 4a49 4229 4209 422a 4229 3a08 3a08 4228 3a08 39e8 39e8 4209 422a 426b 4a8b 52cc 3a09 2947 31a9 2168 2168 220a 19c9 1988 08c5 0044 10a5 08a5 2189 322c 1149 1949 2149 2169 2148 2148 08a5 0042 0042 0062 0043 0085 21a9 2a0b 1128 08e7 10e7 1148 324d 324c 322c 324c 2a0b 08c6 1147 2188 2188 2189 1928 0044 08a5 08a5 21a9 322b 320b 08c6 10e7 1927 1927 1127 1127 1147 1147 1127 1127 1127 29ca 2a2c 21cb 2a2b 324c 324c 324d 324d 324d 2a4c 2a4c 2a6d 2a6d 2a6e 2a6d 2a6d 2a8e 226d 226d 2a8e 2a6e 2a6e 2a6e 2a6e 2a6d 224c 2a6c 2a4b 326b 5b6f 638f 638f 6b8e 636e 638e 6baf 6b8f 634e 636f 634f 3a4c 322b 320b 2188 0863 49c7 6a8a 6269 6249 72aa 832c 62aa 2082 30e3 3904 4965 4985 4164 4143 3943 3944 3123 28e3 28e3 30e4 28e3 28e3 28c3 1022 1043 28e6 20e5 0842 0041 0840 3984 49a4 51a4 51a4 5183 51a4 4964 4165 6aaa 59e8 38a2 92a8 db88 e3a5 dc23 f586 edc5 ede5 ede5 f5e5 f5e5 ede7 e5cb 7261 4121 7b2b 3902 38a2 3881 5923 8a46 79c4 5122 5164 4965 4903 8205 9a24 91e3 8982 9a24 9a25 79c5 7984 9a45 a224 a223 a223 9a03 a204 a204 a204 a1e5 a1e5 a1e3 99c1 a200 dba4 fcc4 fcc2 fce2 fcc2 f4c1 fce1 fce1 fce1 fce2 fcc2 fce1 fcc1 fcc1 fcc1 fcc2 fcc2 fcc2 fcc2 fcc2 fcc2 f4a3 dbc3 a200 a1e2 99e3 99e3 9a04 9205 89e5 71a5 5165 4146 3967 3946 6185 7a27 61a5 38c2 2881 38a1 7a05 8a88 6a29 524a 3a4b 324c 324c 322c 1948 2148 2149 2169 21a9 2a4b 2a4b 29c9 31a8 5a28 a3cd d4d0 bc0c c46e bc6f 82c9 7289 834d 4944 938c 
944e 9c2e 940e 6aea 5269 4209 31c8 5acc 7b6d 7b4c 7b4b 8bee 41c6 3965 5289 4a28 6b4c 736d 528a 18e4 1926 1106 2a0b 2a0b 2a0c 322c 320c 3a8d 3a6d 326d 3a8c 5b6f 5b6f 532d 5b2d 5b2d 5b2d 5b0d 5b0c 5b0c 630c 83ef 840f 83ef 840f 83ef 840f 840f 840f 840f 840f 8c0f 83ee 83ee 83ef 8c0f 83ef 83ef 5aeb 528b 39e8 632d 5b2d 2168 2a2b 21cb 19aa 2a0b 00a5 1948 1927 320b 42ce 1128 0065 0044 0064 0064 0043 0043 0063 0043 10c5 0884 0085 08c6 21ea 324c 324c 322c 29cb 08c7 1107 08c6 08e7 2189 08c6 0044 0043 0043 0044 0064 0044 31ea 29eb 21aa 1148 29ca 08e7 29eb 326c 2a6d 2a8d 2a8d 328d 326d 326d 2a6d 2a6d 2a6d 2a4c 08e6 3a4b 4a8c 426b 424b 426b 424b 426b 426b 426c 42ad 42ae 2a0c 2a0c 42cf 4310 2a6d 2a8d 228e 228e 228e 2a8e 2a6e 2a6d 2a6d 1989 1968 1947 2147 1947 1947 1946 1947 1946 1946 1946 21a8 21a9 29ea 29eb 29ca 10e5 18c4 62eb 2082 1040 1861 51a5 834b 20a1 1840 7aa8 8ae9 8b09 9309 932a 7a88 6206 6227 59e6 4144 4144 4144 3944 3944 3944 28e3 2904 3125 20e5 0863 18c4 18c3 28e3 3924 51c5 51c5 51c6 49a5 4144 3904 72eb 6aaa 4945 50c1 c327 e366 e363 db42 db42 db62 db63 db63 db63 d384 c3a7 71c2 38c1 30c2 59a6 6a27 3060 5123 9246 9a46 69a5 5165 4966 4904 8206 9246 8a26 60e1 9225 9226 71c5 6143 8a05 9a25 a224 a224 a224 a225 a224 a204 a204 a204 a224 a203 a201 dbc4 fcc4 fce2 fce2 fce2 fce2 fce2 fce2 fce2 fce2 fce2 fce2 fce2 fcc2 fce2 fcc2 fcc2 fce2 fcc2 fcc2 fcc3 f4c4 dbc3 a200 a1e3 9a04 8183 7962 8a05 8205 6164 4145 3966 3167 3946 61a5 7a26 69c5 38a1 59c7 5164 8a26 b38b 8288 3904 2947 2168 1968 1968 1107 08c6 10c6 1948 1969 320c 29ca 2107 39a8 51e8 4965 9bce 6a27 8b0b ac30 3904 20c5 18a4 51c7 832c 
8c0e 942e 72c8 4163 4984 4164 3924 4186 4985 4964 4164 5a06 6247 6227 6247 5a68 6b2c 4209 2987 2126 1905 0042 1927 2148 08a5 08a5 0084 1947 1947 1967 52ec 7c31 8410 7bf0 7bef 7bef 7bef 7bef 7bef 83ef 83ef 83ef 83ee 83ee 83ef 83ce 83cf 83ce 7bce 7bce 83ce 7bce 7bce 7bae 7bce 5acb 4208 39a7 0862 0021 0042 2167 2988 1107 2a0b 2a2c 2a2c 3aae 1149 324d 1127 3a4c 428d 1927 0865 10c6 10c6 0885 0043 0043 08a5 10e6 29a9 10c6 0065 1948 2a0b 1128 1127 1127 1948 1948 0064 0064 0065 1948 08c6 1907 2168 2147 2147 10e6 0064 29ca 320b 10e7 1948 29ca 08e6 21eb 2a6d 228d 2a6e 2a6e 2a6d 2a8e 2a8d 228d 228d 2a6d 324c 10c5 6b0d 7b6e 7b6d 7b6d 7b6d 7b6d 7b6c 7b6d 7b8e 5acc 422a 2168 1948 5b91 5bb2 2a6d 2a8e 2a8e 228e 2a8e 2a6e 2a6d 2a0b 1947 0063 0043 0043 0043 0043 0043 0043 0063 0063 0063 0063 2988 0884 08a5 08c6 21a9 31a9 2126 5aab 1861 1021 51c7 7268 830b 28a2 2040 7aa8 8ae8 92e9 9309 8b0a 59c6 30e2 4164 51a4 59a4 59a4 59a4 51a4 51a4 51a4 51c4 51a5 4985 28e4 1042 2906 2946 1863 1862 2904 3124 4a08 49c7 41a7 49c7 5228 5a49 49c7 4903 ab08 d368 db25 e304 e323 e323 e323 e323 e323 db25 cb67 7982 3081 3082 8247 8a88 3860 5922 9a46 9a25 69c5 40e3 3925 4924 8206 9246 8a26 6101 9a25 9226 71c5 48c1 79a4 9a46 9a25 a204 a204 a205 a204 a204 a224 a224 a204 a204 a221 dbe5 fcc4 fcc2 fcc2 fcc2 fcc2 fcc2 fcc2 fcc2 fcc2 fcc2 fce2 fce2 fcc2 fcc2 fcc2 fcc2 fcc2 fcc3 fcc3 fcc3 fca4 dbc4 99e1 99e4 99e4 8163 7963 9225 9a87 92a8 5185 3966 3167 3946 6185 8226 69a5 3881 51a6 38c2 6962 bb8a 9b09 4924 1862 0864 0885 1907 29ca 31eb 218a 08a6 08e7 320c 29eb 4aad 8c52 62cc 1883 18a3 1883 18a4 39c9 2947 2148 4a2a 7289 bc0e 
940f 6288 4162 4942 4942 4942 4142 4142 4142 4142 4122 4942 4922 4922 4942 4143 3986 2946 2125 2966 3186 4208 2966 2126 2987 29a8 2987 2167 2187 29a8 5b0d 73b0 4229 39e9 3a09 39e9 31a7 3187 3166 3186 3166 3166 3166 3166 3166 2966 3166 3187 3187 2987 29a7 29a8 31a8 31c9 428c 31e9 1947 1126 0063 1926 2968 2147 10e6 21a9 2a2c 222c 118a 118a 2a2c 3aae 1127 3a2b 42ce 1969 1107 320c 2a0b 1927 0043 0043 1127 322b 1928 0085 00a6 324c 324c 19aa 19aa 218a 21aa 2169 0064 0064 0064 2148 08a5 10c6 10e7 18e7 1906 10a5 0043 10c6 320b 2189 322c 29eb 00e6 21eb 2a6d 2a8e 2a8e 2a8e 2a8e 2a8e 228e 2aae 2a8e 2a8e 326d 08c6 424b 528b 528b 528b 4a6b 528b 4a29 41c8 39c7 18e4 0042 10e6 1947 1947 1168 2a6d 2a8e 228e 228e 226e 2a6d 19a9 1947 0043 0043 0043 0063 0063 0862 0042 0863 0863 0863 0863 0043 0863 5aec 5aed 0884 29a8 31ea 10c5 18a4 1042 1042 28e4 3124 3124 1862 1061 3924 4144 4144 4144 4165 28c3 1861 28c2 4963 51a4 5183 51a3 51a3 59a4 59a3 59a4 59a4 51a5 3903 1020 1883 1883 2084 1883 1021 1041 20e4 28e5 28e5 2906 2905 2905 3105 3904 6a07 79e5 91e4 c306 db25 e324 e324 e324 e304 db25 cb68 7183 3061 3081 8247 9287 3860 5923 9a46 9a46 69c6 38e3 3125 4125 8a06 9a26 8a06 68c1 9a05 9206 8206 5902 7184 9246 9a05 a204 a204 a204 a204 a225 a204 a205 a224 a224 a222 dbc6 fcc5 fcc3 fca3 fcc3 fcc3 fcc3 fca3 fca3 fcc3 fca3 fca4 fca4 fca4 fca3 fca4 fcc4 fcc4 fcc4 fca4 fca4 fca5 dbc5 99e1 99e4 99e4 9a05 9246 81c5 79a5 7a07 82cb 4125 3967 3966 6185 8227 69c6 3862 2841 5144 89e4 aae7 79e6 38e3 1863 0884 0885 10e6 1928 1928 1927 08a5 08c6 2a0c 2a2c 322c 322c 2189 1927 31c9 3a0a 3a0a 52cc 630d 630d 838e 9bad a34b 
5207 4144 4942 4942 4942 4941 4942 4942 4942 4942 4942 4942 4942 4942 4942 4122 3102 62a9 62a9 62c9 7b6c 83ee 630b 528a 6b8e 73f0 7bf0 73cf 7bef 73cf 73ef 73ef 1905 1906 31c9 1906 0063 0042 0042 0843 0042 0043 0842 0843 0043 0043 0043 0064 29c9 31ea 320a 29ca 08c5 21a9 324b 324b 324c 3a4c 08e5 08a4 08c4 31c9 08c5 10e7 21eb 2a2c 19aa 1169 2a2c 326d 1127 2a0a 4b2e 220a 2a0b 2a2c 2a0b 29ea 21a9 21a9 21ea 324c 21ca 19a9 19ca 2a4c 2a6c 2a6d 2a6d 2a4d 324d 1989 0907 21a9 29ca 29ca 08a6 0044 0044 0044 0044 0044 0043 0864 10e6 1927 29a9 29eb 08c6 21eb 2a6d 2a8d 2a8e 2a8e 2a8e 228e 228e 228e 2a8e 2a8e 2a6d 00e7 29eb 2a0b 2a0c 2a0c 2a0c 320b 1107 0043 0063 0042 0043 0043 0043 0043 0064 1948 19aa 2a6d 2a6d 326d 2a0b 0085 0063 0043 0043 0043 0043 0063 0043 0063 0043 0043 0063 0063 0063 0863 31a6 7bcf 0863 31c9 29ea 0084 0884 0863 0863 0863 0883 0883 0863 0863 0863 1063 0862 0862 0883 1083 1063 1862 4164 51a4 51a4 59a4 59a4 59a4 51a4 59a4 51a4 51a4 4984 4123 3924 3924 3944 3924 3924 3924 3944 3104 1862 1883 1883 1883 1883 1882 2904 38e3 40c2 7183 9a23 d388 d366 d366 d366 cb67 c3aa 79e5 2861 3081 8267 9288 4081 5943 9a46 9a66 69c6 38e4 3105 4125 8a06 9a26 8a06 60a1 9a05 9a25 9246 6964 5902 8206 9a25 a204 a204 a204 a224 a224 a224 a224 a224 a203 a202 d365 ec04 f402 f3e2 ebe2 ebe3 ebe3 ebc4 e363 cb02 d323 db22 d342 db43 db64 d343 db43 db43 db43 db43 db64 d345 c2c4 a1e2 99e4 9a26 9226 8a88 48a2 3082 4966 51c7 3946 3987 3965 61a5 8226 69c6 3861 2840 930a bb69 b2e7 8a88 4965 3188 21a9 2189 218a 218a 2189 21a9 21a9 21aa 324d 326d 326d 3a6c 1106 0883 41e8 62ec 6b0c ad13 7b6d 7b6d 8bef 832c ac50 
4143 4143 4942 4942 4942 4942 4942 4942 4942 4942 4942 4942 4942 4942 4942 5163 7b09 a42e a42e 9c2e 9c2e 940f 632c 5b0c 5b2d 5b4d 632d 632d 4a8a 39c7 39a7 31a7 0883 0883 08a5 0064 0043 0022 0863 39e9 3a0a 5b0e 632e 5aed 3a0a 3a0a 3a2a 3a4b 426c 29c9 1106 10e6 0043 08a5 08c5 08e6 1127 3a4c 10e5 0043 0042 3a09 08a4 0084 21ca 2a0b 1148 1968 21eb 324c 1106 322a 532e 21c9 21ca 0927 1128 1128 1127 1127 1148 1148 1148 1149 0969 224c 228d 226d 226d 2a6d 2a4c 1989 1168 326c 326d 29eb 08c6 2189 29ea 29ea 29ea 29a9 0063 424b 4a8c 0043 0085 2189 00a5 21ea 2a4d 226d 226e 228e 2a8e 226e 228e 228e 22ae 2a8e 326d 00e7 2a2b 324c 324c 326d 326c 324c 1927 0043 0042 0043 0042 0042 0042 0843 0063 0043 08a4 10e6 10e6 10e5 0884 0042 0063 0043 0063 0043 0064 10c6 1107 2189 29c9 29c9 29e9 29e9 31e9 1084 10a3 83f0 630c 1905 31ea 0064 0883 0863 0883 0863 0863 0884 0883 0863 0863 0863 0883 0863 0883 0883 1083 41e7 5a48 51a4 51a3 59a3 5983 5983 5983 59a3 59a3 59a3 5183 51a4 5184 5184 5184 51a4 5183 5184 5184 4964 4143 4143 4144 3944 4143 4143 3923 4943 5143 ab6b c3cb b349 71a3 6163 5943 5944 5145 38e3 2082 28a2 8268 8a88 3881 5943 a266 a266 7a26 4903 3104 4124 8226 9246 8a26 58c0 9205 9a05 9226 7184 4081 71a5 9225 a224 a224 a224 aa65 aa85 a224 a224 a204 a1e3 a202 db66 f3e6 f3e5 ebc5 ba61 b242 b242 b243 aa02 a9e2 c284 c283 c284 b243 a1c1 ba63 caa4 caa4 caa4 ba64 9181 8982 89c4 8a05 79e5 48e2 38c2 30e3 1862 1062 1062 10a3 2926 2966 3946 61a5 8247 69c5 3060 2841 48e2 9245 a2a7 a34b 4945 2947 2168 1968 320b 3a6c 320b 1947 1106 1106 10e6 10e6 18e5 2125 7baf 7bae 7bce 5aca 5a69 83ae 5207 5229 6b4d 4229 5aec 
4942 4942 4942 4942 4942 4942 4942 4942 4942 4942 4942 4942 4942 4942 4942 4942 59e5 6205 5a05 5a05 5a05 51e6 4a49 31c8 10e5 10e5 10e5 10c4 0883 0022 0822 0002 1084 1906 29c9 29c9 29a9 0064 0043 0884 0884 08a4 39e9 4a6b 1926 08a4 10a5 10a5 08a4 0863 0043 0043 2147 1906 0064 08c5 3a4c 1107 0064 0043 0842 4209 1905 0064 29ca 21aa 0084 0064 0085 2168 634e 7bf0 8431 73d0 322b 29ea 29ea 29eb 29ca 29ca 29eb 29eb 29eb 29eb 220b 224c 226d 228d 226d 2a4d 2a2d 198a 1149 2a6d 2a6d 220b 00c6 08c6 1107 1107 10e6 10c5 0043 1084 31c9 424b 08a5 10c6 0064 29ea 326d 2a8e 2a8e 2aaf 2aae 2aae 2aae 2aaf 2aae 2a8e 19aa 0085 08c6 08c6 08c6 08a6 08c6 08a6 0884 0043 0043 0022 5aec 18e4 0842 0842 0843 0023 0043 0042 39e8 630d 5b0d 31c8 08c5 10c5 08c5 08c6 08e6 2a0c 2a0b 21aa 08c5 08c6 08c5 08e5 10c5 0884 0862 2925 736e 1083 18e5 0043 0863 0863 0863 0863 0883 0883 0883 0863 0883 0883 0863 0863 0883 0863 10a3 18c4 3124 3923 51a4 59a4 59a3 59a3 5983 59a3 5983 5983 59a3 59a3 59a3 59a3 59a3 59a3 5183 5183 51a3 5183 51a3 51a4 5183 5183 5183 51a3 5183 5983 5982 7a25 8245 8267 30a2 28a3 18a3 18a4 18a4 18a4 18a4 20a3 7249 7a88 3081 5923 9a46 a246 9267 5944 30e4 4125 8206 9a46 8a26 58c1 9225 9225 9226 79c5 40a1 69e6 9226 9a25 a224 a224 b2c7 bae8 a225 a205 9a24 9a04 a224 b2a5 c305 cae5 c2c5 a1c2 a1c3 a1c4 a1e4 a1c3 a203 cb28 cb07 cb08 baa6 99c3 baa6 c2e7 cb07 cb08 bae8 89a4 81c5 79c6 71c5 7a89 4145 1061 1062 0863 18c4 83f1 18c4 10a4 20e5 3946 59a6 7248 5165 2021 2041 6a06 a2c7 cbcb 71e5 59e7 0821 0043 0043 10e5 2127 0863 0043 0042 0042 2125 7bce 942f 9c2f 9c30 62ec 632e 4a6b 2125 31a7 10a3 10a3 2126 1905 1906 
4922 4942 4922 4922 4941 4941 4941 4941 4962 4941 4942 4942 4942 4142 4143 4143 4143 4143 4143 3923 3943 3924 39a7 39c8 18e4 424a 424a 2946 0821 1021 1041 18a2 1042 1083 31c9 320a 31ea 0064 0043 31a9 31c9 29a8 1926 0043 10c5 10a5 0042 0022 0043 0023 0023 0064 3a2b 322c 2a0b 2a0b 3a6d 3a4c 08c5 0043 0842 4229 4229 0063 29ca 29cb 1928 2189 29ca 31e9 7bef 9491 9491 94b2 3a4a 29ca 08c6 08a5 00a5 08a6 08a6 08a6 00a6 00a6 00c7 2a0c 2a6d 224c 2a6d 2a0c 2189 218a 1149 2a4d 2a6d 220b 00a6 0044 0044 0044 0044 0064 0043 18e6 1906 2127 29c9 322b 7412 42ee 2a6d 2a6e 2a6e 2a6e 2a6e 2a6e 2a8e 2a8e 2a8e 328e 1127 0064 1127 29ea 2a0b 21eb 220b 220b 2a0c 2a0b 31ea 6bb1 8452 7bd0 73af 73af 6b6f 10e5 31e9 530e 3a8b 42ac 42ac 3a6c 3a6c 324c 324c 324c 324c 2a6d 326d 2a0b 08a5 0864 0864 0063 0064 0863 0842 20e4 6b6e 1063 0863 0863 0863 0863 0863 0863 29a8 0884 0884 0884 0084 0084 0084 0884 0884 1084 0883 1063 1062 1862 41a5 49c5 51a5 51a4 51a5 51a5 49a5 49a4 51a4 51a4 51a4 51a5 51a5 4984 5184 4984 4984 5184 5183 5183 5183 5183 5182 5182 5182 5182 5183 5983 61c5 6207 2082 18a3 18c4 18c4 18c4 10c4 18a4 18a4 18a3 2083 2083 4945 92a9 9268 8a89 5125 28c4 3946 7a48 8268 7a68 48e2 8247 8a47 8248 7a69 5a07 38c3 69c6 8227 8a47 8a47 8247 6123 8247 8a47 8a67 8a47 8a47 8a47 8a27 9226 9205 9205 99e4 99e5 99c5 91e5 91e6 9206 8a26 8a26 8a47 8a47 8a47 8a47 8a27 8a27 8227 79e6 71e7 6185 5145 a3ef 49c7 1042 1063 0863 1063 18a4 1883 3146 10a3 1082 1082 1862 1063 1863 28a3 7a68 b36a bbab bc70 2882 0842 0043 0043 0043 0042 0043 0042 2146 1084 0842 1061 5248 a471 83cf 2126 10e5 1906 0863 0043 0043 0043 0023 0043 0044 
4141 4121 4941 4962 4941 4941 5142 5162 4921 4941 4942 4942 4983 72ea 6aea 62ca 5aa9 5aa9 52a9 5aa9 5aca 5aaa 41a6 3103 28e3 1020 1020 1861 3903 4124 4123 4143 3123 2923 0861 0042 0042 0042 0023 0043 0042 0043 0043 0043 18e6 18e6 0843 0043 0042 0041 0042 0083 320a 29ca 0907 0907 08c6 08c6 0084 2167 3a0a 4a6b 4209 0863 21a8 2a0b 1168 00e6 21ca 3a4b 7bcf 9c91 9490 9491 426a 2988 0064 10a6 31ca 31ea 29e9 29e9 2a0a 2a0a 2a0b 322c 2a2c 324c 322b 29ca 0065 0885 1928 3a2c 324d 29eb 00a5 21c9 322b 322b 320a 29c9 0064 424b 422b 10c5 1948 3a4b 7c74 4b0f 2a6d 2a8e 226d 228e 228d 2a8e 2a8e 2a8e 2a8e 328e 1948 7c54 322c 326d 2a4c 2a6d 2a6d 2a6d 224c 224c 2a2c 324c 3a6b 3a4b 3a4b 3a4b 3a4b 7433 42ad 322b 2a2b 322c 322b 320a 6bd0 1946 2a0a 326c 326c 324d 3a6d 3a4c 2147 0863 0863 0863 0863 0843 0063 0863 08a3 0062 0082 0083 0883 0863 0863 1084 5b2e 4aac 324b 322b 324c 322c 3a4c 29a9 0062 0883 0883 0883 0883 0863 10a3 1882 1862 1881 18a2 1882 1882 20a2 20a2 1882 1881 1881 18a1 18a1 1881 1882 1861 3124 4185 4965 4984 4984 4984 4984 4984 4984 4184 41a4 3984 18a2 18c4 18a4 10c4 18c4 10a4 10a4 18c4 18c5 10a4 1084 1883 1882 2081 2081 20a2 1882 1083 2126 20c4 20a3 1883 18a3 28c4 28c4 28c4 20c4 20c5 20c5 18a3 20c3 28c3 28e3 28c4 20a4 28c4 28e4 28a3 28c3 28e4 28c4 28c4 30a4 38a3 7a28 8a67 9267 8a87 7206 38c2 28c3 28e3 28e4 28c3 28c3 28c3 30c4 28c4 30a3 30c3 8b8d 732c 18a2 9471 5a89 2104 0863 0863 0863 0863 0842 3187 a515 6b4e 5aed 5aed 2987 0041 3185 9c92 3924 6a69 6a8a 628b 52ac 428c 428d 42ad 428d 2147 0864 0063 4a8c 10e5 0042 3a09 52ec 5b0d 52ed 31e9 6b90 3a09 0063 21a9 320b 29cb 31cb 29eb 29eb 
4942 4922 4922 4922 4941 59a3 7287 59c4 4942 4942 4962 4983 7b2b 838d 7b8d 6b4c 630c 632c 5b2c 5b0c 634d 6b2c 4164 3923 4123 4122 4122 4123 4142 4922 4922 4922 4922 4942 3923 28c2 0820 1082 0821 0022 0022 0022 0022 0022 0043 0042 0022 0042 0042 0043 0022 0042 0043 10e6 320a 324b 322b 324c 08e6 1968 320a 426c 2166 0042 08c5 322b 29ea 320b 320b 3a0a 6b6e 8410 8c0f 8c30 2125 0863 0043 0863 0043 0063 0864 0043 0043 0063 0063 0064 0064 0064 0884 0064 0043 0843 0064 0885 08a5 2148 08a5 0064 0064 0044 0064 0043 0023 10c5 3a0a 52cd 29c9 322b 324b 326c 328d 2a6d 2a6d 2a6e 2a6e 2a6e 2a6e 2a6e 2a8d 326d 1107 29a9 3a8c 324c 324c 3a6d 5b71 29eb 21cb 29eb 21cb 2a0c 2a0c 42ef 4b50 2a4d 2a4d 3aae 2a4c 2a0b 19a9 21a9 31c9 7c11 8c72 3186 0883 10a4 08a5 08a5 08a5 08a5 0884 0063 0863 0863 0863 0863 0063 0863 0063 0863 0063 0063 0863 0883 0863 0884 52ad 4aad 322b 322b 2a2b 322b 2a2b 21a8 0863 0883 0883 0883 0883 0883 0883 0883 0883 1083 0883 0883 0883 0883 0883 0883 0883 0883 0883 0883 0863 0863 0863 1063 1883 1883 18a3 1883 10a3 10a3 1883 1083 10a3 10a3 1083 18a3 10a4 10a4 10c4 10c4 10a4 10a4 10a4 10a4 10a4 1084 10a4 1084 0884 1906 424b 1906 0884 1927 320a 322b 2a2a 2a2b 2a2a 322b 2a2b 2a0b 2a2b 320b 2a0a 2a0a 2a0a 2a0a 2a0a 2a0b 320b 320b 322b 320b 322b 322b 322b 3a2b 3a2a 420a 4a09 49e8 41e8 39a8 31c9 31ca 31ea 29ea 29ca 29ea 31eb 31eb 29eb 29eb 29ea 3a2b 3a0a 18e6 18e5 10a4 0883 0884 0863 0863 0863 0843 0842 0842 0843 0863 0063 0843 0822 9c93 4a2a 31a8 31e9 29c9 29ea 29ea 29ea 21ca 21ca 29ea 29ea 31ea 08e5 0084 0064 0044 2188 322b 324c 3a4c 29a9 0064 0063 0064 1968 21a9 1989 198a 2189 2189 
4922 4922 4922 5983 5983 61e5 7a87 61e5 5183 5983 59e5 72a8 6a88 6aa9 6ac9 3944 1041 0821 0841 0021 0841 1020 30e2 4122 4922 4922 4942 4922 4922 4922 4922 4922 4922 4922 4922 4123 2081 730b 1861 0821 0821 0022 0042 0042 0042 0022 0042 0022 0023 0023 0022 0022 0023 0043 00a4 2188 29ea 320b 1127 2168 320a 3a4b 18e5 0022 10a4 4a4a 4209 18a4 18a3 18a3 20c3 28e3 28e3 28e3 20e3 2905 3166 3966 3166 3146 3166 3966 3166 3166 3166 3166 3166 3166 3166 3166 3966 3166 3166 2925 2926 3167 3146 3126 3125 3125 3125 2925 2925 3146 2105 2966 3187 39e9 31c8 3a4a 3a4b 3a2b 3a4b 3a2b 3a2a 3a2b 3a4b 3a2b 3a4b 3a2a 2105 2105 4209 4208 39e8 3146 1883 1083 1063 1083 08a4 2189 326c 5351 5bf3 2a6d 2a6d 2a4c 29ea 08c5 0084 0063 18e5 2925 6b0b 4a07 2103 2104 2104 2105 2105 2987 1947 08c5 08c5 0884 0043 0843 0043 0043 0843 0843 0863 0863 0863 0863 0863 0863 0063 0864 0063 1906 1926 10e5 0883 10a4 2946 2945 2946 2946 2946 2945 2946 2946 2945 2945 2125 2925 2125 2946 2945 2945 2945 2925 2945 2945 2145 2145 2945 2945 2945 2946 2946 2946 2945 2945 2946 2945 2946 2946 2945 2925 2945 2966 2946 2945 2946 2925 2925 2925 2925 2925 2925 2925 1905 1906 426b 1106 0084 2168 29ea 324b 2a0a 21ea 21c9 21c9 21ca 29ea 29ea 29ca 21ca 21ea 29ca 29ca 29ca 29ca 29ea 29ca 29ca 29ca 29ca 29ea 29ca 29ca 31ea 31ca 31a8 3188 0843 0843 0843 0843 0863 0863 0883 0883 0863 0863 0863 0864 0884 29a9 322b 320b 10c5 0043 2988 18e6 0063 0063 0063 0043 0863 0863 0064 0043 0064 0043 0863 1084 0842 0043 0064 0044 0064 0044 0064 0064 0064 0064 0064 0884 31ea 29a9 1906 0064 0043 0043 0043 0043 0043 0064 0864 08a4 0864 10a5 10c5 10a5 08c5 08c5 
4922 5184 61e5 7227 7a67 7a47 7a47 7a67 7a88 6a06 59a5 59c5 4963 4963 4143 3923 28c2 3945 3124 20a2 2081 28a1 30c1 4943 4943 5163 4943 4922 4921 5183 5183 5183 5163 5163 5984 5164 5184 4943 38e2 3903 3123 0820 0021 0022 0022 0022 0023 0023 0042 0022 0042 0042 0022 0023 0043 0043 10e6 08c5 08a5 2989 3a0a 2167 0863 0821 1882 4165 4985 4985 4985 4985 4985 4984 49a4 49a4 4984 4984 4984 4984 4984 4984 4984 4984 4184 4184 4184 4984 4184 4184 4984 4984 4985 4964 4985 4964 4985 4985 4985 4985 4984 4984 4164 4984 4164 4164 4164 4164 4164 4164 4165 3964 4165 4165 4164 4185 4185 3965 3965 3966 3965 3985 4165 4185 3964 4185 4185 4185 4185 4165 4185 41a6 4229 426b 326c 326d 2a6d 328d 326d 1989 1906 18c4 1083 1082 5a69 8bef 8bee 8bcd 8bcd 8bce 8bce 940f 8c30 632d 29c9 3a6c 3a6c 2168 1106 1106 1106 1906 1906 1906 0863 0863 0863 0863 0863 0863 0863 0863 0883 6b4e 6b6e 4a29 0842 2946 738f 738e 738e 738e 738e 738e 736e 736e 736e 738e 7bd0 7bcf 7baf 738e 736d 736d 738e 738e 738e 738e 736e 736e 736e 736e 736e 736e 736e 736e 734e 734e 736e 736e 736e 738e 6b2d 526a 6b4d 6b6e 6b4e 6b4e 6b4d 6b2d 6b2d 6b2d 6b2d 6b2d 6b4d 6b2d 528b 0864 0884 0064 0884 0064 10a5 4a8c 2127 0063 0063 0063 0043 0043 0043 0064 0043 0043 0043 0043 0043 0043 0043 0043 0043 0043 0043 0043 0843 0843 1041 4165 5163 5963 5963 6163 6163 6163 6163 6143 6163 5962 6163 5943 5964 5185 1042 18e6 1926 1947 10c4 0043 1906 10e6 08c6 08c5 10c5 10c5 08a5 10c6 08a5 08a5 08a5 08a5 08a5 08a5 08a5 08a5 08a5 08a5 08a5 08a6 08c6 08a6 08c5 08c5 08c6 08c6 08e6 322b 2a2b 1989 08a5 0885 0885 08a5 08a5 2148 29ca 1926 1905 73b0 4a8c 3a4c 3a6c 3a4c 
5143 61c6 61e6 61c6 69e6 69e6 69e5 69e5 69e5 7227 7a68 7268 5184 38e2 38e2 4123 4143 72ca 6a69 4144 38e2 6a68 59a4 59a4 6206 938c 8b6b 4922 61c4 7226 7246 7267 7aa8 82a9 7aa8 7a88 7288 7267 7267 6a48 5206 28e3 0821 0022 0022 0022 0022 0022 0022 0022 0022 0022 0022 0022 0022 0022 10a4 2967 2988 2988 3187 39a7 3166 0821 1041 28e3 3103 3923 3103 3923 3103 3923 3923 3103 3103 3123 3103 3123 3103 3103 3123 3103 3103 3103 3103 3103 3103 3123 3103 3123 3103 3103 3103 30e3 3103 30e3 3103 3103 3103 3103 3103 3103 3103 30e3 3103 30e3 3103 3103 3103 3103 3103 3103 3103 3103 3104 20a2 1021 1041 1021 1021 1041 1021 1021 1041 1021 1021 1021 1021 1862 1862 2105 3188 29a9 29a9 29c9 29a9 39c9 6b6f 7baf 7bcf 7bae 7b8d 83ad 8bcd 8bcd 8bcd 8bad 8bad 8bcd 8bce 8bef 5acb 1926 21a9 29aa 29aa 29a9 29a8 29a9 29a9 31c9 31a9 0863 0863 0863 0863 0883 0863 0883 0863 0862 0862 0862 0862 0862 0863 0862 0862 0862 0862 0842 0842 0842 0842 0842 1083 2125 2105 18e4 1062 0042 0883 10c4 08c4 08c5 10e5 10c5 10c5 10e5 10e5 10e5 10e5 10e5 10e5 10c5 10c5 10e5 10c5 08c5 08e5 10e5 10e5 10e5 10e5 08c5 10e5 10e5 08c5 08c5 10e5 10c5 10e5 08e6 08e6 10e6 10e7 1106 08a5 0063 0063 0043 0043 10c5 1906 1906 1906 1926 1106 1926 1926 0863 0043 0042 0042 0042 0842 0042 0042 0042 0042 0022 0842 0841 1021 1820 82a8 d409 e3e7 ec06 ebe6 ec06 ebe6 ebe6 ebe6 ebe6 ebc6 ebc6 e3c6 e429 c40b 2020 0822 0022 0864 0884 2147 320a 324c 3a4c 3a4c 3a6c 3a4b 324b 3a4b 324b 3a4b 326b 3a4b 3a4b 3a6c 3a6c 324c 42cd 324b 322b 322b 324c 324c 2a4c 2a4b 2a2c 2a2c 2a2c 2a4c 2a4c 2a0c 322c 322c 2a0b 322c 2a0b 29ea 1947 0062 630c 8c51 632d 2967 2188 2188 
5163 6a47 4943 4942 4942 5143 4942 61c5 6a06 7227 7288 7289 49a5 2041 1020 20a2 20a2 3103 4165 1800 38e2 6206 5184 6a06 5163 7267 7267 7247 7247 7227 69e5 7247 936b 8b0a 830a 936b 936c 938c 8b8c 8b8d 7b2b 3965 0820 0021 0021 0021 0022 0022 0022 0042 0022 0022 0043 0043 0042 0022 0042 10a4 3187 2946 0800 2924 28e4 0821 0821 0021 0821 0821 0821 0821 0821 0821 0821 0821 0821 0821 0821 0821 0021 0821 0021 0801 0021 0021 0821 0821 0821 0821 0821 0821 0821 0821 0001 0021 0021 0021 0821 0821 0821 0821 0821 0821 0821 0821 0821 0821 0821 0821 0821 0821 0821 0841 0841 0821 0820 1041 20a2 20a2 20a2 20a2 20a2 20a2 20a2 20a2 20a2 20a2 20a2 28a2 4185 3924 28c2 28c2 28e2 28e3 28e3 30e3 3124 5a49 5249 5249 4a49 5249 5269 5269 5269 5269 5a89 5a89 5289 5a8a 5aaa 39c7 0042 0063 0043 0043 0063 0063 0063 0043 0042 0022 0863 0043 0063 0863 0883 0863 0884 0884 0063 0043 0063 0863 0063 0863 0063 0063 0063 0042 0063 0063 0063 0063 0043 0043 0043 0043 0043 0043 0043 2168 3a4c 326c 326c 326c 328c 328c 326c 326c 326c 326c 326c 326c 2a6c 2a6c 326d 326c 326c 326c 326c 326c 326c 326c 326c 326c 326c 324c 326c 324c 324c 326c 326c 3a6c 326c 326c 3a6c 29c9 1947 1926 1927 1927 3a2b 3a2b 2147 2167 1947 2167 2967 3146 20a3 1883 1883 1883 1883 1883 1882 1862 1862 1862 2062 4144 59a4 69a3 7183 89e2 ebe6 fbe4 fbe3 fbe3 fbe3 fbe3 fbe3 fbc3 fbe3 fbe3 fbe3 f3e4 ebe7 b327 2020 0822 0822 31c9 422a 52cc 5b0e 530e 5b0e 5b0e 5b2e 5b2e 530d 530d 5b2e 5b0d 530d 5b0d 530d 5b0d 530d 42ac 534f 322b 21a9 1948 1948 1968 1968 2169 2169 1969 2169 2189 1969 1969 1988 1988 2189 2189 2188 1106 0042 0862 6b2c 8c0f 7baf 1083 0043 0063 
5163 59e5 4963 4963 4983 4983 4963 51a4 61e5 59e5 6206 6227 3124 1041 0821 0022 0021 0821 0841 0820 28c2 4143 4923 59c5 51a4 59a4 61c5 7226 7227 7227 7247 82e9 934b 7267 7288 830a 7288 6a68 7288 6a88 6a68 5a27 20a1 20a2 20a2 20a2 2082 2082 1882 1062 0022 0022 0022 0043 0022 0022 0042 2966 632d 6b2d 0821 2925 0821 0021 0022 0022 0022 0022 0022 0022 0022 0022 0022 0022 0022 0022 0022 0022 0022 0022 0022 0022 0022 0002 0022 0002 0022 0022 0022 0022 0022 0002 0022 0001 0022 0022 0022 0022 0021 0822 0021 0842 20e3 28c3 28c3 28c3 28e3 28c2 28e3 28c3 28c3 28c3 28e3 28c3 28e3 3103 4164 4144 4143 4943 4944 4144 4144 4164 3923 3923 4164 4964 5184 4963 5184 5183 5184 5184 5184 5185 4185 20a2 0841 0842 0042 0042 0842 0842 0842 0842 0042 0042 0042 0042 0842 0042 0042 0063 0863 0863 0862 0862 0063 0042 0862 0842 0863 0842 0863 0863 0863 0863 0884 0884 08a4 2147 2146 1946 2146 2146 2146 1946 1926 1926 2126 2126 1946 2126 2967 39e9 39c9 0843 0843 0864 0864 10e6 1948 1948 1948 1948 1947 1947 1947 1948 1968 2a2b 324c 324c 2a6c 2a6c 326c 324c 322b 1968 1968 1988 1968 1968 1968 1988 1967 1967 1967 1967 1967 1967 1968 1968 1968 1968 1967 1967 2167 2168 2168 2168 1967 1927 0063 0042 0842 49a6 69e6 7a06 8225 8205 8205 8225 8205 8204 8204 81e5 8205 81e4 81c4 c348 e3c7 ebc5 ebc4 ebe3 f3e3 fbe3 f3e2 f3e2 f3c2 f3c2 fbc2 fbc3 fbc3 fbc3 fbc3 f3c5 dbc8 7982 1800 0822 10c4 422a 4a8b 528b 526a 526a 526a 526a 526a 528a 528a 528a 526a 526a 528a 528a 526a 4a6a 4a4a 31a8 21c9 29ea 1106 0043 0043 08a4 29a8 29a8 29c9 29c9 29c8 29a8 29a8 29c8 29a8 29a8 29a8 31a8 2126 0843 0842 3166 7b8d 8c0f 83cf 1082 0842 0842 
28e3 28e3 28c3 28c3 28e3 28e3 28c2 28c2 28e3 28c2 28c3 28e3 0841 0021 0022 0022 0022 0022 0022 0821 28e2 4143 4942 4922 59e4 59a4 5984 5984 5164 5984 6a06 8b0a 82a9 82a9 82c9 7288 4963 4943 4943 4943 4942 4943 4142 4143 4143 51a4 6a47 6a47 6248 3904 1042 0822 0022 0022 0022 0022 0042 1083 18c4 2905 0821 2125 0021 0002 0023 0023 0023 0022 0022 0022 0002 0021 0021 0841 0821 0821 0821 0821 0021 0821 0821 0821 1882 28e3 28c3 28e3 20c3 0821 0841 1882 2903 28e3 2903 2903 2904 28e4 28e4 28e4 28e4 28e4 2904 3103 4185 4964 4984 4984 4964 4964 4185 30e3 28c2 28c2 28c3 28c3 30c3 28a2 28a2 28a2 3903 4143 38e3 28a1 20a2 20c2 1841 1040 2081 28a1 30a1 4944 4985 30e2 20a2 20a2 20a2 20a3 20c3 20c4 0863 0042 0043 0043 0042 0043 0843 0843 0844 0044 0043 0043 0043 0043 0043 0043 0043 0043 0043 0043 0063 0063 18e5 528b 526a 526a 526a 4a4a 3187 1063 1083 4a4a 5acc 6b6e 634e 634e 632d 632d 634d 632d 632d 632e 632e 634e 3a2a 3a4b 6b8f 7bf0 738f 2987 2167 2188 2188 2168 2168 2968 2168 2967 52ac 5aab 4229 0842 0042 1906 1926 1947 1947 1947 1127 1947 1907 0043 0043 0863 0863 0863 0063 0063 0863 0063 0063 0063 0062 0063 0063 0063 0863 0843 0863 0843 0043 0843 0843 0843 0864 0863 1042 1841 2041 6a06 b328 dba8 eba7 eba6 eba6 eba5 eba5 eba6 eba5 eba6 e3a7 d325 ba63 d345 f3c4 fc23 fc83 fc83 f402 f3e2 f422 fc63 fc64 fc23 fbe2 fbe3 fbe3 fbc3 fbc3 f3e4 dbe7 79a2 1800 0822 18e5 2147 0042 0022 0842 0842 0022 0842 0842 0842 0842 0842 0842 0842 0042 0042 0042 0843 0843 0043 29eb 320b 08e6 0043 0063 31a8 7c10 7bef 73cf 73cf 7bce 7bce 7bce 7bae 7bce 7bce 73ce 7bcf 3a49 0062 0862 5269 8bee 8bee 840f 5aca 5aaa 52ab 
0001 0002 0022 0022 0022 0002 0822 0822 0001 0002 0022 0022 0022 0022 0022 0042 0021 0020 0021 0800 28e2 4163 4163 4143 4123 3902 6a27 6a27 6a27 61e6 6a27 7a88 6a26 59c3 59a3 4942 4942 4942 4962 4962 4122 4122 4143 4123 4944 51a5 59e6 5a07 51e6 20c2 0841 0042 0022 0022 0042 0842 0801 1041 3103 628a 5a69 0800 0801 0821 0000 0020 0041 0020 20c3 2904 3103 3103 30e3 30e3 3103 3103 30e3 30e3 3103 3103 30e2 28e2 4143 4163 4963 4144 4185 3123 2902 3923 49a5 49a4 4984 3903 20a2 20a2 18a1 18a1 18a2 1882 2081 20a1 20a1 28a1 2081 2081 28a1 28a2 28a2 1840 30c3 3903 28e2 30e2 3102 3102 30e2 38e2 51c5 6227 2061 30c2 30e2 30e3 30e3 30e3 38e3 3903 3102 3123 20e3 2966 29a7 29a8 29a8 29a8 2988 2988 29a9 29a9 29a9 29a9 31c9 29c9 21a8 21c8 29c9 29c9 29c9 29c9 29c9 29c9 21a9 21a9 29c9 29c9 29a9 29a9 29c9 29c9 29a8 4aab 52aa 52aa 736d 9492 738e 526a 5269 7bcf 8c31 630c 4229 528a 8c31 8c31 7c30 5b2c 426a 426a 426b 426b 2988 2188 4aab 7c31 73f1 6b8f 3a2b 2168 2969 2189 1968 2188 2187 29a8 8451 8c30 8c0f 6aeb 5aaa 3166 0842 0863 0043 0043 0863 0863 0062 0062 0062 0862 0862 0863 0863 0863 0843 0843 0863 0863 0843 0843 0863 0862 0042 0042 0062 0862 0842 0842 1062 1062 1821 3061 8246 9246 9a25 aa44 d325 eb84 eb82 f381 fba2 fb82 fb62 fb63 fb63 f363 f363 e324 dae3 e364 f3c3 fc23 fc84 fc63 ec02 f422 fc83 f423 f422 f3e2 f3c3 fbc3 f3a3 f3a3 f3c3 ebe4 dbc7 79a2 2020 0842 10c4 1926 0042 0042 0043 0043 0042 0863 0022 0023 0043 0043 0043 0843 0843 0842 0042 0042 0042 0063 08a5 31eb 21a9 1968 1906 3a09 8c30 8c0f 8bef 8bef 8bef 8bef 83cd 83ce 7bcd 83cd 83ee 7bef 5aec 2145 0042 4a49 8c0f 940e 8bee 8bee 8bee 8bee 
0023 0023 0023 0023 0023 0023 0022 0022 0022 0022 0023 0023 0022 0022 0022 0842 2945 3165 3964 3923 4123 4964 30c2 2061 1860 28a2 7b2c 7b0b 832b 51a5 4944 4964 4143 4943 4942 4942 4942 4962 4962 4143 4143 4143 30e2 2081 20a2 1841 1861 1841 1041 0820 0821 0021 0821 0821 0801 0821 1040 3944 4164 49a5 49c6 3103 3123 3103 3123 3123 3123 3943 3964 4164 4164 4164 4164 4164 4164 4164 4164 4164 4984 4964 4984 4963 4963 5142 4963 4943 2880 2081 2081 2081 2081 2060 3923 3923 3102 3103 2903 2903 1041 28e3 28e3 28e2 2903 2903 3103 3103 3103 3103 1840 28c2 4163 4963 4963 4963 4962 4962 4962 4983 4964 3902 2881 4144 4963 4943 4943 4943 4964 4964 4164 4164 1041 18a4 18e6 1106 1107 1107 1107 1107 1107 10e7 10e7 10e7 1107 1107 10e6 10e6 10e6 10e6 10e7 10e7 10e6 10e6 08e7 08e6 08e6 10e6 10e6 10c6 10e6 08c6 08c5 10c5 29a9 29a8 424a 632e 52ed 52ac 52cc 52ed 52ec 4aac 3a4a 3a6b 532e 3209 3a09 52cc 6b4e 6b4e 4a8b 5b0e 634e 5b2e 29a8 322a 3a4b 322a 29e9 21a8 21a9 29a9 2989 2989 2988 29a8 424a 4229 5269 83ee 8bee 5a68 18c3 0862 0842 0842 0042 0863 0842 0863 0863 0883 0863 0863 0863 0883 0882 0862 0862 1042 1062 1062 1061 1061 1041 1841 1041 0841 0842 5a8b 732d 832c 8aeb a2e9 bae6 d2e4 db24 eb85 f384 f384 f3a4 f383 f383 f3a3 f3a3 f383 f3a3 f383 f383 f383 f363 fba3 fbc3 f3e2 f402 f3e2 f3e2 f3e2 f402 f3e2 f3e2 fbe3 fbe3 fbc3 fbc3 fbc3 f3e3 f3e5 dbe7 79a2 1820 0822 10e5 2127 0043 0043 0063 0063 0063 0063 0063 0063 0063 0043 0043 0063 0043 0043 0043 0043 0043 0044 0064 29ea 322b 2a0b 29a8 1906 2105 2105 2105 2105 2905 2904 2924 62ab 3145 3165 3165 2965 2125 0862 0842 4229 83ee 940e 940e 940d 940d 940d 
0022 0022 0042 0042 0022 0022 0022 0022 0022 0022 0022 0023 0022 0022 0022 0822 0841 1061 20a1 3964 3944 4185 18a2 0821 0021 0842 18a3 1883 1882 1041 1020 0820 1020 28e3 3944 3944 4164 3944 1881 1041 1061 1062 1042 0821 20c3 3124 3124 3124 3124 3124 3124 3124 3124 3124 3124 3124 3944 4165 28e3 1840 30c2 4164 4964 4964 4164 4164 4164 4185 20a1 1020 1020 1021 0820 1020 1040 1040 1840 1840 1840 1840 1840 3902 4963 4962 4963 4164 1820 3924 3924 3924 3923 4123 4942 5163 5163 5163 4943 4143 2040 4143 4963 4962 4963 5163 4962 4963 4963 4943 2060 4124 4963 5163 5163 5163 4963 4963 4963 4964 4144 72aa 3903 4165 4164 4144 4164 3103 1040 1041 1041 1062 0842 0043 0043 2988 29a9 29a9 21a9 21a9 21a9 1968 1107 29aa 29aa 10e6 08c6 10e6 10e6 10e6 08c6 10e6 1107 1127 1927 1928 1127 1127 1927 1927 1927 1927 1907 1907 29eb 198a 1149 1949 1969 1949 1969 1969 1969 1969 1969 1969 1969 2189 3a0a 632e 83f0 8410 52cd 3a4b 3a4b 73f2 63b0 5b4f 3a6b 6bd1 6bb0 6bd0 6bd0 73cf 73cf 7bce 7bce 7bae 7bae 7bae 83ce 940e 8bed 8bee 8c0f 2924 0862 0842 0841 3986 1881 20a1 20e2 2102 2903 28e3 28e3 28e3 3103 5a68 83cd 9c2e 59a3 abec 8ae8 6181 ab68 ab68 ab8a 61e6 3145 41e9 39e9 4187 5144 6962 e3e8 f3c6 f3c7 c261 ca82 f3a5 fb83 fb62 f382 f3a3 ebc4 ebe5 ebc6 e3a5 ec69 e428 db24 f3a5 fbc3 fbc3 fbc3 fbc3 f3c2 fbc2 fbc2 fbc2 fba2 fbc3 fbc2 fbc2 f3c2 fbc3 f3c3 f3e4 dbe7 ab27 4185 29a9 29ea 3a4c 322b 3a2b 3a2b 3a2b 322b 322c 322c 2a4c 2a4c 2a4c 2a2c 2a2c 2a4c 2a4c 324c 2a2c 2a2c 322c 29ea 08a5 08a5 08a5 0883 0063 0042 0042 0842 0862 0841 0841 41e7 6aeb 62eb 62eb 62eb 5aeb 39c7 0042 0021 2966 73ad 8c2f 942e 940e 940e 8bed 
0023 0023 0023 0023 0023 0023 0022 0022 0022 0022 0043 0043 0043 0043 0022 0023 0022 0822 0821 1021 1041 1041 0822 0022 0022 0022 0022 0022 0022 0022 0022 0022 0021 0841 1021 1041 1041 1042 0022 0022 0022 0842 0022 0821 1021 1841 1020 1841 1841 1841 1021 1841 1841 1841 1841 2061 2060 2061 1041 1041 1861 2061 1860 2040 1840 1841 1840 1841 1020 1020 1021 1021 2904 1841 3903 3923 4123 4143 4143 4943 4962 4963 5162 5163 4963 4963 1840 4164 4963 4963 5163 5143 4962 5183 5162 5163 4963 4964 1820 4144 4943 4942 4942 4943 4963 4963 4943 4143 2060 3923 4963 4963 4984 4964 4123 2060 1840 1840 1861 2081 1841 28c2 2061 2040 1840 2082 3985 3986 39a6 39c7 39c7 39c7 39c7 39e8 3a09 3a09 31e9 31e9 31e9 3209 3a0a 3a0a 3a0a 31e9 3a2a 3a2a 3a2a 3a2a 3a2a 320a 3a2a 3a2a 3a2a 3a2a 3a2a 3a2a 3a2a 3a2b 3a2b 3a2b 3a2a 320a 320a 29ea 322c 324d 324d 2a4d 2a4d 2a4d 324d 326d 2a4c 326d 2a4c 324c 324c 530f 6bb0 322a 2a2b 2a2c 2a2b 3aad 3aad 3a8d 326b 328c 326c 326c 326b 3229 6b8e 7bef 83ee 83ee 83ee 83ee 8bee 83ee 83ce 83ce 83ce 6b4c 1083 0841 1040 7b48 d60e de2c de4b d60b d60d aca9 51a0 938a b46e 8b49 5a26 6224 e56e dccb ab87 81e0 ecc9 ecc9 dcaa 7244 41c7 3a2b 3a2b 39a7 5184 ab69 e406 f3e4 f3c6 ba40 c261 eba5 f3a3 f3a2 eba4 dbe6 f54d e52e 9aa5 9aa6 d4cf dc8d a9e1 eb85 f3c4 fbc2 fbc2 fbc2 fbc2 fbe2 fbe2 fbc2 fbc3 fbc3 fbc3 fbc3 fbc3 fbc3 f3c3 f3c4 e3e6 b368 49e7 3a0a 3a2b 422a 4a09 4a08 4a08 4a08 4a29 422a 3a4c 326d 2a8d 2a8e 2a8e 2a8e 2a8e 2a8e 2a8d 2a8d 2a8d 2a6d 322b 0044 0022 0842 0042 0042 0042 0042 0042 0842 0842 0841 20a3 20e4 2104 2125 2125 2125 10c3 0042 0042 0882 62eb 7b8d 7b8d 6b0b 41a5 49c6 
0023 0023 0023 0023 0023 0023 0022 0022 0022 0022 0043 0022 0022 0022 0022 0023 0022 0022 0022 0022 0021 0022 0022 0023 0022 0042 0022 0022 0042 0022 0022 0022 0042 0022 0042 0022 0022 0022 0022 0022 0022 0842 0821 1041 28e3 4164 4164 4144 4163 4143 4143 4943 4964 4144 4944 4944 4964 4164 2061 3103 4144 4164 4143 4143 4964 4964 4163 4963 4163 4964 4164 4164 1861 1020 4143 4963 5162 5162 5162 5162 4962 5162 5162 5142 4963 4963 1820 4164 4963 5163 5143 5163 4943 4963 4963 4164 4164 4164 1840 3944 4164 4164 4164 4143 4164 4164 4164 1861 1040 1841 1861 1861 1860 28a2 4164 4143 4164 4164 4164 3923 4143 4964 4184 4163 4164 4184 49a4 49a4 49a5 49a5 49a5 49a4 49a5 49a5 41a5 49a5 49a5 49a5 49a5 49a5 41a5 41a5 41a5 41a5 49a5 49a5 49c5 49c5 41c5 41c5 41c5 41c5 41c5 41c5 41c6 41c6 41c6 41c6 41c6 41c6 41c6 41c6 41c6 41c7 3a09 3a4b 324c 222c 326c 328c 328c 328c 328c 3a6c 3a6b 3a8c 3a8c 3a6c 3a6b 3a6c 326b 328c 326b 326b 328c 326c 326b 324b 326b 324b 3a8c 4aed 2146 10a3 10a3 10a3 10a3 10a3 10a3 10a3 10a3 1083 1082 1083 0842 1020 51a2 bca8 f6a9 ff26 ff86 ff86 ff86 f727 f6a8 c4e5 c4c9 7284 5a24 93ca f5ec dcc7 ab65 9241 f507 ed07 e4a9 8a84 41c5 31a8 29a8 3986 59a4 b328 e3a5 f3c4 f3c5 c281 cac1 ebc5 ebc5 ec27 d44b 5941 38e2 20c2 1861 2061 30a2 7206 cc0b ec49 f3e5 f3c3 fbe3 fbe2 fbe3 fbe3 fbe3 fbe3 fbe3 fbe3 fbe2 fbe3 fbe2 fbe2 fbe3 f3e4 e3e6 b348 49e7 3a0a 4209 72aa bbca cb88 cb88 cb88 c3ca a38b 526a 3a6c 2a6d 2a8e 2a6e 2a6e 2a6d 2a6d 2a8d 328d 2a8d 326d 322b 0063 0043 0042 0042 0042 0042 0842 0022 0022 0841 3124 3985 28e3 1041 0821 0842 0042 0042 0042 0042 0042 0882 1082 1082 1062 1041 20c3 
0023 0023 0023 0023 0023 0023 0022 0022 0023 0023 0022 0022 0022 0022 0022 0023 0023 0022 0001 10a3 10a3 0022 0022 0022 0042 0022 0022 0022 0022 0022 0042 0022 0042 0022 0022 0022 0022 0022 0022 0022 0022 0842 0841 3145 4185 4164 4143 4143 4963 4983 5162 5162 4962 4962 5183 5183 4963 4964 1860 1020 4123 4964 4963 5163 5163 4963 4963 4962 5162 4962 4962 4983 1860 2061 4964 4963 5163 5163 4962 4962 5162 4962 5162 4963 4163 3944 1020 3944 4144 4163 4143 3903 2040 1840 1840 1840 1861 1021 0821 0841 1041 1041 1040 1041 1021 1021 0821 2904 3965 3965 3965 3965 3964 4164 4164 4164 4164 4164 4164 4984 4164 4964 4164 4164 4964 4964 4184 4984 4984 4164 4964 4964 4164 4164 4984 4984 4184 4184 4184 4984 4984 4984 4984 4984 4184 4184 4984 4984 4984 4984 4984 4984 4984 4984 4984 4984 4184 4184 4984 4984 4184 41a4 4184 4185 39a7 31c8 31e9 2188 428b 6bb0 6baf 6baf 6baf 6baf 6bcf 73cf 6bcf 73af 73cf 73af 73cf 73cf 73af 6b8e 6b8e 6b6e 6b8e 632d 632d 632d 424a 10a3 0862 0842 0042 0042 0042 0042 0863 0042 0863 0863 0884 0884 0883 1860 8b26 d528 f625 fe83 fee4 ff04 ff64 ff64 ff66 f6e8 eecd 7b23 5222 bced edcb f5c9 cc67 ab42 f547 f506 ece9 bbc7 7245 6247 5a48 6227 7a25 a2a4 ebc6 f3a4 e365 e344 eb84 ebc6 e3e7 9202 5942 2060 1061 0841 0842 0842 1062 1861 30c1 71c2 c345 ebc5 f3c3 fba2 fbc2 fbc2 fbc3 fbc3 fbc3 fbc3 fbc3 fbc3 fbc3 fbc3 fbc3 f3c4 e3c7 b368 49c7 3a0a 41e9 7a88 cba8 e385 eb84 eb85 db87 a2c6 6a48 424a 326c 2a8d 2a8d 2a8d 328d 328d 42ad 42ad 42ce 326c 324c 1107 0043 0843 0041 0862 1062 1062 1061 1041 1041 2082 3944 4165 4164 28a2 1861 1861 1061 1861 1061 1061 1062 1082 1082 1062 0821 18c3 
0022 0022 0022 0022 0023 0023 0022 0022 0022 0022 0023 0022 0022 0022 0022 0043 0042 0022 0021 20e4 18e4 0842 0022 0022 0022 0022 0023 0023 0022 0022 0023 0023 0023 0023 0023 0023 0023 0022 0022 0022 0822 1883 20a3 20a2 28a2 28a2 1861 1840 3903 4944 4963 5143 5183 5163 5163 5163 4963 4964 20a2 1000 3902 4943 4963 4942 4943 4943 4963 4963 4962 4963 4962 4964 2060 3103 3944 3943 3943 3943 3923 3923 3943 3943 4143 3923 28c2 1020 1841 2061 2061 2061 2061 3903 4984 49a5 4144 3924 3125 1042 1882 1083 0041 0842 2104 20e4 0842 0022 0821 0821 0821 0841 0821 0821 0821 0821 0821 1021 1021 1041 1041 0821 0841 0841 1021 1041 1041 1061 0841 0841 0841 0842 1042 0842 0841 1041 1041 1040 1041 1041 0841 0862 0842 0842 0842 0842 0841 0841 0861 0861 0861 0861 0842 0842 0841 0841 0841 0841 0841 0841 0841 1041 0842 0842 0842 0842 0842 0842 0043 0043 0863 0862 0862 0862 0862 0862 0862 0862 0862 0862 0862 0862 0862 0862 0862 0862 1062 2105 5acb 0841 0841 0842 0042 0042 0042 0042 0042 0042 0043 0043 08a4 08a5 08a5 1969 324c 324d 3a4c 4a29 82e7 cc88 ed65 f5a3 f5c2 f5e2 fe83 fee4 fec5 f6c8 eecd 7324 5244 6a64 e58b f589 d486 dca6 fd87 fda7 ed28 bbe6 abea ac4e ac4d b40c bbea d3e8 ebc5 eba4 cac3 a9e0 d2e2 ebc4 e3c4 e427 b3a9 5121 3902 3124 3144 3144 3124 4144 5163 79e3 cb86 f3e5 fbe4 fbc3 fbe3 fbe3 fbc3 fbc3 fbc3 fbc3 fbc3 fbc3 fbe3 fbe3 fbe3 f3e4 e3e7 b348 51e7 4209 4a09 7247 d387 eb84 eb83 eb84 e364 d3a8 9b6a 5a8a 326b 2a8e 2a8e 2a8e 2a8d 42ce 7c11 7c11 7c32 3a6c 324d 322c 1107 0043 0842 20a2 4185 4965 4964 4964 4164 2081 1840 30e2 4164 4164 4184 4164 4164 4964 4964 4984 3944 3965 3144 2924 0841 0021 
0023 0023 0023 0023 0023 0022 0022 0022 0022 0022 0023 0022 0022 0022 0043 0023 0043 0023 0822 1883 18a3 1062 0022 0022 0023 0023 0043 0043 0022 0022 0022 0023 0023 0023 0023 0023 0003 0003 0022 0022 0022 0842 1062 1062 1062 1062 1042 0821 1041 30e3 4144 4963 5182 5182 5162 5162 4983 4983 20a1 20a1 3943 4963 4143 38e2 3902 3903 3903 3903 3903 3903 3923 3123 1861 1861 1861 1861 1861 1861 1861 1861 1861 1861 1861 1021 1021 1861 4164 4164 4184 4184 3103 3123 3123 3124 1882 0801 0822 0822 2105 20c4 0021 0842 0021 0022 0842 0022 0022 0022 0022 0022 0042 0022 0042 0842 0042 0021 18c3 41c7 18c3 0821 0842 0822 0842 1042 3965 3124 0820 0041 0862 0042 0043 0042 0022 0022 0820 3165 3145 0821 0842 0042 0042 0042 0042 0042 0042 0042 0022 0042 0042 0042 0042 0042 0042 0042 0042 0042 0042 0042 0042 0042 0842 0823 0822 0042 0042 0042 0043 0043 0863 0043 0042 0042 0042 0042 0042 0042 0043 0843 0042 0042 0042 0042 0042 0862 0062 0062 0042 0042 0042 0042 0062 0042 0043 0023 10c6 10e6 10e6 1127 324c 326c 328d 328d 2a8e 2a8e 2a8d 3a6a 7b4a b429 e508 f505 f503 ed03 ed02 e522 e523 e545 e5cc 7b05 5226 6aa7 dd2c dce9 9280 e4e9 e4a6 e486 e489 a367 51c5 41c7 39c7 49c6 69c4 9a84 e426 ec05 c303 b262 e3a5 f405 f404 ec04 ec27 cbc7 9ac5 8265 7246 7a87 9b48 b3a9 ab26 cb86 ebe5 f3c3 f3e2 f3e2 fbe3 fbc3 fbe3 fbc3 fbe3 fbe3 fbe3 fbe3 fbe3 fbe3 fbe3 f3e4 e3e6 bb88 6206 5228 51e8 8ac9 d389 e366 eb85 e385 e386 c3a9 7288 424a 326c 2a6e 2a8e 2a8e 2a8e 2a6d 324d 324d 324d 2a6d 2a6d 2a4d 322c 1106 0042 0841 28e3 3923 4963 4963 4963 4164 2081 1821 28e3 2903 2903 28a1 4143 4943 4963 4964 1861 0800 0821 0021 0042 0022 
0021 0022 0042 0022 0022 0022 0023 0023 0002 0002 0023 0023 0023 0023 0023 0043 0022 0042 0042 0021 18a3 20c3 0022 0042 0002 0022 0022 0022 0022 0022 0023 0023 0022 0022 0042 0042 0022 0023 0023 0023 0022 0022 0022 0002 0002 0822 0022 0822 0021 0841 18a1 3122 4963 4963 4962 4963 4143 28c2 1841 2082 30e3 30e3 30e3 1861 1881 1881 20a1 20a2 2081 2082 1861 1020 1840 3103 4164 4144 4164 4164 4185 3103 2902 2123 2124 0861 0821 3965 49a5 4123 3123 28e3 0821 0801 0802 0822 0822 0822 0021 0021 0041 0042 0042 0022 0043 0043 0022 0022 0042 0042 0022 0022 0042 0042 0021 0041 0042 0041 1882 3145 18c3 0841 0021 0022 0042 0842 3145 28e4 0842 0042 0042 0042 0062 0042 0042 0842 0821 3125 2904 0821 0842 0043 0043 0043 0843 0043 0042 0042 0042 0043 0043 0043 0043 0043 0022 0022 0043 0042 0043 0043 0843 0843 0042 0042 0062 0042 0042 0042 0042 0042 0022 0022 0842 0842 0842 0842 0842 0842 0042 0041 0062 0062 0042 0042 0042 0863 0042 0022 0042 0042 0042 0042 0042 10a4 08e4 0905 326c 328d 328d 328e 2a8e 2a8e 226e 2a8e 2a8e 2a8e 2a8e 3a8d 422a 836c a409 bc68 c467 c466 c446 c467 c467 bc68 b48b 62a6 5247 8bcd b46d b40a 7243 bc4b bc07 bc28 b44b 5a05 4a28 4a8b 4a6b 5249 82a7 cc29 f508 fd48 cba6 aa42 ebe6 f445 f423 f423 f443 f445 ec26 dbc6 bb24 d3c7 e447 ec26 f446 f405 f3c3 fbe3 fbe3 fbe2 f3e2 f3e2 f402 f402 f3e2 fbe3 fbe3 fbe2 f3e2 f3e2 fbe3 f3c4 ebc6 c368 92e9 832b 5a47 7ae9 a369 b348 b348 b328 ab48 932a 5229 424b 326c 326d 326d 324d 326e 326e 2a4c 226c 226d 2a8d 2a6d 2a4d 2a4c 2a0b 1906 0842 0821 1882 28c2 4143 5163 5164 3943 1881 0840 0021 0820 20a2 59e6 4963 4943 4964 20a2 1062 1083 10a4 10a4 10c5 
0022 0022 0022 0022 0022 0022 0022 0022 0022 0043 0023 0023 0023 0043 0043 0043 0022 0022 0022 0021 20e3 2925 0022 0022 0022 0022 0022 0022 0022 0022 0022 0022 0022 0022 0022 0022 0022 0022 0022 0022 0022 0022 0022 0022 0022 0022 0022 0022 0042 0022 0021 18a3 28e3 3924 4164 28c2 20a3 0821 1041 20c3 28a2 30c3 28c2 3103 4164 4164 3944 2903 2904 28e4 1082 0820 3144 4185 28c2 28c2 28e3 20c3 20e4 0821 0822 0822 0022 0822 0841 20e4 2104 0821 0841 0821 0022 0042 0042 0022 0022 0023 0023 0043 0023 0023 0043 0023 0022 0042 0042 0042 0042 0042 0042 0042 0022 0042 0042 0042 0042 0042 0021 0022 0842 0022 0042 0022 0042 0042 0042 0042 0042 0042 0042 0022 0022 0042 0042 0042 0022 0042 0042 0042 0042 0043 0043 0043 0043 0043 0043 0043 0043 0043 0043 0043 0043 0043 0042 0042 0042 0042 0043 0042 0843 0043 0043 0043 0043 0043 0043 0042 0043 0043 0042 0043 0042 0042 0042 0042 0042 0042 0063 0042 0063 0043 0042 0043 0043 0043 0042 0042 0043 08a5 2167 1968 1968 29ea 328d 326d 2a8d 2a8e 2aae 2a8e 2a8e 2a8e 228e 2aae 2aae 2a8e 2a8e 328d 3a8d 4a6b 5247 6266 5a45 6245 6266 5a46 5a25 5a26 4a27 4248 3a4a 3a4a 4228 4a28 4a48 4a08 5227 5227 4a08 4a29 4209 4a29 5207 7246 b326 dbc5 ec65 fcc6 dbc4 bac1 e3a4 f3c4 f3c3 f3c3 f3c3 f3c3 f3c3 f3e4 eba3 ebc4 f404 f404 f3e3 f403 f443 fc63 f483 f483 f463 f442 f462 f482 f482 f482 f4a2 f482 fc83 fc63 fc63 f444 e425 cba6 92a5 8287 82a7 82c8 8ac8 82a7 7a67 7a88 7288 7289 7289 6a89 6a8a 6a8a 6a8a 6a8a 628a 628a 628a 626a 628a 626a 628a 628a 626a 626a 626a 49a6 1041 0841 0841 20a2 3923 4964 4984 4164 20a2 1021 0820 20a2 4984 4983 4963 4983 4184 3986 31e8 320a 320b 320b 
0023 0023 0022 0022 0022 0022 0022 0022 0042 0022 0022 0043 0022 0022 0042 0022 0022 0023 0022 0842 20c3 3144 0841 0022 0042 0022 0022 0022 0022 0022 0022 0022 0022 0022 0022 0022 0023 0023 0022 0022 0022 0022 0022 0022 0022 0022 0023 0023 0022 0022 0022 0022 0821 1082 2924 0821 0021 0841 3166 3145 2903 3103 2903 30e2 30e2 28e3 20c2 0821 0821 0022 0022 0021 18c3 20e4 0841 0821 0021 0822 0022 0022 0043 0023 0043 0042 0042 0042 0042 0042 0042 0042 0042 0042 0042 0042 0022 0822 0042 0022 0042 0042 0042 0042 0042 0023 0023 0023 0043 0043 0042 0042 0042 0022 0022 0022 0023 0022 0023 0043 0023 0023 0023 0043 0023 0023 0023 0043 0022 0043 0043 0043 0023 0043 0043 0043 0043 0023 0023 0043 08c5 2168 2188 2188 2188 2188 2188 2188 2188 2188 2168 2168 1968 1968 2188 2168 2188 2188 2188 2988 0884 0043 0043 0042 0042 0042 0042 0042 0042 0042 0062 0063 2147 2168 2188 2168 2188 2188 2188 1968 2188 2188 21a9 21c9 21a9 21a9 2189 2189 2189 21ca 3a6c 326c 326d 2a6d 2a6d 2a8d 228d 2a8e 2a6e 2a6e 228e 2a8e 2a6e 2a6e 2a6d 2a6d 326d 3a6c 4229 7b4b a3e9 cccc b408 abe8 abe8 b408 abe8 a3e9 9c0c 5a68 3a29 4229 83ad 838c 5227 62a9 93ab 938a 72a8 6a68 8b6b 9329 8245 c3c9 e3e7 eba4 f3c3 f3a3 f3c4 f3c4 f3c4 f3a3 fba3 fba3 f3a3 f3a3 f382 f3a3 f3a3 f3c3 f3c3 f3c3 f3c2 f3e2 f422 fca4 fcc2 fd03 fd23 fd22 fd42 fda4 fdc4 fde4 fde4 fda4 fd43 f4c2 fca3 fca3 f4a5 f487 cb85 cb87 d3c8 d3c9 d3a9 d3a9 bb07 bb07 b308 bb28 bb28 bb28 bb28 bb28 bb28 bb29 bb29 bb09 bb28 bb29 bb09 bb29 bb28 bb28 b328 b329 ab29 92e9 4985 0800 0821 0821 1040 3944 4984 4984 4985 3903 30e3 3944 4964 4963 4983 4983 4984 41a5 3a08 324b 2a6c 2a6d 
0022 0022 0042 0022 0022 0022 0022 0022 0022 0022 0022 0022 0022 0022 0042 0022 0022 0022 0022 0821 20c3 41a6 18a2 0021 0022 0022 0022 0022 0022 0022 0022 0023 0023 0023 0023 0023 0023 0023 0023 0023 0023 0023 0022 0022 0022 0022 0022 0022 0022 0022 0022 0023 0022 0022 0022 0022 0022 0822 1082 0841 0821 0022 0002 0002 0801 0822 0022 0022 0022 0022 0022 0022 0042 0042 0022 0042 0042 0022 0022 0043 0043 0023 0022 0022 0022 0043 0022 0042 0842 0842 0042 0043 0043 0043 0042 0022 0042 0042 0022 0042 0022 0042 0022 0043 1926 29a9 29a9 2989 2989 2989 2189 2189 29a9 2189 2189 2189 2188 2188 2188 2168 2188 2188 2168 2188 21a8 2188 21a8 21a8 21a8 21a8 21a8 2188 21a9 21a9 2188 2188 21a8 29a9 2189 1947 1927 1927 1927 1927 1927 1927 1927 1927 1927 1907 1907 1907 1907 1907 1906 1906 1906 1926 0884 0043 0043 0043 0042 0042 0042 0042 0843 0042 0042 0043 2127 2188 326c 326d 326d 2a6d 2a6d 2a6d 326d 328d 2a8d 2a8e 2a6d 2a6d 2a6d 2a8e 2a6d 2a6e 2a8e 2a8e 2a6e 2a8e 2a8e 2a8f 2a8e 2a8e 2a8e 2a8e 2aae 2a8e 2a8e 328e 328e 3a8d 3a4b 5269 82c6 d489 e4a6 f505 f524 f504 f504 f504 f504 ed06 ddab 72e4 4a46 5246 bcab cc89 a324 b386 e4a9 e4c9 9b05 a326 e4ca c385 aa61 dbc6 ebe5 f3e3 f403 fc03 fbe3 fbe2 f402 f402 fc03 f3e2 f3e2 f3e2 f3e2 f3e2 f3e2 f3e2 f3e2 f3e2 f402 f402 f422 ec42 ec81 fd03 f503 f523 f522 f543 fd63 f563 f563 fd43 f523 f4c3 fcc4 fca4 fca4 fcc5 ec65 e445 ec25 ec26 ec26 e406 dba6 dba6 dba7 cb46 c2e5 c2c6 c2e6 c2e6 bae6 c2e6 c2e6 c2e7 c2e6 c307 c2e6 c2e6 c2e7 c2e7 c2e7 bae7 bb08 ab09 61e6 28e3 1062 0021 0021 1082 28e3 28c3 28e3 28e3 20e3 28e3 28c3 30e3 28e2 28e3 28e2 20c3 2125 3a6b 2a6d 2a6e 
0023 0023 0043 0023 0022 0022 0043 0022 0022 0022 0023 0022 0023 0022 0023 0023 0022 0022 0022 0001 1041 4185 3965 0841 0022 0022 0022 0022 0022 0022 0022 0022 0022 0022 0022 0022 0022 0022 0022 0022 0022 0022 0022 0022 0022 0022 0022 0022 0022 0022 0022 0022 0022 0022 0022 0022 0022 0022 0022 0022 0022 0022 0022 0022 0022 0022 0022 0022 0022 0022 0022 0022 0022 0022 0022 0022 0022 0022 0022 0022 0022 0022 0022 0022 0042 0022 0042 0022 0043 0043 0064 29a9 29ca 29ea 1106 0063 0043 0043 0043 0043 0044 0043 0043 0044 08a5 10e7 10e7 10e7 10e7 08e6 10e6 08c6 10c6 10e7 10e6 10e6 08e7 10e7 1128 29ca 1928 10e7 10e7 08e6 10e6 10e6 10e6 10e6 1106 1107 1106 1106 10e7 10e7 10e7 1107 10e6 10e6 08a5 0023 0043 0043 0043 0043 0043 0023 0023 0023 0023 0043 0043 0043 0043 0043 0043 0043 0043 0043 0043 0043 0043 0044 0043 0043 0043 0044 0043 0063 0063 0063 0064 00c6 326c 2a8d 2a8e 2a8e 2a8e 2a8e 3b10 3aef 2a6e 2a6e 2a8e 2a6e 2a8e 2a8e 2a8e 2a8e 2a8e 2a6e 2a6e 2a6e 2a6e 2a6e 2a6e 2a8e 2a8e 2a8e 2a8d 2a6c 324b 3a4a 3a2a 4229 4a06 b44d dcaa ec86 ecc4 fd64 fd63 f562 f561 f562 f562 ed84 e5ca 7b03 4a04 5a65 d549 ed47 d423 ecc6 ed07 cc24 ab63 e4a8 ec86 c300 cb41 ec04 f423 f402 f402 f402 f402 fc83 fcc4 f4c4 f503 f4e3 f503 f4e3 f4e2 f4e2 f4e2 f4c2 e461 ecc2 f523 f522 f542 f522 f542 f542 fd42 fd42 f542 f542 f523 f523 f503 f523 fd23 fd24 f524 f504 f504 f504 fd05 fce5 f4c5 f4c6 f4c6 f4a6 f487 ec26 ec27 e3c7 d366 d367 d367 dba8 d388 c2e6 c2e6 c2e6 c2e6 c2e6 db88 d327 cae5 cae6 c2e5 c306 b307 71c4 30a1 1862 0842 0022 0022 0022 0042 0022 0022 0022 0822 0822 0822 0022 0822 0822 0822 0842 0043 1107 326d 2a6d 
0043 0043 0043 0043 0043 0043 0043 0043 0043 0043 0043 0043 0043 0043 0043 0022 0022 0022 0022 0021 1041 4165 3965 1020 0021 0022 0022 0022 0022 0022 0022 0022 0022 0022 0022 0022 0022 0022 0022 0022 0022 0022 0022 0022 0022 0022 0022 0022 0022 0022 0022 0042 0042 0022 0023 0022 0022 0022 0022 0022 0022 0022 0022 0022 0022 0022 0022 0022 0022 0022 0022 0022 0022 0022 0022 0022 0022 0023 0043 0043 0043 0043 0042 0043 0043 0884 29c9 29ea 29ea 29ea 2a0b 324c 326c 326d 2a4b 2a2b 320b 2a0b 29eb 21eb 2a0b 220b 220b 21eb 220c 220c 220b 220b 21eb 21eb 21eb 21eb 220b 21eb 21eb 21eb 21eb 21eb 220c 2a4d 2a2c 21eb 21eb 21eb 21eb 21eb 21eb 21eb 220b 220b 21eb 21eb 220b 220b 220b 220b 21eb 220b 21eb 21eb 2a0b 21eb 21eb 21eb 21ea 21ea 21eb 21eb 21eb 21eb 220b 220b 2a0b 2a0b 29eb 2a0b 2a0b 2a0b 29eb 2a0b 2a0b 2a0b 2a0b 2a0b 2a0b 2a0b 2a0b 2a0b 2a0b 2a0b 220b 2a2c 2a8d 2a8e 2a8e 2a8e 2a8d 2a8d 32ae 328e 328e 328e 328e 2a6e 2a6e 2a6e 2a8e 2a8e 2a8d 2a6d 2a8e 2a6e 2a8e 2a8e 2a8e 2a8e 2a8d 328d 326c 52cc 9450 9c0e a40c abeb b40a b385 dc86 e4c4 eda5 fe86 fec6 fec5 f6e4 fee4 ff04 f6e7 ef0c 7b82 5241 c5ac ee48 f624 f5c3 f5e5 f628 c483 aba1 ed68 f525 f4c3 f4c3 fce3 fce3 fce3 fce3 fce3 fcc3 f4a3 f4e3 f4e3 f502 f542 ed42 ed82 fea5 fec5 ff05 fee5 f6a4 fee5 ff25 ff24 ff24 fee4 fec4 f643 f602 fde3 fde3 f542 ece2 fd23 fd44 fd44 fd23 f4c3 f4a3 f4a4 f4a4 f4a5 f485 ec85 f466 ec66 ec86 ec45 ec46 ec26 ec27 ec27 e427 e427 e427 e427 ec27 e3e7 e3e8 e3e8 e3e8 e3e7 ec08 e3e7 e3e7 e3e7 e3e7 dbe8 b347 8245 2040 0841 0022 0022 0022 0042 0042 0022 0022 0022 0042 0022 0042 0022 0022 0022 0042 0042 0043 00a4 326c 2a6d 
3a0a 31ea 31ea 320a 2a0b 29eb 2a0b 2a0b 21eb 2a0b 220b 2a0b 29ea 2189 0084 0044 0043 0043 0022 0022 0821 3986 3965 0821 0822 0022 0022 0022 0022 0022 0022 0022 0022 0022 0022 0022 0022 0022 0022 0022 0022 0022 0022 0022 0022 0022 0022 0022 0022 0022 0022 0022 0042 0022 0022 0022 0022 0022 0022 0042 0022 0022 0022 0022 0022 0022 0022 0022 0022 0022 0042 0022 0063 0063 0063 0044 0064 10e6 29ea 29eb 2a0b 2a0b 2a0b 2a0b 2a0b 2a0b 324d 324c 21a9 1107 10e7 10e7 08e7 1107 10e7 08e7 1107 0927 2a4c 2a8d 2a8e 2aae 2a8e 2a8e 2a8e 2a8e 2a8e 2a8e 2a8e 2a8e 2a8e 2a8e 2a8e 2a8e 2a8e 2a8e 2a8e 228e 2a8e 2a8e 2a8e 2a8e 2a8e 2a8e 2a8e 2a8e 2a8e 2a8e 2a8e 2a8e 2a8e 2a8e 2a8e 2a8e 2aae 2aae 2aae 2aae 2a8e 2a8e 2a6e 2a6e 2a6e 2a6e 2a6d 2a6d 2a8e 2a8e 2a8e 2a8e 2a6e 2a6e 2a6e 2a6e 2a8e 2a8e 2a8e 2a8e 328e 2a6e 2a8e 2a6d 326d 3a8d 326d 328d 328e 326e 2a6d 2a8e 2a8e 2a8e 2a8e 228e 228e 2a8e 2a8e 2a8e 2a8e 2a8d 326d 3a6c 3a6c 426c 424b 426c 3a6c 326d 2a8d 2a8e 2a8e 2a8e 2a8d 2a8e 2a8e 2a8e 2a8e 326d 328c 4a8b 730a 7aa7 82a4 b3a6 d4c8 c403 cc83 cca2 d4e2 d522 cd61 de02 ff85 ffa4 ffa4 ffa7 f78c 73a1 52a0 d66c f6e7 ee82 f662 f664 ee27 c4c3 b421 ed85 ed63 f562 ed62 ed42 ed62 f542 f542 f542 ed01 e4a1 ec81 ec80 f542 fdc3 fde2 f602 fe43 f663 f682 f683 ee82 f6e4 ff85 ffa5 ffa5 ff86 ff25 ee02 f5e2 fda2 fda3 fd63 fd23 ec82 f4c3 fcc4 fcc4 fca5 f4a5 f486 f466 ec25 ec05 ec06 ec26 ec06 ec06 ec06 e406 ec06 e406 e406 e3e6 e407 e406 e3e6 e407 e3e7 e3e6 e406 e407 e407 e406 e3e6 e406 e407 e3e6 e407 dc08 c3a9 61a4 1820 0821 0022 0023 0023 0022 0022 0042 0022 0022 0022 0043 0043 0022 0022 0042 0042 0043 0085 2a6c 2a6d 
0864 0864 08a6 0907 2a4c 224c 224d 226d 2a6d 2a6d 226d 226d 226d 2a6d 2a4c 2a2b 322c 322c 10e6 0864 0842 2966 2946 0022 0043 0043 0023 0023 0043 0043 0023 0023 0023 0023 0023 0023 0022 0022 0022 0022 0022 0022 0022 0022 0022 0022 0022 0022 0022 0023 0023 0023 0022 0022 0022 0022 0022 0022 0022 0022 0022 0022 0022 0022 0884 0884 0864 0044 0864 0064 0064 0084 320b 322c 2a2c 2a2c 2a4c 2a4d 2a6d 2a6d 2a6e 2a6e 2a6e 2a6e 2a8d 2a6d 2a6d 2a6d 2a4d 2a4c 2a4c 2a2c 2a2c 2a2c 2a2c 322c 2a2c 2a2d 2a6d 2a6e 2a6e 2a6e 2a6e 2a6e 2a8e 2a8e 2a8e 226e 2a8e 226e 228e 226e 2a8e 2a6e 226e 2a8e 228e 228e 228e 2a8e 2a8e 2a6e 2a8e 226e 226e 2a8e 228e 228e 2a8e 2a6f 2a6e 2a6e 2a8e 226e 226e 228e 228e 228e 226d 228e 2a6d 2a6d 2a6d 2a6e 2a4e 324e 2a6e 2a4e 2a6e 2a6e 2a6e 226d 2a8e 2a8e 2a8e 2a8e 2a8e 2a8e 2a8e 2a8e 2a8e 326d 4aee 8453 634f 52ee 5b71 326d 2a8d 2a8d 2a8e 2a8e 228e 228e 2a8e 2a8d 328d 326d 326d 326d 3a6b 6b6f 732d 93cf 9c0f 9c30 7bd0 3a2b 326d 2a8e 2a8e 2a6d 2a8e 2a8e 2a6e 2a6d 328d 3a6c 3a6b 5269 72a7 abc8 dd28 e545 e5c4 fea6 fec5 f6e5 fee5 ff05 f705 ff44 ffa4 ffa3 ffa3 ffa6 f7ac 7be1 52c0 deed f788 ff85 ff84 ff68 cde7 acc4 f708 ff26 ff24 ff24 ff24 ff24 ff24 ff24 ff04 ff04 fee5 f684 ede2 eda2 f5e2 f5e2 f5c1 f5e2 f5e2 f5c2 f5e2 f602 f602 f602 f622 ee02 ee22 ee22 f602 f5a1 fd82 fd82 fd62 fd63 fd43 fd44 f4c4 e423 e423 ec24 e404 e404 e3e4 e3e4 ec26 ec26 ec26 f427 ec27 ec27 ec07 ec07 ec06 e406 ec07 ec27 e407 e407 e406 e406 e407 e407 e407 ec07 ec27 ec07 e406 e406 e406 e406 e407 dc09 ab48 5984 1020 0822 0022 0022 0043 0823 0023 0023 0022 0022 0022 0022 0043 0043 0043 0043 0023 0084 2a2c 2a6d 
0022 0042 31e9 320a 2a2b 2a0c 2a2c 2a2c 2a0c 2a0c 2a2c 2a2c 2a2c 324d 2a6d 2a6d 224c 224c 224b 2a4b 2a2b 322b 322b 320b 29eb 29eb 2a0b 29eb 29eb 29eb 29eb 2a0b 29ea 0906 00a4 00a5 0084 0884 0085 0085 0064 0064 0884 0864 0864 0864 0864 0884 0063 0063 0083 0084 0084 0064 0884 0884 0043 0043 0864 0864 0864 0864 0865 08c6 322b 324c 2a4c 324c 2a4c 322c 324d 2a4d 2a4d 2a6d 2a6d 2a6e 2a6e 2a8e 2a6e 2a8e 226d 228d 228d 228d 2a6d 2a6c 32ad 328c 2a6d 2a6e 2a6e 2a6e 2a6e 2a6e 2a6e 2a8e 226d 228d 22ae 228e 2a8e 2a6e 2a6e 2a8e 226e 226e 226e 226e 226e 2a6e 2a6e 2a8e 228e 228e 228e 228e 2a6e 2a6e 2a8e 2a8e 226e 226e 226e 2a8e 2a8e 2a8e 2a8e 2a8e 228e 228d 228e 228e 2a8e 2a8e 2a8e 2a8e 226e 2a6e 2a6d 326d 428d 4a8c 4a8c 4a8c 426b 428b 3a8c 326c 2a6e 2a6e 328e 326e 2a6e 2a6e 2a8e 2a8e 2a8e 2a8e 328f 2a8e 228d 2a6c 4aed 7432 5b4f 3a6d 3aae 328e 226d 2a8e 2aae 2a8e 2a8e 2a6e 328d 42ac 632d 630b 4a6a 4a6a 526b 524b 4a4a 62cc 5a8b 5acc 52cd 3a4c 326d 326e 328e 328e 2a6c 2a8c 328c 3a8b 5aca 6288 6a86 a3a8 e509 ed06 ed43 fe04 fea4 ff25 ff44 ff64 ff43 ff63 ff83 ffa3 ffa3 ffa3 ffa3 ffa6 f78c 73a0 5280 deed f7a8 ffc5 ffc6 ffc9 bdc7 9cc2 f7a7 ffc4 ffa4 ffa3 ffc4 ffc4 ffa3 ffa3 ffa4 ffa4 ff84 ff64 ff24 ff24 ff03 f723 ff23 ff04 ee22 f622 f5e2 f602 f622 ee22 f642 f642 f642 f622 f622 f622 ee01 f601 f602 f5e2 f5a2 fd83 fd23 f4e4 f4c4 f4c4 f4c4 f4c5 f4a5 f485 ec45 ec45 e424 e424 e425 ec26 ec26 ec06 e406 e406 e3e6 e3e6 e406 e406 e406 e406 e407 e407 e406 dc06 e426 e426 e406 e406 e427 e427 dbe6 dbe7 cb88 9a86 40e3 1001 0822 0042 0042 0042 0042 0042 0022 0042 0843 0843 0022 0022 0022 0023 0023 0044 08c6 324c 
0885 0885 08a5 08a6 08c5 08c6 08a5 08c6 08c6 08a6 08a6 08c6 08e7 2a0b 2a2b 0928 1169 2a4d 2a4d 2a6d 2a4d 2a6d 2a6d 2a6d 2a6d 2a4d 2a4d 2a4d 2a6d 2a6d 2a6d 2a6d 2a4c 324d 324d 324d 324d 324d 324d 326c 322c 29ea 29ea 29ca 29ea 29ea 29ea 29ea 29ea 29ea 320a 320b 320b 320b 320b 320a 320a 320a 29ea 324c 326d 324d 326d 2a6d 2a8e 2a8e 2a8e 2a8e 2a8e 2a8e 2a8e 2a8e 2a8e 2a8e 228e 228e 2a8e 2a8e 228e 228e 2aad 2a8d 2a8d 21ea 42cd 530e b61a 7c74 3a6c 2a4d 2a4d 2a6d 2a6e 2a8e 228e 226e 228e 228e 228e 228e 228e 2a8e 228e 228e 228e 228e 228e 228e 228e 228e 2a8e 2a8e 226e 228e 226e 2a8e 2a6e 2a6e 228e 228e 2a8e 2a8e 2a8e 2a8e 2a8e 2a8e 228e 228e 2a8e 226e 226e 2a8e 226e 2a8e 2a8e 2a6e 2a8e 2a6d 326d 428d 8c11 9410 9410 9c10 93cf 8bcf 83ef 4229 3a4c 324c 426c 426c 428d 3a6d 326d 2a6e 2a6d 2a6d 2a8e 2a8e 2a8e 2a8d 2a6d 326d 326d 2a6d 2a6e 226e 2a6e 2a6e 2a8e 2a8e 2a6d 328d 4a8b 7b4c bc4e bc2d a3ee 9bce 93ae 834e 4a4a 4a6b 4a6a 524a 4a6a 4a6b 426c 3a6c 2a6c 326c 4acc 52eb 62ea 7b28 d56e dd2b e529 f527 fd25 f523 f542 fe04 fe84 f662 f662 f662 f662 f662 f6a2 ff23 ff43 ff43 ff23 f726 f74c 7b80 5280 deec ffc8 ffc6 ffa8 ef29 ad25 bd86 ffa7 ffc4 ffc4 ffc4 ffc3 ffc3 ffc3 ffa3 ffa3 ffa3 ffa3 ffa3 ff83 ffa4 ffa4 ffa4 ff84 ff64 ee81 ee82 ee61 f6a2 ff44 ff84 ff84 ff84 ff84 ff84 ff84 ff84 ff84 ff64 ff45 fec4 f5c2 fda3 f562 f543 fd44 fd23 fd24 fd24 fd24 fd24 fd04 fd05 f4c4 ec85 f486 ec46 ec25 ec06 e406 e406 e406 e406 e407 e406 e406 e406 e406 e406 e406 e406 e406 e406 e406 e407 e4aa ed0c ed0c eccb dc29 bb47 8287 30a2 0800 0042 0022 0042 0022 0022 0042 0042 0022 0042 0022 0022 0043 0022 0022 0043 0084 29ea 
29ca 29ca 29ca 29ca 29ca 29ca 29ca 29ca 29ca 29ca 29ca 29eb 29ea 2a0b 2a0b 29eb 29eb 29eb 2a0b 2a0b 2a0b 2a0b 2a0b 2a0b 2a0b 29eb 29eb 2a0c 2a0b 2a0b 2a0c 2a0b 2a0b 2a2b 2a2b 2a0b 2a0b 2a0b 2a0b 2a0b 29c9 0064 0064 10e6 10e6 08e7 1107 1107 10e7 10e7 08e7 10e7 0907 0907 10e7 08e7 0907 0907 0907 2a2c 2a8e 2a6e 2a8e 2a8e 228e 228e 228e 228e 228e 228e 228e 226d 226e 226e 226e 226e 226e 226e 226d 226d 226d 2a6d 2a4c 21a9 638f 9cf4 18c3 8411 5b0d 3a09 10e6 320b 326d 2a6e 2a6e 2a6e 2a6d 2a6d 2a6d 2a6d 2a6d 2a6e 226e 226e 226e 226e 226e 226e 226e 226e 226e 226e 228e 228e 228e 226e 226e 226e 2a6e 2a6e 2a8e 226e 2a8e 226e 2a6e 2a6e 228e 228e 2a8e 2a8e 2a8e 2a8e 2a6e 2a6e 2a8e 2a6e 4330 2a8e 2a6d 324d 3a4c 424b 424a 4a4a 4a09 5228 7b0b 7b2c 4a09 62ab 9bf0 8b8f 7bb0 5aee 326d 2a8e 2a8e 2a8e 2a8e 328e 2a8e 2a8e 2a6e 2a6e 2a8e 2a8e 2a8e 2a8e 2aae 2a8e 2a8e 2a8d 328d 42ad 8431 8bcf 9bce 93ce 6aec 526a 62ab 7b6e 4a29 7b8f 8bae 8b8c 8b8d 8b8d 83ae 5acc 3a4b 3a6a 8c4f bd31 c52f cd0c e4ea ece8 f4e6 fce5 fce4 fd03 f502 f522 f542 f542 f542 f542 fd42 f561 f581 fdc2 fde2 f5e2 f5e2 ede4 eeab 7b61 5240 decc ff88 ffa6 ff88 de86 a4c1 ffaa ffa6 ffc3 ffc3 ffa3 ffc4 ff63 ff43 ff43 ff43 ff43 ff44 ff44 ff44 ff43 ff44 ff44 ff44 ff44 ff24 ff04 ff24 ff24 ff44 f744 ff64 ff64 ff64 ff44 ff64 ff44 ff44 ff24 ff25 f6a4 ede2 f5c2 f5a3 f563 f523 f503 fd04 fd04 fd04 fd04 fd04 fd05 fd05 fd06 fd07 f486 e426 ec26 ec27 ec27 ec27 ec27 ec27 ec27 ec06 ec06 ec27 ec27 ec27 ec27 ec27 ec27 ec07 e408 bb46 d42b b347 dc4b dbe8 dbe8 bb89 71c4 28a2 20a4 18a4 0022 0042 0042 0022 0023 0023 0023 0023 0023 0043 0043 0042 0043 08c5 08c5 
1107 1107 1107 1107 1107 1107 1107 1107 08c6 10e7 08e7 08e7 08e7 10e7 08e7 08e7 08e7 08e6 08e6 10e6 08a5 0064 0044 0044 0044 0084 10e6 10e6 08e6 10e7 08e6 08e6 10e6 08c6 08c6 08c6 08c6 08a6 08c5 08c5 08c5 08c6 0907 324c 326c 328d 2a6d 2a6d 2a8d 2a8d 2a6d 2a6d 2a6d 2a6d 2a6d 2a6d 2a6d 2a6d 2a6d 226d 226d 228e 228e 228e 228e 228e 2a8e 226e 2a8e 2a8e 228e 228e 2a8e 228e 228e 228e 228e 2a8e 2a8e 2a8e 2a6e 2a8e 326d 21aa 1105 2146 1082 7bcf 83ef 62cb 18c4 6b70 324c 324d 324d 326d 4acd 5b2f 530e 4b0e 324c 2a8e 2a8e 2aae 22ae 2a8e 2a8e 2a8e 228e 228e 2a8e 2a8e 2a8e 2a8e 2aae 228e 228e 2aae 228e 226e 2a6e 2a6d 2a6d 2a6d 2a8d 328d 2a8e 2a8e 2a8e 2a6e 2a8e 2a8e 2a8e 2a8e 2a8e 2a6e 3b10 2a8e 2a8e 2a8e 2a6d 326d 426c 526b 628a 7aeb 82ea a3ad 7b0b 6aaa 838e 5aab 3a4b 3a6c 326c 326d 2a8e 2aae 2a8e 2a8d 2aae 2a8d 2a8d 2a8e 2a8e 2a8e 2a6e 2a6e 2a8e 2a8e 2a6e 2a6e 2a6d 2a6c 326c 3a4b 3a4b 424b 3a6c 3a8c 3a6b 3a6b 426b 528b 6aca 72a9 72a9 72a9 6a89 6aa9 628a 62aa 72a8 7ac8 8ae7 92a5 b325 d3a5 dbe3 fcc5 f4e3 fce3 fce2 fce2 fce2 f4e2 fce2 fce2 fce1 fd02 f501 f501 f4e1 f501 f501 e503 f64c 7b41 5260 d62b eea6 ee62 eea4 ff67 ffa7 ffc6 ffa5 ffc4 ffc4 ffa4 ff84 eec1 e661 e662 e642 e642 e642 e642 e641 e641 e641 e621 e621 e621 e641 e661 e661 e641 e661 e661 e641 e641 e641 e641 e641 e642 e622 e622 ee42 ee22 ee02 ee03 f603 fde4 ed23 e461 ec62 ec42 ec62 ec63 ec63 e442 ec63 ec83 ec84 ec65 ec66 ec26 e3e6 e3e6 e406 e406 e3e6 e406 e406 e406 e406 e406 e406 e406 e406 e406 e406 e407 dc09 c368 a2a6 cba9 e408 e428 dc09 ab28 7289 49e8 39e9 1906 08a4 0022 0022 0043 0885 10e6 10e6 10e6 0884 0043 08a4 0084 324c 324c 
29aa 29aa 29aa 29ca 29ca 29eb 324c 21ea 1128 2189 322c 2a2c 2a2c 2a2c 2a2c 2a2c 2a2c 322c 322c 322c 21a9 1126 1106 1106 1107 1948 324c 324c 2a4c 324d 2a4c 2a4c 2a4c 324d 324c 324d 326c 2a6c 2a6c 2a6d 2a6d 2a6d 2a4d 2a6d 2a6e 2a8e 2a6e 2a6e 2a8e 2a8e 2a8e 2a8e 2a8e 2a8e 228e 228e 2a8e 2a8e 228e 2a8e 228e 228e 2aae 228e 2a8e 2aae 2a8f 228e 2a8e 2a6e 2a6e 2a8e 228e 2a8e 2a8e 2a6e 2a6d 326d 2a6c 21ea 1989 2189 2189 1906 18e4 2925 0820 83ee 8bee 7b8d 4a07 4a29 52ab 4aab 4a8b 52ab a514 ad54 ad34 9cf4 326c 326d 2a6e 2a6e 2a8e 2a8e 2a6e 2a6e 228e 228e 226e 226e 226e 226e 226e 228e 228e 228e 226d 326d 52cd 62ed 5aed 5aed 630d 6b6f 426c 42ae 328e 2a8e 2a8e 2a8e 2a8e 2a6e 2a8e 2a6e 2a8e 2a8e 2a8e 2a8e 2a6d 3a4b 628a 9b8d 9b6c 8aea 8aea 8aea 830b 7b2c 5229 422a 3a2a 4a6b 5aed 52ac 3a6c 328d 328d 4330 32af 2a6e 2a6e 2a6e 2a6e 226e 2a6e 2a6e 2a6e 2a6e 2a6e 2a6e 2a8e 2a8d 2a6d 326c 52cd 6b2d 732d 732d 6b6e 426b 3a4b 52cd 6b0c 8bae 8b8d 938d 8bad 8b8d 8bad 93cd 9bcd a3ec abca d46b e468 ec86 f4a5 f4c4 fd24 fd23 fd23 fd02 fd02 fd03 fd02 fd03 fd02 fd02 fd02 fd02 fd02 fd02 fd02 ece4 e58a 7ae2 6240 d5ab ede6 eda1 eda2 ee02 fee5 ff05 ff04 ff04 ff25 ff05 ff05 fee5 fee5 fec5 fec5 fec5 fec4 fec4 fec5 fea5 fea5 fea5 f6a4 fec4 f6c4 f6e4 ff65 ff84 ff84 ff84 ff84 ff84 ff84 ff85 ff44 f6c4 f6a5 fea6 f6a5 fea5 f6a5 fea5 fe85 fe65 f5a4 f584 f584 fd84 fda4 fda4 fd64 f503 fd04 fce5 f485 f486 f466 ec46 ec27 ec27 ec47 e427 ec27 e407 ec27 ec27 ec27 ec27 ec27 ec27 dbe7 d3a7 db88 d388 cb8a b329 9a88 c3ab dbc9 e3c8 dbe9 b307 8ac9 5a29 424a 322b 31ea 10e6 08a5 0084 2188 324c 326d 29ea 08e6 08a5 3a4b 1128 326d 326d 
1928 1928 1948 1928 1149 198a 326d 1989 0064 10c6 1948 1948 1948 1968 1948 1947 1948 1948 1968 1968 1968 2169 2169 2168 2168 2188 2189 2189 1989 1989 1989 1989 1989 1989 21a9 1989 19aa 2a4c 2a6d 228e 2a6e 2a6e 2a6e 2a6e 2a8e 2a8e 226e 226e 228e 228e 2a8e 2a8e 226e 226e 228e 228e 228e 228e 226e 226e 226e 226e 228e 226e 226e 226e 228e 228e 226e 226e 228e 228e 228e 2a8e 2a6d 21eb 21ea 3a6c 636f 52cc 424a 4a4a 52ab 2966 4208 7bcf 1040 83ee 940e 9c70 a4b0 ad12 ad53 ad33 9cb2 6b4d 736c 736d 738d 634e 324b 2a6d 2a8e 2a8e 2a8e 2a8e 2a8e 2a8e 228e 228e 228e 228e 2a8e 2a8e 228e 228e 228e 2a8e 326c 4aad 83cf 838e 734d 6b6e 6b6f 5b2e 428d 42ee 326d 3a8d 4ace 3a6c 326d 326d 326d 326d 326e 2a8e 2a8e 326d 3a4b 5229 a36b c3ab bb8a 9ac7 9287 8a87 8aa8 8ac8 82c9 82ea 82ea 9b6c b44f 936c 732d 630d 3a4b 4b0f 32ce 2a8e 2a8e 2a8e 2a8e 2a8e 2a8e 2a8e 2a8e 2a8e 2a8e 2a8e 2a8e 2a8e 2a8e 326c 632e 8bef 93ee 93ef 8431 428c 328d 326d 326c 3a6b 3a6b 3a6b 3a4b 3a4b 3a4a 422a 4a2a 5208 6206 ab8a c3a7 dbe5 f465 f484 fd05 fd25 fd24 f4e3 fce3 fd03 fce3 fce3 fcc3 fce3 fce3 fce3 fce2 fd03 fce3 ece5 dd0a 82a2 6221 cd2a ed45 fd42 f542 f563 f583 f583 ed22 ed02 ed23 ed02 e502 ed63 f583 f583 f582 f582 f562 f582 f582 f582 f582 f562 f5a2 eda2 edc2 ee01 ff45 ff65 ff84 ff84 ff84 ff84 ff64 ff04 f663 eda2 ed62 f562 f562 f562 f562 f563 f543 f584 f584 f5a5 f5a5 f5a5 f5a5 f585 fd66 ecc4 f4a4 ec65 ec25 ec26 e406 e406 e406 e406 e406 e406 e3e6 e406 e407 e407 e406 ec27 e406 dbc6 c305 bac5 bac5 bac6 b2c7 a2a7 8a26 aae9 c327 cb46 d346 cb68 b329 8aca 5a6a 3a2b 2a0b 2a2c 2a0b 21ca 220c 2a6d 326d 118a 1149 29cb 21eb 198a 2a4d 2a6e 
2a6e 2a6e 2a6d 2a8e 2a8e 2a8e 2a8d 220b 1989 1969 1969 1989 1969 1969 1969 1969 1949 1969 1948 1948 1969 1949 1949 1949 1948 1968 1948 1948 1948 1948 1948 1948 1948 1948 1128 1128 1128 2a2c 2a6d 2a8e 2a8e 2a8e 2a8e 2a8e 2a8e 2a8e 2a8e 2a8e 2a8e 2a8e 2a8e 2a8e 228e 228e 228e 2a8f 2aae 2a8e 2a8e 2a8e 2aae 2a8e 2a8e 2a8e 2a8e 2a8e 2a8e 2a8e 2a8e 2a8e 2aae 2aae 228e 2a6e 326d 00a5 0043 18e5 4a4a 4a29 4a29 4a29 4a49 2945 528a 8c30 6b2c 9c70 a491 a4b2 ad12 62ca 5aca 5aca 41e8 0842 0842 0842 0042 0884 2a2b 2a6d 2a8e 2a8e 2a8e 228e 2a8e 2a8e 228e 228e 2a8e 2a8e 2a6e 2a6e 2a6e 2a6e 2a8e 326d 3a4b 736f 9431 524a 3a4c 326d 326d 2a6d 2a8d 328d 426c 6b0d ac10 8aca 72aa 628a 626a 526b 428c 3a4c 3a6c 4a4b 6a8a 92c9 c369 dbea dbe9 e3e8 e3e9 e3e9 dbe9 dbe9 dc09 dc0a d3ca b328 ab29 a34a 936d 6b0d 3a4b 2a6d 2a8e 2a8e 228e 228e 228e 228e 228e 228e 226e 226e 226d 2a6e 2a8e 2a6e 2a6d 2a8d 2a4c 324c 326b 3a6c 3a6c 3a6c 324c 326c 3a4b 3a6b 3a4b 3a4b 3a2b 3a2b 3a2b 4209 6a8b 7a8a 8268 79e4 aac6 cb66 ec27 f446 ec45 ec65 ec64 f464 fca5 f484 f4a4 f4a3 fcc3 fce4 fd03 fce3 fce2 fce3 fce3 f4e5 dd0a 82a2 6221 cd2a ed45 fd23 fd43 fd43 fd43 f503 f4c3 fcc3 f4c3 f4a3 f4c3 fd24 fd44 f4c2 f4a2 f4a3 f4c3 eca2 f4e3 fd43 fd62 fd62 fd62 fd62 f582 f5a2 f602 f623 f623 f643 f642 f643 f623 f5c3 f582 f582 fd62 fd62 fd42 fd43 fd03 f4c3 f4e4 f4c5 ec84 e445 ec45 ec45 e445 ec65 ec46 ec26 ec46 ec26 ec07 ec07 ec07 ec27 e427 e427 e407 ec27 ec27 ec07 e407 dba6 dba6 ec08 f448 dba6 cb45 e3e8 e428 e449 dc6a c3e9 a2e7 cc0b d3e8 dbc7 e3e7 dbe7 d3c8 b369 834c 422b 326c 2a8e 2a8e 32af 2a8e 2a8e 2a8e 2a8e 2a8e 2a8e 2aae 2aae 2a8e 2a8e 
2a8f 228e 228e 2a8e 2a8e 228e 2a6e 2a6e 2a8d 2a6d 2a6d 2a6e 2a6d 2a6e 2a6d 2a6e 2a6e 2a4d 324d 326d 326c 326d 2a8d 2a6d 2a8e 2a8e 2a6e 2a6e 2a8e 2a8e 2a6e 2a6e 328e 2a6e 2a6e 326e 2a4c 4b50 430f 2a6d 3aae 4b30 326d 328d 2a8d 2a6d 2a8e 2a6e 2a6e 2a6e 2a8e 2a8e 228e 228e 2a8e 2a8e 228e 228e 228e 226e 228e 228e 228e 226e 2a8e 2a8e 2a6e 2a6e 226e 2a8e 228e 226e 228e 2a8e 326c 00a5 0042 0042 0021 0021 0842 0022 0822 0002 2946 39e8 39e8 4208 4208 4a29 39e8 0842 0842 0842 0042 0043 0043 0043 0885 320b 326d 2a6d 2a4d 2a6d 2a6d 2a6d 2a6e 2a6e 2a8e 2a8e 228e 226e 2a8e 2a6e 2a6e 2a6e 2a6e 326d 424a 7b6e 9bef 5a29 3a2b 324d 2a6d 2a6e 2a6e 324d 424b 7aeb bbcb c3a9 bb89 ab08 ab28 9b29 8b6c 5a49 5229 7acb 9ae9 b308 c327 d367 db67 db67 db66 db66 db67 d367 d367 d367 d368 c308 b2e8 a2e9 8aea 5208 3a2b 3a6d 324d 326e 326e 328e 2a8e 2a8e 2a8e 2a8e 2a8e 2a8e 2a8e 2a8e 2a8e 328d 326c 324c 3a4c 3a4c 3a4b 424a 4a29 7b2c 8b4b 932b 934b 932b 932c 932b 932b 932b 932a 9b4a ab4a bb6a bb68 b307 d3c8 dbc7 ec28 ec47 f447 f446 f446 f446 f466 f465 ec65 ec65 f4a5 fca5 fcc5 fcc5 fce4 fce4 fce4 f4c6 e52b 82a3 6a01 cceb ed47 fd44 fd23 fd23 fd24 fd24 fd24 fd04 fd04 fd04 ec62 f4a3 fcc3 ec42 ec42 f442 ec42 f442 ec61 fcc2 fce3 fce2 fce2 fce2 f4e2 f4e2 f501 f521 f522 f522 f562 f502 ecc1 eca2 f4a3 f4a3 fcc3 fcc3 fcc3 fca4 f484 ec44 ec45 ec25 ec46 ec26 ec26 ec27 ec26 ec26 ec26 e426 ec26 ec27 ec26 ec07 ec27 ec27 e406 ec27 ec27 ec26 ec27 ec07 e3e7 d366 c2e4 d347 db87 db67 d306 e388 e3a7 dbc7 d3e9 bb68 9aa6 cbeb dbc8 dba7 dbc7 dba8 dba8 c36a 934c 4a2a 324c 228e 228e 226e 228e 226d 2a8e 226e 228e 228e 228e 228e 228e 228e 
228d 228d 228e 2aae 2a8e 2a8e 2a8e 2a8e 228e 228e 2a8e 2a8e 2a8e 2a8e 2a8e 2a8e 228d 2a8c 4b2e 63d0 5350 326d 2a8d 2a8e 226d 226e 228e 228e 228e 2a8e 226e 2a8e 226d 1a6c 228d 226d 2a6d 4350 430f 328d 3aae 63f2 5bb1 430e 5370 5b92 2a6e 2a8e 226d 228d 228d 2a8d 2a8e 226d 2a6e 2a8e 226e 228e 228e 228e 2a8e 2a8e 2a8f 2a8f 228e 228e 22ae 2a8e 228e 2a8e 2a8f 2a8f 226e 226e 2a6d 00a5 0043 0023 0843 0043 0022 0022 0062 0042 0042 0042 0842 0842 0022 0042 0043 0843 0023 0843 0043 2147 2187 63af 63cf 42ac 3a6c 6c13 7433 42ce 322c 5351 5351 326d 2a6e 2a6e 2a8f 2a8e 226d 228d 228d 226d 2a6d 3a4c 4a29 834c abcc 932b 626a 4a4b 3a6c 326d 326d 3a6c 4229 836b dced ecaa ec6a ec49 ec49 e44a d48d 9ae9 8aa8 92a9 aa88 c309 c2e7 cb06 c306 c306 c306 c2e6 cb06 cb06 cb07 cb07 c2e6 c2e7 c307 bb28 b32a 92ea 6acb 4a4b 528b 73d0 5b6f 326c 2a8d 2a8e 2a8e 2a8e 226e 226e 228e 2a8e 326d 42ae 7bd1 83ae 8b8d 938c 9b8a ab8a b389 cbea dbe9 dbc8 dba8 dba8 dbc8 d3c8 d3a7 d387 d3a7 e3e8 dbe7 dbe7 dbe6 e3e7 e3e7 e3c6 d345 db86 d385 dbc5 ec26 ec26 ec26 ec26 ec26 ec46 e425 e445 ec64 ec85 ec64 ec64 ec64 e466 d469 8263 6a02 c4ab e486 ec64 ec64 ec64 e463 e463 ec83 ec84 ec64 ec64 e403 f4c5 f4e5 f505 fd05 fd05 fd05 fd05 fd05 fd25 f504 f524 f523 fd24 fd04 fd04 fd24 fd24 f524 f524 fd44 fd24 f4a5 ec24 ec25 ec25 e404 e404 e424 e425 e405 ec25 ec26 ec26 e406 e406 e426 e426 e406 e406 ec26 e426 e406 dc06 e406 e406 e406 e406 e406 e406 e3e6 e3e6 e406 e407 e3e7 cb26 c2e5 cb06 c2e5 cb05 cb06 c306 cb07 c2e7 bb09 aac8 8a26 bb29 cb27 d326 d326 d327 cb27 b349 6aa9 3a6a 2a6c 228e 228e 2a8e 2a8e 2a8e 226d 226d 2a8e 2a8e 2a8e 2a8e 2a6e 2a8e 
2a6e 2a6e 2a8e 2a8e 228e 226e 2a8e 226e 2a8e 2a6e 228e 2a8e 2a6e 2a6e 2a6e 2a8e 2a8e 2a6d 4ace 6390 42ce 328d 2a8e 2a8e 2a8e 2a8e 2a8e 2a8e 2a8e 2a8e 2a8e 226e 2a8e 2a8e 228e 228e 2a8e 226e 2a6e 2a6d 2a8d 3aae 3aee 3aae 3aae 3ace 2a8e 2a8e 2a8e 2a8f 32ae 5c13 2a8e 2a8e 2a8e 2a8e 2a8e 2a8e 2a8e 2a8e 2a8d 2a6d 2a6d 2a8e 2a6e 2a6e 2a8e 2a8e 226e 226e 228e 228e 228e 2a8e 2a6d 2a0b 0084 0043 0042 0022 0042 0042 0042 0022 0042 0042 0043 0043 0043 0064 2988 1927 0085 2169 21aa 2a0b 324c 4b0f 4b0e 3a8d 326c 42ee 42ee 328c 326c 5370 534f 3a4b 3a4b 3a4b 3a4c 324c 324c 324c 3a6c 424b 526b 7b2c 82c9 bbeb d3ea cbe9 c40c 9b8c 62cc 424b 4a8c 5acd 5a4a 930b c3aa d367 d367 d367 d366 d387 c367 b2e7 aae7 b308 bae8 c308 cb07 cb07 cb07 cb07 cae6 cae6 cb07 cb07 cae7 cb07 cae7 cae7 cb07 c308 bae8 ab09 930b 830b 834c 9410 73af 3a6b 328d 2a8e 2a8e 2a8e 2a8e 2a8e 2aae 2aae 328d 42ac 62ec 72ca 82a8 9ac8 c368 cb47 cb67 cb46 d366 cb45 d345 d325 d345 d345 e3c7 e407 e407 e427 e407 ec27 e406 ec27 ec07 ec07 e3c6 e3e7 e3e6 e407 ec27 ec27 ec26 ec26 ec27 ec27 ec27 ec27 ec46 ec26 e426 ec46 ec46 e447 d469 8a83 7a22 c44a dc67 ec46 ec25 ec26 e426 e426 e425 e426 ec26 e425 e425 f486 f4a6 f4a6 f4a6 eca6 eca6 eca6 eca6 eca5 eca5 ec84 eca4 eca4 e483 e483 e4a3 e483 e4a3 eca4 eca4 ec85 ec66 ec26 ec26 ec26 ec26 ec26 ec26 ec26 ec06 ec26 ec27 ec27 ec26 ec26 ec27 ec27 e426 e426 ec47 ec47 ec27 ec27 ec27 ec27 e427 e427 e427 e427 e427 e427 e426 e406 e427 dbc7 dbe7 dbe7 dbc7 dbc7 dbc8 d3c9 c3aa a2c7 92a8 8aa9 7a27 a329 d3c9 e3e8 e3e7 e3e8 e409 c3eb 7b0b 422a 326d 2a8e 2a8e 2a6e 2a8e 2a8e 2a8e 226e 228e 228f 228e 228e 228e 2a8e 
2a8e 2a8e 228e 228e 228e 228e 228e 2a8e 2a6e 2a8e 2a8e 2a8e 2a8f 2a8f 2a8e 2aae 2aae 2a8e 32ae 328e 2a8e 2a8e 2a8e 2a8e 2a8e 2a6e 2a8e 2a8e 2a6e 2a8e 2a8e 2a6e 2a8e 2a8e 228e 228e 2a8e 2a8e 228e 228e 2a8e 2a8e 2a8e 2a6e 2a6e 2a6e 2a8e 2a6e 226e 2a6e 2a8e 3aef 226d 226d 2a8e 2a8e 226d 2a6d 2a6d 2a6d 328d 5370 6413 326d 2a6e 2a6e 2a8e 2a8e 226e 2a8e 228e 228e 228e 2a8e 2a6e 1189 1969 2168 0084 10e6 1906 0064 0043 0023 0063 08a5 08a5 1948 1948 1168 21eb 220b 222c 2a6d 2a6d 2a8e 2a8d 2a6d 2a8d 2a8e 2a8e 2a8e 2a8d 2a8d 2a6d 2a6d 324b 6b90 7bb0 838f 8bae 7b2d 6acb 7b2d 7b2d 832d 936c b3cd b38b cc0b e42a e40a dc0a cc2c 9b8c 5a29 72ab 830c 8a89 ab2a c308 cb07 cb07 cae7 cae6 d326 e408 e408 e408 e3e8 d387 cb27 cb07 cae7 cb07 cb07 cb06 cb06 cb06 cb06 cb06 cae7 cae6 cae7 cae7 c308 bb08 9ae9 7aca 5249 528b 428c 428d 326d 2a8e 2a8e 2a8e 2a8e 2a8e 2a8e 2a8e 2a8e 328d 3a6b 5aaa 9bac b38a cbca dbc9 e3c7 e3c7 e3c8 e3c7 e3c7 e3c7 e3c7 e3c7 e3c7 e407 e407 ec27 e407 e406 ec07 e406 e406 e406 e406 e406 e406 e406 e406 e406 e406 e406 e406 e406 e406 e406 e406 e407 e407 e407 e407 e407 e407 dc28 d3e7 cbe7 dc28 e427 e406 e406 e407 e407 e407 e406 e407 e406 e406 e406 e406 e426 e426 e407 e407 e406 e406 e426 e425 eca6 fd07 f526 f526 f526 f526 f526 f526 f507 eca6 e426 e426 e406 e406 e406 e406 e406 e406 e406 e406 e406 e406 e406 e406 e406 e3e6 e3e6 e3e6 e406 e406 e406 e406 e406 e3e6 e3e6 e406 e406 e406 e406 e3e6 e406 e406 e406 e406 e427 e407 e407 dc07 dc07 dc28 d429 a307 ddb3 c4f1 6207 82aa 69e7 92a9 c389 d3a8 dba7 dba7 d3a7 c3a9 934b 522a 3a6c 326e 2a6d 326d 328d 328d 2a6d 2a6d 2a6e 2a8e 2a6e 2a6e 226e 226e 
2a6e 2a6e 226e 226e 228e 2a8e 226e 226d 2a6d 326d 328d 2a6d 2a6e 2a6e 2a6e 2a6e 2a6e 2a6e 2a8e 2a8e 2a6e 2a8e 2a6e 2a6e 2a6e 2a8e 228e 228e 228e 226e 2a8e 226e 2a6e 2a6e 226e 2a8e 228e 228e 2a8e 2a8e 228e 228e 228e 2a8e 2a8e 2a8e 2a8e 2a8e 2a8e 2a8e 2a8e 2a8e 2a8e 2a8e 228e 2a8e 6c54 430f 220b 7495 42ce 5bb1 7c95 328d 2a8e 2a8e 2a8e 2a8e 2a8e 2a8e 228e 228e 2a8e 2a8e 2a8e 2a6e 2a6d 2a4d 2a2c 2a4c 2a4c 2a4c 21ea 21a9 21a9 2a0a 2a0b 2a2c 2a2c 224d 2a6d 2a8e 2a8e 2a8e 228e 2a6e 326d 326d 2a4d 2a6e 2a6e 2a6e 226e 2a6e 226e 2a6d 2a6d 3a8d 428c 4a6b 5a8a 93ce 938d 7248 6a49 6a29 6a28 7228 7a07 8226 b2e8 c307 c307 c349 a32a 8247 a32a b34a aaa7 c2e8 c2e7 cae7 cae7 c2e6 cb26 dba7 f469 f468 f468 f448 ec28 d366 cb06 cb06 cb06 cb26 cb06 cb06 cb06 cb06 cb06 cb06 cb06 cb07 c2e7 b2c7 9267 6a07 4a09 3a2b 326c 326d 2a6d 2a8e 2a8e 2a8e 228e 228e 2a8e 2a8e 2aae 2a6d 3a6c 524a 8aeb bb6b c328 e3e9 ebe8 ebe7 ebe7 ebe7 e3c7 e3c7 e3c7 e3c7 e3c7 e3e7 ec27 ec27 ec27 ec27 ec27 ec27 ec27 ec27 ec47 ec27 ec27 ec47 ec26 ec27 ec26 ec27 ec27 ec27 ec27 ec27 ec27 ec27 ec27 ec27 ec27 ec27 ec27 ec27 ec27 ec27 e427 ec27 ec27 ec27 ec27 ec27 ec27 ec27 ec27 e427 ec27 ec27 ec27 ec27 e427 e427 ec27 ec27 ec27 ec27 ec27 ec27 ec66 ec65 ec65 ec86 ec85 ec65 ec65 ec65 ec86 ec46 ec46 ec27 ec27 ec27 ec27 ec27 ec27 ec07 ec27 ec27 ec27 ec27 ec27 ec27 ec07 ec07 ec07 ec07 ec27 ec27 ec27 ec27 ec27 ec27 ec27 ec27 e427 e427 ec27 ec27 ec27 ec27 ec27 ec27 ec27 ec27 ec27 e428 dc28 f58e fe53 ee75 49e5 9430 4186 6a8b 59c8 7a8a ab6b b328 c347 d367 d367 cba9 a34b 6229 4a2b 426c 630d 4a09 5a6a 8bd0 5acc 3a4b 326d 2a8e 2a8e 228e 2a8e 2a8e 
2a8e 226e 2a6e 2a6e 228e 2a6d 326d 3a6d 3a6c 5b50 5b2e 426b 3a6c 428c 428c 426c 428c 428c 426c 426c 424b 424b 426c 426c 326d 328d 2a8e 2a8e 228e 228e 2a8e 2a8e 2a8e 2a8f 2a8e 2a6e 2a8e 228e 2a8e 2a8e 2a8e 228e 2a8e 2a8e 228e 228e 228e 228e 228e 2a8e 2a8e 226e 228e 228e 228e 228e 2a6d 2a6d 2a6d 32ae 328d 328d 328d 2a6d 2a6e 2a8e 228e 228e 228e 228e 228e 228e 2a8e 2a8e 2a8e 2a8e 226e 2a8e 2a6e 2a6e 2a6e 2a6e 2a8d 2a6d 4330 2a6d 2a6d 2a6e 2a6e 2a6e 226e 226e 226d 226d 2a6d 2a4c 6bb1 8473 3a6c 326d 2a6d 2a6e 226d 2a6d 326c 3a6c 3a6c 3a4c 326d 324c 424a 8c10 93ce 8b2b 8b0b 9b4c a32a ab09 aae9 b2e8 c308 cb07 cb07 c307 bb28 b2e8 bb08 c308 c2e7 cae7 cae7 cae7 cae6 cae6 cb46 dbc8 e3e7 e3e7 e3e7 e3e8 e408 e3e8 e408 e3e8 e3e9 e3e9 e3e9 e3e9 e3e9 e3e9 e3e9 e3e9 e3e9 e3e9 e3ea d3ca bb8a ab8b 6a69 5249 4a6a 426c 3a6c 326d 328e 2a8f 2a8e 328e 328e 328e 328d 3a4c 4a09 8b0b b32a bae7 c307 cae5 db66 ebe8 ebe8 d345 cb05 db87 db87 d305 d325 d325 dba6 ec27 ec06 e3e6 e406 ec07 e407 ec07 e407 e3e7 e407 e3e6 ec27 e406 e406 ec27 e406 e406 e406 e406 e406 e406 ec06 ec07 ec26 ec06 e406 e406 ec27 ec07 ec06 e406 e406 e406 e406 ec06 e406 ec06 e406 e406 ec27 e406 e406 e426 e426 e426 e426 e427 e426 e407 e407 e407 e406 e406 e406 e406 ec06 e406 e406 e406 e426 e406 e406 e407 e406 e407 e406 e406 ec06 ec06 e406 e406 ec06 ec06 ec06 ec06 ec06 e406 e406 ec06 ec27 ec27 e407 e406 e407 e407 e406 e406 e406 e406 e406 e3e6 e406 e406 e407 ec07 e427 e407 e407 dc27 e4ea fe51 e633 e6b7 d657 9cb1 1082 18c3 18c3 7b8e a44f ac0c c40a dc09 ec49 e44a bbca 8267 6207 938e b40e a32a 9ae8 b3cd 938d 524a 3a4c 2a6d 2a8e 2a8e 2a8d 2a6d 
2a8e 2a8e 228e 2a8e 2a8d 3a8d 8433 630e 424a 6b4e 8bf0 838e 5a8b 8c11 8c11 8bf0 8bd0 83d0 8bcf 8bcf 8bd0 8bd0 8bf0 8bf1 52ac 3a2b 3a6d 328d 2a6d 2a6e 2a6e 2a6e 2a8e 226e 226e 2a8e 226d 228e 226e 226e 228e 226e 228e 228e 228e 228e 228e 228e 228e 228e 228e 228e 228e 228e 228e 228e 228e 228e 2a8e 2aae 228e 226e 2a8e 228e 2a8e 2a8e 2a8e 2a8e 2a8e 2a8e 228e 228e 228e 228e 228e 2a8e 2aae 2aae 2a8e 2a8e 2a8e 2a8e 2a8e 2a8e 2a8e 328e 2a8e 2a8e 2a8e 2a8e 2a8e 228e 228e 2a8e 2a8e 326d 63b0 7432 328c 2a4c 226d 2a6e 2a6d 322c 6b0d a471 a471 5a69 3a4b 326c 3a4b 426c 4a4b 5229 5a29 9b4c b329 c328 c307 c306 c2e6 cb07 cae6 cae6 cae7 cae7 cb07 cae7 c2c6 cae7 cae6 cae6 cae6 cb07 cb07 cb07 cb06 cb06 cb05 cb05 cb25 cb05 cb04 cb25 cb05 cb25 cb05 cb25 cb25 cb25 cb25 cb25 cb25 cb25 cb25 cb26 c306 c307 bb28 bb6a b38b abac 936d 624a 524b 4a4c 4a4c 4a4b 4a6c 4a4b 524b 5a49 9b4b b34a bb08 c2e7 c2e7 c2e6 c306 cb06 cae6 cb06 cae6 d326 d346 d325 d325 d345 dba6 ec28 ec28 ec28 ec07 ec08 ec07 e3c7 d324 d324 cb24 d365 ec07 ec27 ec27 ec26 ec26 ec26 ec26 ec26 ec06 ec06 ec07 ec27 e406 ec26 e427 ec27 ec27 ec07 ec27 ec27 ec27 ec27 e407 ec07 ec07 ec07 ec07 e406 ec27 ec27 e407 ec27 ec27 ec27 ec27 ec27 ec27 ec27 ec26 ec07 e427 e427 e406 e406 e406 ec27 e426 e426 e427 e426 e407 e427 ec27 ec27 ec26 ec06 e406 e406 e406 e406 ec06 ec06 e406 e406 ec26 ec26 ec26 ec26 ec26 ec26 ec26 e406 e426 e407 ec27 e406 e406 e406 ec06 e406 e406 ec06 ec27 e406 e426 e426 e426 dc27 edad feb4 41a3 9450 e6fa deda 2944 18e4 0862 630c ce37 de56 bc4d bba8 dc49 dc08 d3c9 bb49 8225 bbab d3aa cb27 c327 cbaa bbec 7a68 5a4a 4a6b 4a6b 4a6b 4a6b 4a6c 
228e 228e 226e 226e 2a6d 324c 62ed 83af 62ac 62ab 7b6e 6b0d 6b0d 422a 424b 3a4c 3a4c 3a4c 3a4b 3a4b 3a4b 424b 526b 62cc 83d0 5aab 6b0d 738f 428c 328d 2a6e 2a8e 2a8e 2a8e 2a8e 2a8e 228e 228e 228e 2a8e 228e 2a8e 2a8e 2a8e 228e 2a8e 228e 228e 228e 228e 228e 2a8e 2a8e 2a8e 228e 228e 2a8f 2a8f 228e 2a8e 228e 2aae 2aae 2a8e 228e 228e 228e 228e 228e 228e 228e 228e 2a8e 2a8e 2a8e 2a8e 2a8e 2a8e 2a8e 2a6e 2a6e 2a6e 2a8e 226e 2a6e 2a6e 226e 226e 226e 226e 226e 226e 226e 226e 228e 2a6d 326c 326c 326d 328d 326d 326d 326d 426c 626a a3ce bc2e 8ac9 6a89 628a 5a6a 626a 628a 6269 7268 7a26 a2c8 bb08 c307 c307 c307 cb07 cb07 c2e7 cae7 c2e6 cae6 cb06 cb26 d326 d326 d326 d326 cb26 d346 cb26 d346 db86 ec48 ec48 ec48 ec28 ec48 f448 ec48 ec28 f448 ec48 ec48 ec28 ec29 ec28 ec48 ec29 ec09 d347 cb06 cb07 c307 c328 bb29 b34a ab4c a36d a3ae 9bae a3ae a3ae 9bae 9bae 9b8d a38c a32a b329 c328 c307 c307 cb07 cb07 cb07 cb07 cb07 cb06 cb06 cb06 e3e9 ec08 ec28 ec28 ec48 db86 cb04 d345 d345 d345 e3e7 ec07 ebe7 ebe7 ec07 ec06 ec07 ec27 ec27 ec07 ec07 e407 ec07 ec07 ec27 ec26 ec26 ec26 ec27 ec27 ec27 ec07 ec07 ec07 e406 ec27 ec27 ec27 e407 ec07 ec07 ec07 ec07 ec27 ec27 e407 e407 e406 ec07 e406 e406 ec27 ec27 ec27 ec07 ec07 ec07 ec07 ec07 ec07 ec07 e427 e406 e407 e407 e407 ec27 ec27 ec27 ec26 ec26 e406 ec27 e406 e406 ec27 ec27 ec27 ec27 ec27 ec27 e407 e407 ec07 ec07 ec06 ec07 ec27 e407 ec27 e407 ec27 e407 ec27 ec27 ec07 ec07 ec07 ec06 ec46 fcc8 fcc7 f4e8 f5cd fe93 49a4 1040 6b4c b595 bdf7 8451 0862 1083 4208 7b8d 2040 5101 c388 cb87 cb67 bb07 8a04 bb49 c327 c2e6 c2e6 cb28 c36a b38b abee a40f 9c30 9c31 9c31 9c31 
2a8e 2a8e 2a8e 2a8e 2a8e 326d 4aad 7390 7390 52cc 3a2a 5b2f 6390 3a6c 326d 2a6e 328f 2a6f 2a6e 2a6e 2a6e 2a4d 5350 5b2f 424b 736f 8baf 730d 52ab 3a6b 2a6c 2a6d 228e 228e 226e 228e 228e 228e 226e 226e 226e 226e 226e 226e 226d 226d 228e 226e 228e 228e 226e 226e 228e 228e 2a8d 228e 228e 228e 228e 2a8d 326c 3aad 3aad 326d 2a8e 2a8e 2a8e 2a8e 2a8e 2a8e 228e 228e 2aae 22ae 228e 228e 228e 228f 22ae 2a8e 2a8e 2a8e 2a8e 226e 2a8e 2a8e 2a6e 2a6e 2a6e 2a6e 2a6e 2a8e 2a8e 2a8e 2aae 326d 52ac 62ab 6a8a 6a89 6a89 6a89 6a89 7268 8a87 c3aa d3ca dbc9 d3ea d3ea d3ea d3ea dc0b dc0b d3ea dbea d3a9 cb27 cb46 cb26 d346 d347 d346 cb26 c2e5 c306 c2e5 dba8 ec09 f409 ec08 f428 ec28 ec48 ec28 ec28 ec48 ec28 ec28 ec27 ec27 ec27 f447 ec27 ec27 ec27 ec08 e3e7 cb25 cb25 cb25 cb05 cb26 cb26 cb06 cb06 c306 c2e6 c307 c308 a287 89e5 81c6 79e6 7a06 79e5 79e6 7a06 7a06 7a06 7a06 7a05 81c5 a287 bae7 c2e7 cb07 cae7 cae7 cae7 cae7 cb07 cae7 cae6 cb06 d326 db66 e3a7 dba6 e3c6 db86 db86 f428 f448 ec27 ec28 db85 db85 dba6 db86 dba6 d345 cb25 cb04 cb05 cb05 cb04 cb04 d345 ebe8 ebe7 ec07 e406 e406 e406 e406 ec06 e406 e406 e406 e406 e426 e406 e407 ec07 ec07 e407 e407 e406 e406 e406 e406 e406 e406 e406 e406 e406 e406 e406 e406 ec07 ec07 ec07 e3e7 e406 e406 e406 e406 e406 e407 e406 e406 e406 e406 e406 e406 e406 e407 e406 e406 ec06 ec06 e406 e406 e406 e406 e406 e406 e406 e406 e406 e406 ec06 ec06 ec06 ec06 ec47 e3e6 dbc6 e3c7 e3e7 e3e7 e407 ec07 ec26 ec46 ec46 e467 dcaa dd2e 8b6b 4185 1061 0841 0862 0842 0842 0842 0021 0821 1040 4101 b368 d387 d367 cb47 b2a5 cb88 d367 cb45 d326 d347 cb68 a308 6248 4a2a 3a2a 3a2a 3a2a 3a2b 
1a8d 228d 228d 228e 226e 2a6e 2a6d 326d 2a4c 2a4d 2a6d 2a4d 2a4d 2a4e 2a6e 2a6e 226d 226d 228d 228d 228e 2a6e 2a6d 326d 326d 322c 528c 7b6e 7b8f 528c 4a8c 326c 2a6d 228d 228e 228e 228e 228e 2a8e 2a8e 228e 228e 228e 228e 2aae 2a8e 2a8e 228e 228d 228d 22ae 228d 2a8e 326d 3a8d 3a8d 2a6d 228e 2a8e 326d 4a4b 838f 8bd0 526b 324c 228e 22ae 22ae 228e 2a8f 2aae 2aaf 226e 2a6e 2a8e 2a8e 2a4d 2a6d 326e 2a8e 226d 228d 22ae 228e 2a6d 2a6d 2a6e 2a6e 2a6e 226d 228e 228e 226e 226e 2a6d 3a2b 838e ac2e c40b d3ea d3ea d3e9 dc09 dc09 dbe9 dbc8 e3e7 e3c7 e3c7 e3c7 e3c7 e3e7 e3c7 e3c7 e3c7 e3c7 e3c7 ebe7 f408 f408 ec07 ebe7 ec08 e3a7 d366 db66 d366 d366 d365 db85 dba5 dba5 dba5 dba6 dba6 dba6 db85 d365 db85 db86 db85 ebe6 f447 ec27 dbc5 dbc5 dbc5 dbc6 db86 d346 d326 cb06 cae6 cae7 cb07 cae6 cb06 cb07 cb07 cb07 c327 c328 bb48 bb28 c328 c308 c328 c328 bae8 bb08 bb28 bb08 c308 cb07 cb07 cb06 c2e6 c2e5 cae5 cb06 cb06 cb06 cb06 cb06 cae6 cb06 cb05 e3a7 e3e7 e3c6 ebe7 ec07 e406 ec26 e426 e3e6 dbc5 dbc5 dbc5 e3c6 dba5 dba6 e3c6 e3c6 e3a6 e3a6 dba6 dbc5 dbc4 e426 e446 ec46 ec46 ec26 ec26 ec26 ec26 ec26 ec27 ec27 ec27 ec27 ec27 ec27 e426 e426 ec26 e426 ec27 ec27 ec47 ec27 ec27 ec27 ec27 ec27 ec27 ec27 ec27 ec27 e426 e426 ec26 ec27 ec26 ec27 ec27 ec27 ec27 ec27 ec27 ec27 ec27 ec27 ec27 ec27 e426 ec26 ec26 ec26 ec26 ec27 ec27 ec27 e406 ec07 ec07 ec27 ec27 ec27 ec26 f487 f486 f466 f486 f487 fc88 dba5 cb25 cb05 cae5 cb25 db87 db87 db86 db86 db86 d3a6 cbc7 e54e e5f3 7b2a 83ae 0841 0821 0842 0002 0002 0822 0801 2040 9b29 d44a ec49 e448 ec28 e448 ec48 ec28 ec28 ec48 ec49 e42a ab69 628a 3a4b 326c 2a4d 326d 328d 
226e 226e 2a8e 2a6e 228e 228f 228e 2a6e 2a6e 2a6e 2a8e 226e 2a6e 2a8e 2a8e 2a8e 2a8e 2a8e 2a8e 2a8e 228e 228e 2a8e 228e 2a8e 2a6d 326c 52cd 528b 736e 6b6f 4acd 328d 2a8e 2a8e 2a8e 228e 228e 228e 228e 226e 226e 226e 226e 228e 228e 228e 226e 228e 226e 228e 2a6e 2a6d 4aae 8c52 6b4f 326d 2a6e 2a6d 3a2b 7aec a38c a38c 8b4c 424b 2a8e 2a8e 2a8e 2a6d 2a6d 2a8d 2a8d 326d 324d 3a6c 4a8c 630d 6aec 6b0c 52ab 3a4b 3a4c 324c 3a4c 422c 5aef 630e 424c 326d 2a6e 2a8e 2a6e 2a6e 2a6e 2a6e 324c 5acc 7aca b369 d3a8 dba7 e3a7 e3a7 e3a7 e387 db86 e386 e3a6 e3a7 e3a6 dba6 dba6 e3c6 e3c6 e3a6 e3a6 e3a6 e3c6 e3a7 e3a6 e3c6 e3a6 e3a7 e3a6 e3a6 e3a7 e3a7 e3a6 e3a6 e3a6 e3c6 ec27 f467 f467 f468 f468 f488 f488 f488 f488 f488 fca8 fca8 fca8 fca8 fc87 f487 f488 f488 ec06 ec07 e3c6 db86 db66 db87 db87 db87 db87 db87 db86 db86 db86 db86 db87 db87 db87 db87 dba7 db87 db87 db87 db87 db87 db87 dba7 db87 db87 db87 db87 db87 db87 db87 db87 dba7 dba7 db86 db86 f428 ec28 e3e7 e3c6 e3a6 e3a6 e3c6 e3e5 fca7 f4a6 f4a6 f4a6 f4a6 f4c6 f4a5 f4c5 f4c5 f4c5 f4c6 f4c6 f4c6 f4a6 f4a5 f4c6 eca5 eca6 eca6 eca6 eca6 eca6 f4a6 e426 e406 e406 e406 e406 e406 e406 e406 e406 e406 e406 e406 e406 e406 e406 e406 e406 e406 e406 e406 e406 e406 e406 ec06 e406 e406 e406 e3e6 e406 e406 e406 e406 e406 e406 e406 e3e6 e406 e406 e406 e406 e406 e3e6 e406 e406 e406 e406 e406 e406 ec06 e406 e3e6 ec46 f446 f466 ec26 f446 f446 ec06 e3c6 db86 db87 cae5 cb06 cb06 cb06 cb06 cb05 cb06 cb05 cb06 cb06 c327 bb68 ed92 c511 9c4f 3144 2925 20c4 3987 49a6 61e5 7a44 cc09 dc28 ec27 e406 ec26 ec06 ec06 e426 e407 e407 e407 dc29 bba9 6a68 4a4a 3a4b 326c 328c 326c 
228e 228e 228e 228e 2a8e 228e 228e 228e 228e 2a8e 2a8e 2a8e 228e 228e 228e 228e 228e 228e 228e 228e 226e 226e 228e 226e 226e 226e 224d 2a6d 324c 3a6c 6390 4aed 2a6c 228d 228e 228e 228e 226e 228e 228e 226e 226e 226e 226e 228e 228e 228e 228e 228e 226e 228e 2a8e 326d 4acd 9452 6b6e 326c 228e 2a8e 3a6b 830b ab8c ab6b 932c 422a 3a6d 3a6d 530f 6b70 52ad 424b 5aed 6aec 6acb 72aa 8aea b3ac b38c abac 9b4c 830c 7b2c 7b2d 7b0c 7aca ac10 ac30 72ec 3a4c 326d 2a8e 2a6e 2a8d 2a8e 2a8e 326d 3a2c 51e8 a36a d3ca dbc8 e3c8 e3c7 e3c7 e3c7 e3e7 e3c7 e3c7 dbe7 dbe7 e3e7 e3e7 e3e7 e3e7 e3e7 e3e7 dbe7 dbc7 e3c7 e3c7 e3c7 e3c7 e3c7 e3c7 e3c7 e3c6 e3c7 e3c7 e3c7 e3c6 e3c6 f468 fc89 ec06 e3e6 e3e6 e3c6 e3e7 e3e6 e407 ec07 e3e7 e3e7 ec07 ec06 fc88 f488 f468 fc88 e3e6 ebe6 f448 f448 f448 f448 e3c6 e3c6 e3e7 ec48 ec48 ec48 ec48 ec27 ec27 ec27 ec27 ec27 ec27 ec27 ec27 e3c6 dbc6 e3c6 dba7 e3a7 e3a7 e3a7 e3a7 e3c7 e3c7 e3c6 e3c7 e3c6 e3c6 e3c6 e3c6 e3c6 f448 e3c7 d325 d325 d325 d325 d345 d384 f4a7 f4c6 f4c6 f4c5 f4c5 f4c5 f4c5 ecc5 ecc5 ecc5 ecc5 ecc5 f4e5 ecc4 ecc4 ecc4 ecc4 ecc5 ecc4 ecc5 f4c5 ecc5 f4c5 ec45 ec26 ec26 ec26 ec26 ec26 ec26 ec26 ec26 e426 ec26 ec26 ec27 ec27 ec27 ec27 e427 e427 ec27 ec27 ec26 ec27 ec27 ec27 ec27 ec27 ec27 ec27 ec27 ec27 ec27 ec27 ec27 ec27 ec27 ec27 ec27 ec27 ec27 ec27 ec27 ec27 ec27 ec27 ec27 ec27 ec06 ec27 ec27 ec27 ec26 f447 ec46 ec26 e3c5 e3e6 ec06 e3a6 d345 e3c7 e3e8 cb05 cb05 cae5 cb05 cb05 cae6 cae6 cae5 cae5 d346 e3c8 e3e8 dc09 cc0a e510 930a 830b 5a08 93ae abab c3ea cbe8 dc28 e447 e427 e427 e427 e407 ec07 e407 ec07 ec07 ec07 e3e7 cba8 ab89 8ae9 72ca 6acb 732c 6b0c 
226e 226e 226e 228e 228e 228e 226e 226e 226e 226e 228e 228e 226e 228e 226e 226e 228e 226e 228e 228e 228e 226e 226e 2a6e 226e 2a8e 228e 228e 228e 2a8e 2a6d 2a6d 2a8d 228e 228e 228e 228e 228e 228e 228e 22ae 228e 228e 228e 228e 228e 228e 228e 2a8e 2a8e 2a8e 2a8e 2a6d 328d 52ee 42ad 2a8d 2a8e 2a8d 424b 82eb ab6b b34a 9b0a 5a29 4a2a 4a2a 72ed 9bcf 726a 59e7 8b0b ab4b b32a bb29 bb08 b328 aae8 8a66 8267 8288 8268 8a68 ab6b 8aa8 8268 7a68 9bcf 422b 326d 2a6d 226d 2a6d 2a6d 2a6d 3a4c 5a6b 7249 bbab d3a9 d3a8 db87 db87 db87 dba7 dba7 dba7 dba7 dba7 dba7 dba7 dba7 dba7 dba7 dba7 dba7 dba7 dba7 dba7 dba7 dba7 dba7 e3c7 e3c7 dbc7 dba7 dba7 dba7 dba7 dba7 dba7 dba7 dba7 cb26 cb06 cb06 cb06 cb06 cb06 cb06 cb06 cb06 d306 d306 cb06 db87 db66 db86 db86 db86 db87 db86 db86 db86 db86 d345 e3e7 e3c6 ec47 ec27 ec27 ec27 ec27 ec27 ec27 ec27 ec27 ec27 ec27 ec27 d365 d345 cb25 cb25 cb24 cb24 cb24 cb24 cb24 cb24 cb25 d325 d325 d325 d345 d345 d325 db86 db66 d345 d345 db45 db45 f407 f427 ec05 ec25 ec24 ec44 ec44 ec44 ec44 ec24 ec24 e443 f4a4 f4c4 f4c4 f4c4 f4c4 f4c3 f4c3 f4c3 ecc3 ecc4 eca4 eca3 eca4 eca4 eca4 eca4 f4a5 ec85 ec85 f485 f4a5 ec85 ec85 ec86 ec45 e426 e406 e406 e407 e407 e407 e407 e407 e406 e406 e407 e407 e406 e426 e406 e406 e406 e406 ec06 ec06 ec06 ec06 ec06 ec06 e406 e406 e406 e407 e406 e406 e406 e406 e406 e406 e406 e406 ec07 ec07 ec06 ec27 ec06 ec27 ec27 ec27 ec27 ec07 ec28 dbc6 dba6 db86 dba6 db87 dba6 dba7 dba6 dba6 dba6 dba6 e3c6 ec48 ec27 ec27 ec28 dc09 c38a ab4b 7a48 a36c cbeb dc09 dc08 e427 e427 e427 e427 e427 e407 e407 e427 e407 e407 ec07 e407 e407 e408 d42a c40b 932a 7b2b 732c 
2a8e 2a8e 228e 228e 228e 228e 228e 2a8e 2a8e 2a8d 2a8e 2a8e 2a8e 2a8e 2a8e 2a8e 2a8e 2a8e 228e 228e 228e 228e 226e 228e 228d 228e 228d 228e 228e 228e 226e 226e 226e 226e 226e 226e 228e 228e 226e 226e 226e 226e 226e 226e 226e 226e 226e 226e 226e 228e 228e 228e 2a6e 328d 5b50 428e 326e 328d 3a4c 62cc 9b6c ab4a b36a ab6b 9b6c 8aeb 8ac9 9aea ab4a a2c8 92a7 ab09 bb28 c306 c2e6 cb47 d3c9 c368 ab07 ab08 ab28 ab08 aae8 bb49 ab08 a2c8 9ae8 a3ad 4a09 3a2b 322b 322b 322c 322c 3a2b 4a09 8aea b329 bae7 c2e6 c306 c2e6 c306 cae6 cae6 cae6 cb06 cb06 cae5 cae6 cae6 cae6 cb06 cae6 cae6 cb07 cae7 cae7 cb06 cb06 cb06 cb06 cb06 cb06 cb06 cb06 cb06 cb06 cb06 cb06 cb06 cb06 cb06 cb06 cb07 cb07 cb06 cb06 cb06 cb06 cb06 cb06 cb07 cb06 cae6 cb07 cae6 cae6 cb06 cb06 cb06 cb07 cb06 cb06 cb06 cb06 d346 ebe8 ec07 ec27 e407 e407 e406 e406 e406 e406 e406 e407 ec27 ec07 d365 d345 cb84 f4c8 f4e8 f4e7 ecc7 ecc7 f4c7 f4c7 f4a8 d384 d345 d325 d345 d345 d325 d345 d325 d345 d345 d344 db64 db84 dba3 dbe3 f4c5 ecc4 f4e4 ece3 ece3 ece3 ece3 ed03 ece2 f543 f563 f583 f583 f583 f582 f562 f562 f562 f563 fd43 fd43 fd43 fd44 fd44 fd44 fd45 fd45 fd45 fd25 fd45 fd46 fd46 fd26 eca5 e425 e426 e427 e427 e427 e427 e427 e427 ec27 e406 ec27 ec27 ec06 ec06 ec07 ec07 e406 e406 ec27 ec27 ec07 ec07 ec07 ec06 ec07 ec07 ec07 ec07 e407 e406 e406 ec27 ec27 ec27 e407 ec27 ec27 ec27 ec07 ec07 e406 ec07 ec07 e407 e406 ec07 ec07 ec07 e407 e407 e407 e407 e407 e407 ec07 e407 e407 ec07 ec07 ec06 ec06 e406 e405 e447 dc69 a306 71e4 a329 d40a e408 e407 e407 e407 e407 e3e6 e3e6 e406 e406 e407 e407 e407 e407 e407 e427 dc07 d3e7 bb88 9b28 5a07 4a09 
2a6e 226d 226d 2a6d 226d 2a6d 2a4d 3aae 42ad 4aad 4aad 4a8d 428d 426d 3a6c 3a6d 324c 324d 2a4d 2a4d 2a4d 2a6d 2a6d 2a8e 228e 228e 228e 228e 228e 228e 228e 228e 228e 228e 228e 228e 228e 228e 228e 228e 228f 228f 228f 228f 228f 228f 228e 228e 228e 2a8f 228e 228e 2a8e 32ae 5b70 4ace 328d 328d 424b 7b2d ab8c ab2a 8246 7a47 7a47 8227 9a88 b309 b2e7 bae7 bae7 c307 dbc9 e3e9 dbe8 e3e8 e408 ec09 e3e8 e3e9 e409 e3e8 e3e8 e3c8 dbc8 dbe9 d3ea c3aa 9b2a 934c 8b4c 8b4c 8b4c 8b4c 8b2b 9b0a b329 c308 c2e7 cae6 c2e6 cae6 cae7 cae7 cae6 cae6 cae6 cb06 cb06 cb06 cae6 cae6 cb06 cb06 cae6 cae6 cb06 cae6 cb06 cb06 cb06 cb06 cb06 cb06 cb06 cb06 cb06 cb26 cb26 d346 d346 d346 cb46 d346 d346 d346 d347 d347 d347 d347 d366 d346 d346 d347 d366 d346 d347 d347 d347 d327 d326 d326 d326 d326 d306 d306 d345 ebe7 ec27 ec27 ec27 ec27 ec27 ec27 ec27 ec27 ec27 ec27 ec27 ec27 e3e7 e3e7 e406 ec87 ec86 ec85 ec86 ec86 ec86 ec86 f487 e406 ebe7 ebe7 ebe7 ebe7 ec06 ec26 ec46 f4a6 f4c5 f4c5 f4e5 f526 f545 f564 fdc4 f5e4 fe85 fea5 fea5 fea5 fec5 fec5 fec5 fec4 fec4 fee4 fee4 fec4 fee4 fee4 fee4 fec4 f603 f5c2 f5e3 fdc3 f563 fd44 fd44 fd44 fd44 fd25 fd25 fd25 fd25 fd25 fd26 fd27 ec66 ec27 ec27 ec27 ec27 ec27 ec27 ec27 ec27 ec27 ec27 ec27 ec27 ec27 ec27 ec27 ec26 ec26 ec27 ec27 ec27 ec07 ec07 ec07 ec27 ec27 ec07 ec07 ec07 ec07 ec27 ec27 ec27 ec27 ec27 ec27 ec27 ec27 ec27 ec27 ec27 ec27 ec27 ec27 ec07 ec27 ec27 ec27 ec27 ec07 ec27 ec27 ec07 ec07 ec28 ec28 ec27 ec27 ec28 ec28 ec27 ec07 e426 fd09 f52b e4ea cc6a e4ed dc28 ec27 ec27 ec27 e427 e427 e427 e427 e427 e427 e427 e427 e427 e427 e427 e427 e427 e428 dc08 bb68 9b09 8aea 
1947 1968 1988 2189 21a9 2189 2988 424b 5aab 62cc 62ac 62cc 83af 83af 83af 83d0 7b8f 732d 734e 734e 6b2e 634f 428d 326d 2a6d 2a6d 2a6d 2a6e 2a6e 2a6e 2a6d 2a6e 2a6d 2a6d 2a6d 2a6d 226e 226e 226e 226e 226e 226e 226e 226e 226e 226e 226e 226e 2a6e 2a6e 2a6e 2a8e 2a8e 326d 3a6c 3a4c 3a6c 3a4c 424a 834d b38b bb69 a2e8 9ae8 9ae8 a2c8 b308 bb07 bae7 bae7 bae6 c307 cb26 cb26 cb26 d326 d346 cb26 d326 d346 d346 d346 cb26 cb26 cb26 cb26 c326 cb89 b3ab b3cc b3cd b3ed b3ed b3cd bbac bb8c c34a c308 c307 cb07 cae7 cb07 cb07 cb07 cb06 cb06 cb06 e3c8 ec09 ec09 ec09 ec09 ec08 ec08 ec08 ec08 ec08 ec08 ec08 ebe8 ec09 e3e8 cb26 cb26 cb25 cb25 f469 ec49 ec28 ec28 ec28 ec28 ec48 ec48 ec28 ec28 ec29 ec29 ec28 ec28 ec28 ec28 ec28 ec28 ec28 ec08 ec28 ec08 ec08 ec08 ec08 ec08 ec08 ec08 ec08 e408 ec08 ec07 e406 e406 e406 e406 e406 e406 e406 e406 e406 e406 e407 e406 ec07 ec07 ec07 ec06 ec06 ec06 ec06 ec06 ec06 ec06 ec06 ec27 ec07 ec07 ec06 ec06 ec26 f466 f4e5 fd66 fd85 fd85 f584 fe06 fe25 fe25 fe45 fe65 ff07 ff27 ff66 ff86 ff86 ff86 ffa6 ffa6 ff85 ff85 ff85 ff85 ffa5 ff85 ffa5 ff84 ff44 ff45 ff45 ff05 fe24 f582 fd64 fd44 f505 e443 e444 e444 e444 e443 e444 e444 e425 e425 e425 e426 e426 e426 e426 e426 e425 e425 e426 e425 e425 e425 e425 e425 e425 e425 e425 e406 ec06 ec07 e407 e407 e406 e406 e406 e406 e406 e406 e407 e407 e407 e407 e407 e407 e406 e407 e406 e406 e407 e407 e406 e406 e406 e407 e407 e407 e407 e407 e3e6 e406 e406 e406 e406 e406 e406 e406 e406 e406 ec07 e406 e425 ec87 e468 d3e7 a283 dc2a dc08 e407 e407 e407 e407 e407 e407 e407 e407 e407 e406 e407 e407 e3e7 e3e7 e407 e407 e407 e408 dbe8 cb88 c368 
0001 0001 0001 0001 0001 0001 0001 0001 0821 0021 0000 0820 1061 1082 1882 1882 18a2 20a3 20a3 20c3 28e4 2105 1906 1927 1127 1948 1148 1168 1969 1969 1989 198a 21aa 21aa 21aa 21cb 21eb 21eb 220b 220b 222c 2a2c 222c 2a2d 2a4d 2a4d 2a4d 2a6e 2a6e 2a8e 2a6e 326d 326c 4aad 83d0 8bd0 83f1 62ed 524a 836d b3ec cc0b cc0b cc0c cc0b cbeb d3eb d3eb cbeb bb48 c368 d3ea dc09 dc09 dbe9 dbe9 dbe9 dbe9 dbe9 dbc9 dbc9 dbe9 dbe9 dbc8 dbc8 d3c9 cbc9 bb8b 7227 6a4a 624a 624a 624a 624a 624a 7228 a2e9 c329 c308 c2e7 c2e6 c2e7 c2e7 cb07 cb27 d368 e409 ec29 ec49 ec48 ec48 ec48 ec49 f449 f449 ec49 ec49 ec49 ec48 ec48 ec49 ec49 ec29 ec49 ec69 ec68 f4ca ec69 e428 ec28 ec28 e428 ec28 e428 ec28 ec28 ec28 ec28 ec28 ec28 e428 ec28 e428 ec28 ec29 ec29 ec29 ec49 ec28 ec28 e408 ec28 ec28 ec28 e428 e428 e428 e428 e428 e407 ec08 ec08 ec28 ec28 ec27 ec27 ec27 ec27 ec27 ec27 ec28 ec27 ec27 ec47 e427 e427 ec27 ec27 ec27 ec27 ec27 ec27 ec47 ec47 ec48 ec47 f468 f487 eca6 f4c6 f4e5 f4e5 ece5 ed05 e504 ed04 e524 e524 e524 e564 e583 fea5 ff25 ff25 ff45 f745 f744 ff45 ff25 ff45 ff25 ff24 ff24 f724 f724 f724 ff45 ff05 ede3 f583 f584 fd65 fd66 f526 fd27 fd27 fd27 fd27 f527 f527 f507 f507 fd07 fd07 fd07 fd07 f527 f527 fd27 fd27 fd27 fd27 fd07 fd07 f527 f527 f507 f507 fd08 ec87 e447 ec27 ec27 ec28 ec27 ec27 ec28 ec28 ec27 ec07 ec27 ec27 ec27 ec27 ec28 ec27 ec27 ec27 ec27 ec27 ec27 ec27 ec27 ec48 ec28 ec28 ec27 ec27 e427 e427 ec27 ec27 ec27 ec27 ec28 ec27 e427 ec28 ec28 ec28 ec28 e448 f4e9 f54a ecea cc08 a2c4 dc4b dc29 e428 e407 e427 e427 e427 e427 ec27 ec27 e427 e427 e427 e427 e427 e428 ec28 e427 e428 e427 dc28 dc29 d409 
